  0
SECTION
  2
HEADER
  9
$ACADVER
  1
AC1015
  9
$ACADMAINTVER
 70
     6
  9
$DWGCODEPAGE
  3
ANSI_1251
  9
$INSBASE
 10
0.0
 20
0.0
 30
0.0
  9
$EXTMIN
 10
1.000000E+20
 20
1.000000E+20
 30
1.000000E+20
  9
$EXTMAX
 10
-1.000000E+20
 20
-1.000000E+20
 30
-1.000000E+20
  9
$LIMMIN
 10
-0.05
 20
-0.05
  9
$LIMMAX
 10
211.05
 20
138.050001
  9
$ORTHOMODE
 70
     0
  9
$REGENMODE
 70
     1
  9
$FILLMODE
 70
     1
  9
$QTEXTMODE
 70
     0
  9
$MIRRTEXT
 70
     1
  9
$LTSCALE
 40
1.0
  9
$ATTMODE
 70
     1
  9
$TEXTSIZE
 40
2.5
  9
$TRACEWID
 40
1.0
  9
$TEXTSTYLE
  7
Standard
  9
$CLAYER
  8
0
  9
$CELTYPE
  6
ByLayer
  9
$CECOLOR
 62
   256
  9
$CELTSCALE
 40
1.0
  9
$DISPSILH
 70
     0
  9
$DIMSCALE
 40
1.0
  9
$DIMASZ
 40
2.5
  9
$DIMEXO
 40
0.625
  9
$DIMDLI
 40
3.75
  9
$DIMRND
 40
0.0
  9
$DIMDLE
 40
0.0
  9
$DIMEXE
 40
1.25
  9
$DIMTP
 40
0.0
  9
$DIMTM
 40
0.0
  9
$DIMTXT
 40
2.5
  9
$DIMCEN
 40
2.5
  9
$DIMTSZ
 40
0.0
  9
$DIMTOL
 70
     0
  9
$DIMLIM
 70
     0
  9
$DIMTIH
 70
     0
  9
$DIMTOH
 70
     0
  9
$DIMSE1
 70
     0
  9
$DIMSE2
 70
     0
  9
$DIMTAD
 70
     1
  9
$DIMZIN
 70
     8
  9
$DIMBLK
  1

  9
$DIMASO
 70
     1
  9
$DIMSHO
 70
     1
  9
$DIMPOST
  1

  9
$DIMAPOST
  1

  9
$DIMALT
 70
     0
  9
$DIMALTD
 70
     3
  9
$DIMALTF
 40
0.03937
  9
$DIMLFAC
 40
1.0
  9
$DIMTOFL
 70
     1
  9
$DIMTVP
 40
0.0
  9
$DIMTIX
 70
     0
  9
$DIMSOXD
 70
     0
  9
$DIMSAH
 70
     0
  9
$DIMBLK1
  1

  9
$DIMBLK2
  1

  9
$DIMSTYLE
  2
ISO-25
  9
$DIMCLRD
 70
     0
  9
$DIMCLRE
 70
     0
  9
$DIMCLRT
 70
     0
  9
$DIMTFAC
 40
1.0
  9
$DIMGAP
 40
0.625
  9
$DIMJUST
 70
     0
  9
$DIMSD1
 70
     0
  9
$DIMSD2
 70
     0
  9
$DIMTOLJ
 70
     0
  9
$DIMTZIN
 70
     8
  9
$DIMALTZ
 70
     0
  9
$DIMALTTZ
 70
     0
  9
$DIMUPT
 70
     0
  9
$DIMDEC
 70
     2
  9
$DIMTDEC
 70
     2
  9
$DIMALTU
 70
     2
  9
$DIMALTTD
 70
     3
  9
$DIMTXSTY
  7
Standard
  9
$DIMAUNIT
 70
     0
  9
$DIMADEC
 70
     0
  9
$DIMALTRND
 40
0.0
  9
$DIMAZIN
 70
     0
  9
$DIMDSEP
 70
    44
  9
$DIMATFIT
 70
     3
  9
$DIMFRAC
 70
     0
  9
$DIMLDRBLK
  1

  9
$DIMLUNIT
 70
     2
  9
$DIMLWD
 70
    -2
  9
$DIMLWE
 70
    -2
  9
$DIMTMOVE
 70
     0
  9
$LUNITS
 70
     2
  9
$LUPREC
 70
     4
  9
$SKETCHINC
 40
1.0
  9
$FILLETRAD
 40
10.0
  9
$AUNITS
 70
     0
  9
$AUPREC
 70
     0
  9
$MENU
  1
.
  9
$ELEVATION
 40
0.0
  9
$PELEVATION
 40
0.0
  9
$THICKNESS
 40
0.0
  9
$LIMCHECK
 70
     0
  9
$CHAMFERA
 40
0.0
  9
$CHAMFERB
 40
0.0
  9
$CHAMFERC
 40
0.0
  9
$CHAMFERD
 40
0.0
  9
$SKPOLY
 70
     0
  9
$TDCREATE
 40
2461292.404265613
  9
$TDUCREATE
 40
2461292.112598947
  9
$TDUPDATE
 40
2461292.406893727
  9
$TDUUPDATE
 40
2461292.11522706
  9
$TDINDWG
 40
0.0000000116
  9
$TDUSRTIMER
 40
0.0000000116
  9
$USRTIMER
 70
     1
  9
$ANGBASE
 50
0.0
  9
$ANGDIR
 70
     0
  9
$PDMODE
 70
     0
  9
$PDSIZE
 40
0.0
  9
$PLINEWID
 40
0.0
  9
$SPLFRAME
 70
     0
  9
$SPLINETYPE
 70
     6
  9
$SPLINESEGS
 70
     8
  9
$HANDSEED
  5
4C0
  9
$SURFTAB1
 70
     6
  9
$SURFTAB2
 70
     6
  9
$SURFTYPE
 70
     6
  9
$SURFU
 70
     6
  9
$SURFV
 70
     6
  9
$UCSBASE
  2

  9
$UCSNAME
  2

  9
$UCSORG
 10
0.0
 20
0.0
 30
0.0
  9
$UCSXDIR
 10
1.0
 20
0.0
 30
0.0
  9
$UCSYDIR
 10
0.0
 20
1.0
 30
0.0
  9
$UCSORTHOREF
  2

  9
$UCSORTHOVIEW
 70
     0
  9
$UCSORGTOP
 10
0.0
 20
0.0
 30
0.0
  9
$UCSORGBOTTOM
 10
0.0
 20
0.0
 30
0.0
  9
$UCSORGLEFT
 10
0.0
 20
0.0
 30
0.0
  9
$UCSORGRIGHT
 10
0.0
 20
0.0
 30
0.0
  9
$UCSORGFRONT
 10
0.0
 20
0.0
 30
0.0
  9
$UCSORGBACK
 10
0.0
 20
0.0
 30
0.0
  9
$PUCSBASE
  2

  9
$PUCSNAME
  2

  9
$PUCSORG
 10
0.0
 20
0.0
 30
0.0
  9
$PUCSXDIR
 10
1.0
 20
0.0
 30
0.0
  9
$PUCSYDIR
 10
0.0
 20
1.0
 30
0.0
  9
$PUCSORTHOREF
  2

  9
$PUCSORTHOVIEW
 70
     0
  9
$PUCSORGTOP
 10
0.0
 20
0.0
 30
0.0
  9
$PUCSORGBOTTOM
 10
0.0
 20
0.0
 30
0.0
  9
$PUCSORGLEFT
 10
0.0
 20
0.0
 30
0.0
  9
$PUCSORGRIGHT
 10
0.0
 20
0.0
 30
0.0
  9
$PUCSORGFRONT
 10
0.0
 20
0.0
 30
0.0
  9
$PUCSORGBACK
 10
0.0
 20
0.0
 30
0.0
  9
$USERI1
 70
     0
  9
$USERI2
 70
     0
  9
$USERI3
 70
     0
  9
$USERI4
 70
     0
  9
$USERI5
 70
     0
  9
$USERR1
 40
0.0
  9
$USERR2
 40
0.0
  9
$USERR3
 40
0.0
  9
$USERR4
 40
0.0
  9
$USERR5
 40
0.0
  9
$WORLDVIEW
 70
     1
  9
$SHADEDGE
 70
     3
  9
$SHADEDIF
 70
    70
  9
$TILEMODE
 70
     1
  9
$MAXACTVP
 70
    64
  9
$PINSBASE
 10
0.0
 20
0.0
 30
0.0
  9
$PLIMCHECK
 70
     0
  9
$PEXTMIN
 10
1.000000E+20
 20
1.000000E+20
 30
1.000000E+20
  9
$PEXTMAX
 10
-1.000000E+20
 20
-1.000000E+20
 30
-1.000000E+20
  9
$PLIMMIN
 10
0.0
 20
0.0
  9
$PLIMMAX
 10
420.0
 20
297.0
  9
$UNITMODE
 70
     0
  9
$VISRETAIN
 70
     1
  9
$PLINEGEN
 70
     0
  9
$PSLTSCALE
 70
     0
  9
$TREEDEPTH
 70
  3020
  9
$CMLSTYLE
  2
Standard
  9
$CMLJUST
 70
     0
  9
$CMLSCALE
 40
20.0
  9
$PROXYGRAPHICS
 70
     1
  9
$MEASUREMENT
 70
     1
  9
$CELWEIGHT
370
    -1
  9
$ENDCAPS
280
     0
  9
$JOINSTYLE
280
     0
  9
$LWDISPLAY
290
     0
  9
$INSUNITS
 70
     4
  9
$HYPERLINKBASE
  1

  9
$STYLESHEET
  1

  9
$XEDIT
290
     1
  9
$CEPSNTYPE
380
     0
  9
$PSTYLEMODE
290
     1
  9
$FINGERPRINTGUID
  2
{C6860542-0A65-4020-AF76-E04D29C6C789}
  9
$VERSIONGUID
  2
{FAEB1C32-E019-11D5-929B-00C0DF256EC4}
  9
$EXTNAMES
290
     1
  9
$PSVPSCALE
 40
0.0
  9
$OLESTARTUP
290
     0
  0
ENDSEC
  0
SECTION
  2
CLASSES
  0
CLASS
  1
ACDBDICTIONARYWDFLT
  2
AcDbDictionaryWithDefault
  3
ObjectDBX Classes
 90
        0
280
     0
281
     0
  0
CLASS
  1
VISUALSTYLE
  2
AcDbVisualStyle
  3
ObjectDBX Classes
 90
     4095
280
     0
281
     0
  0
CLASS
  1
MATERIAL
  2
AcDbMaterial
  3
ObjectDBX Classes
 90
     1153
280
     0
281
     0
  0
CLASS
  1
SCALE
  2
AcDbScale
  3
ObjectDBX Classes
 90
     1153
280
     0
281
     0
  0
CLASS
  1
TABLESTYLE
  2
AcDbTableStyle
  3
ObjectDBX Classes
 90
     4095
280
     0
281
     0
  0
CLASS
  1
MLEADERSTYLE
  2
AcDbMLeaderStyle
  3
ACDB_MLEADERSTYLE_CLASS
 90
     4095
280
     0
281
     0
  0
CLASS
  1
SUN
  2
AcDbSun
  3
SCENEOE
 90
     1153
280
     0
281
     0
  0
CLASS
  1
DICTIONARYVAR
  2
AcDbDictionaryVar
  3
ObjectDBX Classes
 90
        0
280
     0
281
     0
  0
CLASS
  1
ACDBPLACEHOLDER
  2
AcDbPlaceHolder
  3
ObjectDBX Classes
 90
        0
280
     0
281
     0
  0
CLASS
  1
LAYOUT
  2
AcDbLayout
  3
ObjectDBX Classes
 90
        0
280
     0
281
     0
  0
ENDSEC
  0
SECTION
  2
TABLES
  0
TABLE
  2
VPORT
  5
8
102
{ACAD_XDICTIONARY
360
485
102
}
330
0
100
AcDbSymbolTable
 70
     1
  0
VPORT
  5
29
330
8
100
AcDbSymbolTableRecord
100
AcDbViewportTableRecord
  2
*Active
 70
     0
 10
0.0
 20
0.0
 11
1.0
 21
1.0
 12
255.095057
 22
135.384864
 13
0.0
 23
0.0
 14
10.0
 24
10.0
 15
10.0
 25
10.0
 16
0.0
 26
0.0
 36
1.0
 17
0.0
 27
0.0
 37
0.0
 40
326.049635
 41
2.207447
 42
50.0
 43
0.0
 44
0.0
 50
0.0
 51
0.0
 71
    16
 72
   100
 73
     1
 74
     3
 75
     0
 76
     0
 77
     0
 78
     0
281
     0
 65
     1
110
0.0
120
0.0
130
0.0
111
1.0
121
0.0
131
0.0
112
0.0
122
1.0
132
0.0
 79
     0
146
0.0
  0
ENDTAB
  0
TABLE
  2
LTYPE
  5
5
330
0
100
AcDbSymbolTable
 70
     1
  0
LTYPE
  5
14
330
5
100
AcDbSymbolTableRecord
100
AcDbLinetypeTableRecord
  2
ByBlock
 70
     0
  3

 72
    65
 73
     0
 40
0.0
  0
LTYPE
  5
15
330
5
100
AcDbSymbolTableRecord
100
AcDbLinetypeTableRecord
  2
ByLayer
 70
     0
  3

 72
    65
 73
     0
 40
0.0
  0
LTYPE
  5
16
330
5
100
AcDbSymbolTableRecord
100
AcDbLinetypeTableRecord
  2
Continuous
 70
     0
  3
Solid line
 72
    65
 73
     0
 40
0.0
  0
ENDTAB
  0
TABLE
  2
LAYER
  5
2
102
{ACAD_XDICTIONARY
360
28B
102
}
330
0
100
AcDbSymbolTable
 70
     5
  0
LAYER
  5
10
330
2
100
AcDbSymbolTableRecord
100
AcDbLayerTableRecord
  2
0
 70
     0
 62
     7
  6
Continuous
370
    -3
390
F
  0
LAYER
  5
6E
330
2
100
AcDbSymbolTableRecord
100
AcDbLayerTableRecord
  2
Mechanical3
 70
     0
 62
     6
  6
Continuous
370
    -3
390
F
  0
LAYER
  5
6F
330
2
100
AcDbSymbolTableRecord
100
AcDbLayerTableRecord
  2
Mechanical4
 70
     0
 62
     4
  6
Continuous
370
    -3
390
F
  0
LAYER
  5
70
330
2
100
AcDbSymbolTableRecord
100
AcDbLayerTableRecord
  2
PadHoleLayer
 70
     0
 62
   156
  6
Continuous
370
    -3
390
F
  0
LAYER
  5
71
330
2
100
AcDbSymbolTableRecord
100
AcDbLayerTableRecord
  2
ViaHoleLayer
 70
     0
 62
    16
  6
Continuous
370
    -3
390
F
  0
ENDTAB
  0
TABLE
  2
STYLE
  5
3
330
0
100
AcDbSymbolTable
 70
     1
  0
STYLE
  5
11
330
3
100
AcDbSymbolTableRecord
100
AcDbTextStyleTableRecord
  2
Standard
 70
     0
 40
0.0
 41
1.0
 50
0.0
 71
     0
 42
2.5
  3
txt
  4

  0
ENDTAB
  0
TABLE
  2
VIEW
  5
6
330
0
100
AcDbSymbolTable
 70
     0
  0
ENDTAB
  0
TABLE
  2
UCS
  5
7
330
0
100
AcDbSymbolTable
 70
     0
  0
ENDTAB
  0
TABLE
  2
APPID
  5
9
330
0
100
AcDbSymbolTable
 70
     7
  0
APPID
  5
12
330
9
100
AcDbSymbolTableRecord
100
AcDbRegAppTableRecord
  2
ACAD
 70
     0
  0
APPID
  5
27B
330
9
100
AcDbSymbolTableRecord
100
AcDbRegAppTableRecord
  2
ACAD_MLEADERVER
 70
     0
  0
APPID
  5
284
330
9
100
AcDbSymbolTableRecord
100
AcDbRegAppTableRecord
  2
MCS_DOCUMENT_ID
 70
     0
  0
APPID
  5
285
330
9
100
AcDbSymbolTableRecord
100
AcDbRegAppTableRecord
  2
MCS_DIM1
 70
     0
  0
APPID
  5
286
330
9
100
AcDbSymbolTableRecord
100
AcDbRegAppTableRecord
  2
McsXdata5
 70
     0
  0
APPID
  5
288
330
9
100
AcDbSymbolTableRecord
100
AcDbRegAppTableRecord
  2
MCS_PARAMS_DATA
 70
     0
  0
APPID
  5
28A
330
9
100
AcDbSymbolTableRecord
100
AcDbRegAppTableRecord
  2
MC_VERSION_DATA
 70
     0
  0
ENDTAB
  0
TABLE
  2
DIMSTYLE
  5
A
330
0
100
AcDbSymbolTable
 70
     1
100
AcDbDimStyleTable
  0
DIMSTYLE
105
27
330
A
100
AcDbSymbolTableRecord
100
AcDbDimStyleTableRecord
  2
ISO-25
 70
     0
 41
2.5
 42
0.625
 43
3.75
 44
1.25
 73
     0
 74
     0
 77
     1
 78
     8
140
2.5
141
2.5
143
0.03937
147
0.625
171
     3
172
     1
178
     0
271
     2
272
     2
274
     3
278
    44
283
     0
284
     8
340
11
  0
ENDTAB
  0
TABLE
  2
BLOCK_RECORD
  5
1
330
0
100
AcDbSymbolTable
 70
     2
  0
BLOCK_RECORD
  5
1F
330
1
100
AcDbSymbolTableRecord
100
AcDbBlockTableRecord
  2
*Model_Space
340
22
  0
BLOCK_RECORD
  5
1B
330
1
100
AcDbSymbolTableRecord
100
AcDbBlockTableRecord
  2
*Paper_Space
340
1E
  0
BLOCK_RECORD
  5
23
330
1
100
AcDbSymbolTableRecord
100
AcDbBlockTableRecord
  2
*Paper_Space0
340
26
  0
BLOCK_RECORD
  5
27F
330
1
100
AcDbSymbolTableRecord
100
AcDbBlockTableRecord
  2
_None
340
0
  0
ENDTAB
  0
ENDSEC
  0
SECTION
  2
BLOCKS
  0
BLOCK
  5
20
330
1F
100
AcDbEntity
  8
0
100
AcDbBlockBegin
  2
*Model_Space
 70
     0
 10
0.0
 20
0.0
 30
0.0
  3
*Model_Space
  1

  0
ENDBLK
  5
21
330
1F
100
AcDbEntity
  8
0
100
AcDbBlockEnd
  0
BLOCK
  5
1C
330
1B
100
AcDbEntity
 67
     1
  8
0
100
AcDbBlockBegin
  2
*Paper_Space
 70
     0
 10
0.0
 20
0.0
 30
0.0
  3
*Paper_Space
  1

  0
ENDBLK
  5
1D
330
1B
100
AcDbEntity
 67
     1
  8
0
100
AcDbBlockEnd
  0
BLOCK
  5
24
330
23
100
AcDbEntity
  8
0
100
AcDbBlockBegin
  2
*Paper_Space0
 70
     0
 10
0.0
 20
0.0
 30
0.0
  3
*Paper_Space0
  1

  0
ENDBLK
  5
25
330
23
100
AcDbEntity
  8
0
100
AcDbBlockEnd
  0
BLOCK
  5
280
330
27F
100
AcDbEntity
  8
0
100
AcDbBlockBegin
  2
_None
 70
     0
 10
0.0
 20
0.0
 30
0.0
  3
_None
  1

  0
ENDBLK
  5
281
330
27F
100
AcDbEntity
  8
0
100
AcDbBlockEnd
  0
ENDSEC
  0
SECTION
  2
ENTITIES
  0
LINE
  5
72
330
1F
100
AcDbEntity
  8
Mechanical3
100
AcDbLine
 10
0.0
 20
0.0
 30
0.0
 11
0.0
 21
138.000001
 31
0.0
  0
LINE
  5
73
330
1F
100
AcDbEntity
  8
Mechanical3
100
AcDbLine
 10
0.0
 20
138.000001
 30
0.0
 11
211.0
 21
138.000001
 31
0.0
  0
LINE
  5
74
330
1F
100
AcDbEntity
  8
Mechanical3
100
AcDbLine
 10
211.0
 20
0.0
 30
0.0
 11
211.0
 21
138.000001
 31
0.0
  0
LINE
  5
75
330
1F
100
AcDbEntity
  8
Mechanical3
100
AcDbLine
 10
0.0
 20
0.0
 30
0.0
 11
211.0
 21
0.0
 31
0.0
  0
LINE
  5
76
330
1F
100
AcDbEntity
  8
Mechanical3
100
AcDbLine
 10
15.899999
 20
125.6
 30
0.0
 11
26.900005
 21
125.6
 31
0.0
  0
LINE
  5
77
330
1F
100
AcDbEntity
  8
Mechanical3
100
AcDbLine
 10
11.000001
 20
107.596313
 30
0.0
 11
11.000006
 21
107.596313
 31
0.0
  0
LINE
  5
78
330
1F
100
AcDbEntity
  8
Mechanical3
100
AcDbLine
 10
11.999996
 20
112.593125
 30
0.0
 11
11.999999
 21
121.7
 31
0.0
  0
LINE
  5
79
330
1F
100
AcDbEntity
  8
Mechanical3
100
AcDbLine
 10
10.999998
 20
111.596315
 30
0.0
 11
11.000003
 21
111.596315
 31
0.0
  0
LINE
  5
7A
330
1F
100
AcDbEntity
  8
Mechanical3
100
AcDbLine
 10
9.999998
 20
112.596313
 30
0.0
 11
9.999998
 21
121.950676
 31
0.0
  0
LINE
  5
7B
330
1F
100
AcDbEntity
  8
Mechanical3
100
AcDbLine
 10
15.649321
 20
127.599999
 30
0.0
 11
26.900005
 21
127.599999
 31
0.0
  0
LINE
  5
7C
330
1F
100
AcDbEntity
  8
Mechanical3
100
AcDbLine
 10
32.899993
 20
127.599999
 30
0.0
 11
64.700005
 21
127.599999
 31
0.0
  0
LINE
  5
7D
330
1F
100
AcDbEntity
  8
Mechanical3
100
AcDbLine
 10
49.799999
 20
112.596313
 30
0.0
 11
49.799999
 21
121.7
 31
0.0
  0
LINE
  5
7E
330
1F
100
AcDbEntity
  8
Mechanical3
100
AcDbLine
 10
48.799994
 20
111.596315
 30
0.0
 11
48.799999
 21
111.596315
 31
0.0
  0
LINE
  5
7F
330
1F
100
AcDbEntity
  8
Mechanical3
100
AcDbLine
 10
47.799998
 20
121.7
 30
0.0
 11
47.800001
 21
112.593125
 31
0.0
  0
LINE
  5
80
330
1F
100
AcDbEntity
  8
Mechanical3
100
AcDbLine
 10
48.799991
 20
107.596313
 30
0.0
 11
48.799996
 21
107.596313
 31
0.0
  0
LINE
  5
81
330
1F
100
AcDbEntity
  8
Mechanical3
100
AcDbLine
 10
32.899993
 20
125.6
 30
0.0
 11
43.899999
 21
125.6
 31
0.0
  0
LINE
  5
82
330
1F
100
AcDbEntity
  8
Mechanical3
100
AcDbLine
 10
53.699999
 20
125.6
 30
0.0
 11
64.700005
 21
125.6
 31
0.0
  0
LINE
  5
83
330
1F
100
AcDbEntity
  8
Mechanical3
100
AcDbLine
 10
48.799991
 20
87.803688
 30
0.0
 11
48.799996
 21
87.803688
 31
0.0
  0
LINE
  5
84
330
1F
100
AcDbEntity
  8
Mechanical3
100
AcDbLine
 10
11.000001
 20
87.803688
 30
0.0
 11
11.000006
 21
87.803688
 31
0.0
  0
LINE
  5
85
330
1F
100
AcDbEntity
  8
Mechanical3
100
AcDbLine
 10
10.000003
 20
88.803686
 30
0.0
 11
10.000003
 21
106.596315
 31
0.0
  0
LINE
  5
86
330
1F
100
AcDbEntity
  8
Mechanical3
100
AcDbLine
 10
12.000004
 20
88.803686
 30
0.0
 11
12.000004
 21
106.596315
 31
0.0
  0
LINE
  5
87
330
1F
100
AcDbEntity
  8
Mechanical3
100
AcDbLine
 10
47.799993
 20
88.803686
 30
0.0
 11
47.799993
 21
106.596315
 31
0.0
  0
LINE
  5
88
330
1F
100
AcDbEntity
  8
Mechanical3
100
AcDbLine
 10
49.799994
 20
88.803686
 30
0.0
 11
49.799994
 21
106.596315
 31
0.0
  0
LINE
  5
89
330
1F
100
AcDbEntity
  8
Mechanical3
100
AcDbLine
 10
87.599995
 20
88.803688
 30
0.0
 11
87.599995
 21
106.596317
 31
0.0
  0
LINE
  5
8A
330
1F
100
AcDbEntity
  8
Mechanical3
100
AcDbLine
 10
85.599994
 20
88.803688
 30
0.0
 11
85.599994
 21
106.596317
 31
0.0
  0
LINE
  5
8B
330
1F
100
AcDbEntity
  8
Mechanical3
100
AcDbLine
 10
86.599992
 20
87.80369
 30
0.0
 11
86.599997
 21
87.80369
 31
0.0
  0
LINE
  5
8C
330
1F
100
AcDbEntity
  8
Mechanical3
100
AcDbLine
 10
91.5
 20
125.600003
 30
0.0
 11
102.500006
 21
125.600003
 31
0.0
  0
LINE
  5
8D
330
1F
100
AcDbEntity
  8
Mechanical3
100
AcDbLine
 10
70.699993
 20
125.600003
 30
0.0
 11
81.699999
 21
125.600003
 31
0.0
  0
LINE
  5
8E
330
1F
100
AcDbEntity
  8
Mechanical3
100
AcDbLine
 10
86.599992
 20
107.596315
 30
0.0
 11
86.599997
 21
107.596315
 31
0.0
  0
LINE
  5
8F
330
1F
100
AcDbEntity
  8
Mechanical3
100
AcDbLine
 10
85.599999
 20
121.700003
 30
0.0
 11
85.600002
 21
112.593128
 31
0.0
  0
LINE
  5
90
330
1F
100
AcDbEntity
  8
Mechanical3
100
AcDbLine
 10
86.599994
 20
111.596317
 30
0.0
 11
86.6
 21
111.596317
 31
0.0
  0
LINE
  5
91
330
1F
100
AcDbEntity
  8
Mechanical3
100
AcDbLine
 10
87.6
 20
112.596315
 30
0.0
 11
87.6
 21
121.700003
 31
0.0
  0
LINE
  5
92
330
1F
100
AcDbEntity
  8
Mechanical3
100
AcDbLine
 10
70.699993
 20
127.600001
 30
0.0
 11
102.500006
 21
127.600001
 31
0.0
  0
LINE
  5
93
330
1F
100
AcDbEntity
  8
Mechanical3
100
AcDbLine
 10
125.399996
 20
88.803691
 30
0.0
 11
125.399996
 21
106.59632
 31
0.0
  0
LINE
  5
94
330
1F
100
AcDbEntity
  8
Mechanical3
100
AcDbLine
 10
123.399995
 20
88.803691
 30
0.0
 11
123.399995
 21
106.59632
 31
0.0
  0
LINE
  5
95
330
1F
100
AcDbEntity
  8
Mechanical3
100
AcDbLine
 10
124.399992
 20
87.803693
 30
0.0
 11
124.399998
 21
87.803693
 31
0.0
  0
LINE
  5
96
330
1F
100
AcDbEntity
  8
Mechanical3
100
AcDbLine
 10
129.3
 20
125.600005
 30
0.0
 11
140.300006
 21
125.600005
 31
0.0
  0
LINE
  5
97
330
1F
100
AcDbEntity
  8
Mechanical3
100
AcDbLine
 10
108.499994
 20
125.600005
 30
0.0
 11
119.5
 21
125.600005
 31
0.0
  0
LINE
  5
98
330
1F
100
AcDbEntity
  8
Mechanical3
100
AcDbLine
 10
124.399992
 20
107.596318
 30
0.0
 11
124.399998
 21
107.596318
 31
0.0
  0
LINE
  5
99
330
1F
100
AcDbEntity
  8
Mechanical3
100
AcDbLine
 10
123.4
 20
121.700006
 30
0.0
 11
123.400002
 21
112.59313
 31
0.0
  0
LINE
  5
9A
330
1F
100
AcDbEntity
  8
Mechanical3
100
AcDbLine
 10
124.399995
 20
111.59632
 30
0.0
 11
124.4
 21
111.59632
 31
0.0
  0
LINE
  5
9B
330
1F
100
AcDbEntity
  8
Mechanical3
100
AcDbLine
 10
125.400001
 20
112.596318
 30
0.0
 11
125.400001
 21
121.700006
 31
0.0
  0
LINE
  5
9C
330
1F
100
AcDbEntity
  8
Mechanical3
100
AcDbLine
 10
108.499994
 20
127.600004
 30
0.0
 11
140.300006
 21
127.600004
 31
0.0
  0
LINE
  5
9D
330
1F
100
AcDbEntity
  8
Mechanical3
100
AcDbLine
 10
163.199996
 20
88.803691
 30
0.0
 11
163.199996
 21
106.59632
 31
0.0
  0
LINE
  5
9E
330
1F
100
AcDbEntity
  8
Mechanical3
100
AcDbLine
 10
161.199995
 20
88.803691
 30
0.0
 11
161.199995
 21
106.59632
 31
0.0
  0
LINE
  5
9F
330
1F
100
AcDbEntity
  8
Mechanical3
100
AcDbLine
 10
162.199993
 20
87.803693
 30
0.0
 11
162.199998
 21
87.803693
 31
0.0
  0
LINE
  5
A0
330
1F
100
AcDbEntity
  8
Mechanical3
100
AcDbLine
 10
167.100001
 20
125.600005
 30
0.0
 11
178.100007
 21
125.600005
 31
0.0
  0
LINE
  5
A1
330
1F
100
AcDbEntity
  8
Mechanical3
100
AcDbLine
 10
146.299994
 20
125.600005
 30
0.0
 11
157.3
 21
125.600005
 31
0.0
  0
LINE
  5
A2
330
1F
100
AcDbEntity
  8
Mechanical3
100
AcDbLine
 10
162.199993
 20
107.596318
 30
0.0
 11
162.199998
 21
107.596318
 31
0.0
  0
LINE
  5
A3
330
1F
100
AcDbEntity
  8
Mechanical3
100
AcDbLine
 10
161.2
 20
121.700006
 30
0.0
 11
161.200003
 21
112.59313
 31
0.0
  0
LINE
  5
A4
330
1F
100
AcDbEntity
  8
Mechanical3
100
AcDbLine
 10
162.199996
 20
111.59632
 30
0.0
 11
162.200001
 21
111.59632
 31
0.0
  0
LINE
  5
A5
330
1F
100
AcDbEntity
  8
Mechanical3
100
AcDbLine
 10
163.200001
 20
112.596318
 30
0.0
 11
163.200001
 21
121.700006
 31
0.0
  0
LINE
  5
A6
330
1F
100
AcDbEntity
  8
Mechanical3
100
AcDbLine
 10
146.299994
 20
127.600004
 30
0.0
 11
178.100007
 21
127.600004
 31
0.0
  0
LINE
  5
A7
330
1F
100
AcDbEntity
  8
Mechanical3
100
AcDbLine
 10
198.999996
 20
88.803688
 30
0.0
 11
198.999996
 21
106.596317
 31
0.0
  0
LINE
  5
A8
330
1F
100
AcDbEntity
  8
Mechanical3
100
AcDbLine
 10
200.999997
 20
88.803688
 30
0.0
 11
200.999997
 21
106.596317
 31
0.0
  0
LINE
  5
A9
330
1F
100
AcDbEntity
  8
Mechanical3
100
AcDbLine
 10
199.999994
 20
87.80369
 30
0.0
 11
199.999999
 21
87.80369
 31
0.0
  0
LINE
  5
AA
330
1F
100
AcDbEntity
  8
Mechanical3
100
AcDbLine
 10
184.099995
 20
127.600001
 30
0.0
 11
195.350679
 21
127.600001
 31
0.0
  0
LINE
  5
AB
330
1F
100
AcDbEntity
  8
Mechanical3
100
AcDbLine
 10
201.000002
 20
112.596315
 30
0.0
 11
201.000002
 21
121.950678
 31
0.0
  0
LINE
  5
AC
330
1F
100
AcDbEntity
  8
Mechanical3
100
AcDbLine
 10
199.999996
 20
111.596317
 30
0.0
 11
200.000001
 21
111.596317
 31
0.0
  0
LINE
  5
AD
330
1F
100
AcDbEntity
  8
Mechanical3
100
AcDbLine
 10
199.000001
 20
121.700003
 30
0.0
 11
199.000003
 21
112.593128
 31
0.0
  0
LINE
  5
AE
330
1F
100
AcDbEntity
  8
Mechanical3
100
AcDbLine
 10
199.999994
 20
107.596315
 30
0.0
 11
199.999999
 21
107.596315
 31
0.0
  0
LINE
  5
AF
330
1F
100
AcDbEntity
  8
Mechanical3
100
AcDbLine
 10
184.099995
 20
125.600003
 30
0.0
 11
195.100001
 21
125.600003
 31
0.0
  0
LINE
  5
B0
330
1F
100
AcDbEntity
  8
Mechanical3
100
AcDbLine
 10
163.200001
 20
54.796306
 30
0.0
 11
163.200001
 21
63.899994
 31
0.0
  0
LINE
  5
B1
330
1F
100
AcDbEntity
  8
Mechanical3
100
AcDbLine
 10
162.199996
 20
53.796308
 30
0.0
 11
162.200001
 21
53.796308
 31
0.0
  0
LINE
  5
B2
330
1F
100
AcDbEntity
  8
Mechanical3
100
AcDbLine
 10
161.2
 20
63.899994
 30
0.0
 11
161.200003
 21
54.793119
 31
0.0
  0
LINE
  5
B3
330
1F
100
AcDbEntity
  8
Mechanical3
100
AcDbLine
 10
146.299994
 20
67.799994
 30
0.0
 11
157.3
 21
67.799994
 31
0.0
  0
LINE
  5
B4
330
1F
100
AcDbEntity
  8
Mechanical3
100
AcDbLine
 10
167.100001
 20
67.799994
 30
0.0
 11
178.100007
 21
67.799994
 31
0.0
  0
LINE
  5
B5
330
1F
100
AcDbEntity
  8
Mechanical3
100
AcDbLine
 10
167.100001
 20
69.799992
 30
0.0
 11
178.100007
 21
69.799992
 31
0.0
  0
LINE
  5
B6
330
1F
100
AcDbEntity
  8
Mechanical3
100
AcDbLine
 10
146.299994
 20
69.799992
 30
0.0
 11
157.3
 21
69.799992
 31
0.0
  0
LINE
  5
B7
330
1F
100
AcDbEntity
  8
Mechanical3
100
AcDbLine
 10
161.2
 20
73.699992
 30
0.0
 11
161.200003
 21
82.806868
 31
0.0
  0
LINE
  5
B8
330
1F
100
AcDbEntity
  8
Mechanical3
100
AcDbLine
 10
162.199996
 20
83.803678
 30
0.0
 11
162.200001
 21
83.803678
 31
0.0
  0
LINE
  5
B9
330
1F
100
AcDbEntity
  8
Mechanical3
100
AcDbLine
 10
163.200001
 20
73.699992
 30
0.0
 11
163.200001
 21
82.80368
 31
0.0
  0
LINE
  5
BA
330
1F
100
AcDbEntity
  8
Mechanical3
100
AcDbLine
 10
125.400001
 20
54.796306
 30
0.0
 11
125.400001
 21
63.899994
 31
0.0
  0
LINE
  5
BB
330
1F
100
AcDbEntity
  8
Mechanical3
100
AcDbLine
 10
124.399995
 20
53.796308
 30
0.0
 11
124.4
 21
53.796308
 31
0.0
  0
LINE
  5
BC
330
1F
100
AcDbEntity
  8
Mechanical3
100
AcDbLine
 10
123.4
 20
63.899994
 30
0.0
 11
123.400002
 21
54.793119
 31
0.0
  0
LINE
  5
BD
330
1F
100
AcDbEntity
  8
Mechanical3
100
AcDbLine
 10
108.499994
 20
67.799994
 30
0.0
 11
119.5
 21
67.799994
 31
0.0
  0
LINE
  5
BE
330
1F
100
AcDbEntity
  8
Mechanical3
100
AcDbLine
 10
129.3
 20
67.799994
 30
0.0
 11
140.300006
 21
67.799994
 31
0.0
  0
LINE
  5
BF
330
1F
100
AcDbEntity
  8
Mechanical3
100
AcDbLine
 10
129.3
 20
69.799992
 30
0.0
 11
140.300006
 21
69.799992
 31
0.0
  0
LINE
  5
C0
330
1F
100
AcDbEntity
  8
Mechanical3
100
AcDbLine
 10
108.499994
 20
69.799992
 30
0.0
 11
119.5
 21
69.799992
 31
0.0
  0
LINE
  5
C1
330
1F
100
AcDbEntity
  8
Mechanical3
100
AcDbLine
 10
123.4
 20
73.699992
 30
0.0
 11
123.400002
 21
82.806868
 31
0.0
  0
LINE
  5
C2
330
1F
100
AcDbEntity
  8
Mechanical3
100
AcDbLine
 10
124.399995
 20
83.803678
 30
0.0
 11
124.4
 21
83.803678
 31
0.0
  0
LINE
  5
C3
330
1F
100
AcDbEntity
  8
Mechanical3
100
AcDbLine
 10
125.400001
 20
73.699992
 30
0.0
 11
125.400001
 21
82.80368
 31
0.0
  0
LINE
  5
C4
330
1F
100
AcDbEntity
  8
Mechanical3
100
AcDbLine
 10
87.6
 20
54.796309
 30
0.0
 11
87.6
 21
63.899997
 31
0.0
  0
LINE
  5
C5
330
1F
100
AcDbEntity
  8
Mechanical3
100
AcDbLine
 10
86.599994
 20
53.796311
 30
0.0
 11
86.6
 21
53.796311
 31
0.0
  0
LINE
  5
C6
330
1F
100
AcDbEntity
  8
Mechanical3
100
AcDbLine
 10
85.599999
 20
63.899997
 30
0.0
 11
85.600002
 21
54.793121
 31
0.0
  0
LINE
  5
C7
330
1F
100
AcDbEntity
  8
Mechanical3
100
AcDbLine
 10
70.699993
 20
67.799996
 30
0.0
 11
81.699999
 21
67.799996
 31
0.0
  0
LINE
  5
C8
330
1F
100
AcDbEntity
  8
Mechanical3
100
AcDbLine
 10
91.5
 20
67.799996
 30
0.0
 11
102.500006
 21
67.799996
 31
0.0
  0
LINE
  5
C9
330
1F
100
AcDbEntity
  8
Mechanical3
100
AcDbLine
 10
91.5
 20
69.799995
 30
0.0
 11
102.500006
 21
69.799995
 31
0.0
  0
LINE
  5
CA
330
1F
100
AcDbEntity
  8
Mechanical3
100
AcDbLine
 10
70.699993
 20
69.799995
 30
0.0
 11
81.699999
 21
69.799995
 31
0.0
  0
LINE
  5
CB
330
1F
100
AcDbEntity
  8
Mechanical3
100
AcDbLine
 10
85.599999
 20
73.699995
 30
0.0
 11
85.600002
 21
82.80687
 31
0.0
  0
LINE
  5
CC
330
1F
100
AcDbEntity
  8
Mechanical3
100
AcDbLine
 10
86.599994
 20
83.80368
 30
0.0
 11
86.6
 21
83.80368
 31
0.0
  0
LINE
  5
CD
330
1F
100
AcDbEntity
  8
Mechanical3
100
AcDbLine
 10
87.6
 20
73.699995
 30
0.0
 11
87.6
 21
82.803682
 31
0.0
  0
LINE
  5
CE
330
1F
100
AcDbEntity
  8
Mechanical3
100
AcDbLine
 10
49.799999
 20
54.796312
 30
0.0
 11
49.799999
 21
63.899999
 31
0.0
  0
LINE
  5
CF
330
1F
100
AcDbEntity
  8
Mechanical3
100
AcDbLine
 10
48.799994
 20
53.796314
 30
0.0
 11
48.799999
 21
53.796314
 31
0.0
  0
LINE
  5
D0
330
1F
100
AcDbEntity
  8
Mechanical3
100
AcDbLine
 10
47.799998
 20
63.899999
 30
0.0
 11
47.800001
 21
54.793124
 31
0.0
  0
LINE
  5
D1
330
1F
100
AcDbEntity
  8
Mechanical3
100
AcDbLine
 10
32.899993
 20
67.799999
 30
0.0
 11
43.899999
 21
67.799999
 31
0.0
  0
LINE
  5
D2
330
1F
100
AcDbEntity
  8
Mechanical3
100
AcDbLine
 10
53.699999
 20
67.799999
 30
0.0
 11
64.700005
 21
67.799999
 31
0.0
  0
LINE
  5
D3
330
1F
100
AcDbEntity
  8
Mechanical3
100
AcDbLine
 10
53.699999
 20
69.799998
 30
0.0
 11
64.700005
 21
69.799998
 31
0.0
  0
LINE
  5
D4
330
1F
100
AcDbEntity
  8
Mechanical3
100
AcDbLine
 10
32.899993
 20
69.799998
 30
0.0
 11
43.899999
 21
69.799998
 31
0.0
  0
LINE
  5
D5
330
1F
100
AcDbEntity
  8
Mechanical3
100
AcDbLine
 10
47.799998
 20
73.699997
 30
0.0
 11
47.800001
 21
82.806873
 31
0.0
  0
LINE
  5
D6
330
1F
100
AcDbEntity
  8
Mechanical3
100
AcDbLine
 10
48.799994
 20
83.803683
 30
0.0
 11
48.799999
 21
83.803683
 31
0.0
  0
LINE
  5
D7
330
1F
100
AcDbEntity
  8
Mechanical3
100
AcDbLine
 10
49.799999
 20
73.699997
 30
0.0
 11
49.799999
 21
82.803685
 31
0.0
  0
LINE
  5
D8
330
1F
100
AcDbEntity
  8
Mechanical3
100
AcDbLine
 10
184.099995
 20
11.999996
 30
0.0
 11
195.100001
 21
11.999996
 31
0.0
  0
LINE
  5
D9
330
1F
100
AcDbEntity
  8
Mechanical3
100
AcDbLine
 10
199.999994
 20
30.003684
 30
0.0
 11
199.999999
 21
30.003684
 31
0.0
  0
LINE
  5
DA
330
1F
100
AcDbEntity
  8
Mechanical3
100
AcDbLine
 10
199.000001
 20
15.899996
 30
0.0
 11
199.000003
 21
25.006871
 31
0.0
  0
LINE
  5
DB
330
1F
100
AcDbEntity
  8
Mechanical3
100
AcDbLine
 10
199.999996
 20
26.003682
 30
0.0
 11
200.000001
 21
26.003682
 31
0.0
  0
LINE
  5
DC
330
1F
100
AcDbEntity
  8
Mechanical3
100
AcDbLine
 10
201.000002
 20
15.649321
 30
0.0
 11
201.000002
 21
25.003684
 31
0.0
  0
LINE
  5
DD
330
1F
100
AcDbEntity
  8
Mechanical3
100
AcDbLine
 10
184.099995
 20
9.999998
 30
0.0
 11
195.350679
 21
9.999998
 31
0.0
  0
LINE
  5
DE
330
1F
100
AcDbEntity
  8
Mechanical3
100
AcDbLine
 10
184.099995
 20
69.799995
 30
0.0
 11
195.100001
 21
69.799995
 31
0.0
  0
LINE
  5
DF
330
1F
100
AcDbEntity
  8
Mechanical3
100
AcDbLine
 10
201.000002
 20
54.796309
 30
0.0
 11
201.000002
 21
82.803685
 31
0.0
  0
LINE
  5
E0
330
1F
100
AcDbEntity
  8
Mechanical3
100
AcDbLine
 10
199.999996
 20
53.796311
 30
0.0
 11
200.000001
 21
53.796311
 31
0.0
  0
LINE
  5
E1
330
1F
100
AcDbEntity
  8
Mechanical3
100
AcDbLine
 10
199.000001
 20
63.899997
 30
0.0
 11
199.000003
 21
54.793121
 31
0.0
  0
LINE
  5
E2
330
1F
100
AcDbEntity
  8
Mechanical3
100
AcDbLine
 10
199.999994
 20
49.796309
 30
0.0
 11
199.999999
 21
49.796309
 31
0.0
  0
LINE
  5
E3
330
1F
100
AcDbEntity
  8
Mechanical3
100
AcDbLine
 10
184.099995
 20
67.799996
 30
0.0
 11
195.100001
 21
67.799996
 31
0.0
  0
LINE
  5
E4
330
1F
100
AcDbEntity
  8
Mechanical3
100
AcDbLine
 10
200.999997
 20
31.003682
 30
0.0
 11
200.999997
 21
48.796311
 31
0.0
  0
LINE
  5
E5
330
1F
100
AcDbEntity
  8
Mechanical3
100
AcDbLine
 10
198.999996
 20
31.003682
 30
0.0
 11
198.999996
 21
48.796311
 31
0.0
  0
LINE
  5
E6
330
1F
100
AcDbEntity
  8
Mechanical3
100
AcDbLine
 10
199.000001
 20
73.699997
 30
0.0
 11
199.000003
 21
82.806873
 31
0.0
  0
LINE
  5
E7
330
1F
100
AcDbEntity
  8
Mechanical3
100
AcDbLine
 10
199.999996
 20
83.803683
 30
0.0
 11
200.000001
 21
83.803683
 31
0.0
  0
LINE
  5
E8
330
1F
100
AcDbEntity
  8
Mechanical3
100
AcDbLine
 10
146.299994
 20
9.999995
 30
0.0
 11
178.100007
 21
9.999995
 31
0.0
  0
LINE
  5
E9
330
1F
100
AcDbEntity
  8
Mechanical3
100
AcDbLine
 10
163.200001
 20
15.899994
 30
0.0
 11
163.200001
 21
25.003681
 31
0.0
  0
LINE
  5
EA
330
1F
100
AcDbEntity
  8
Mechanical3
100
AcDbLine
 10
162.199996
 20
26.003679
 30
0.0
 11
162.200001
 21
26.003679
 31
0.0
  0
LINE
  5
EB
330
1F
100
AcDbEntity
  8
Mechanical3
100
AcDbLine
 10
161.2
 20
15.899994
 30
0.0
 11
161.200003
 21
25.006869
 31
0.0
  0
LINE
  5
EC
330
1F
100
AcDbEntity
  8
Mechanical3
100
AcDbLine
 10
162.199993
 20
30.003681
 30
0.0
 11
162.199998
 21
30.003681
 31
0.0
  0
LINE
  5
ED
330
1F
100
AcDbEntity
  8
Mechanical3
100
AcDbLine
 10
146.299994
 20
11.999994
 30
0.0
 11
157.3
 21
11.999994
 31
0.0
  0
LINE
  5
EE
330
1F
100
AcDbEntity
  8
Mechanical3
100
AcDbLine
 10
167.100001
 20
11.999994
 30
0.0
 11
178.100007
 21
11.999994
 31
0.0
  0
LINE
  5
EF
330
1F
100
AcDbEntity
  8
Mechanical3
100
AcDbLine
 10
162.199993
 20
49.796306
 30
0.0
 11
162.199998
 21
49.796306
 31
0.0
  0
LINE
  5
F0
330
1F
100
AcDbEntity
  8
Mechanical3
100
AcDbLine
 10
161.199995
 20
31.003679
 30
0.0
 11
161.199995
 21
48.796308
 31
0.0
  0
LINE
  5
F1
330
1F
100
AcDbEntity
  8
Mechanical3
100
AcDbLine
 10
163.199996
 20
31.003679
 30
0.0
 11
163.199996
 21
48.796308
 31
0.0
  0
LINE
  5
F2
330
1F
100
AcDbEntity
  8
Mechanical3
100
AcDbLine
 10
108.499994
 20
9.999995
 30
0.0
 11
140.300006
 21
9.999995
 31
0.0
  0
LINE
  5
F3
330
1F
100
AcDbEntity
  8
Mechanical3
100
AcDbLine
 10
125.400001
 20
15.899994
 30
0.0
 11
125.400001
 21
25.003681
 31
0.0
  0
LINE
  5
F4
330
1F
100
AcDbEntity
  8
Mechanical3
100
AcDbLine
 10
124.399995
 20
26.003679
 30
0.0
 11
124.4
 21
26.003679
 31
0.0
  0
LINE
  5
F5
330
1F
100
AcDbEntity
  8
Mechanical3
100
AcDbLine
 10
123.4
 20
15.899994
 30
0.0
 11
123.400002
 21
25.006869
 31
0.0
  0
LINE
  5
F6
330
1F
100
AcDbEntity
  8
Mechanical3
100
AcDbLine
 10
124.399992
 20
30.003681
 30
0.0
 11
124.399998
 21
30.003681
 31
0.0
  0
LINE
  5
F7
330
1F
100
AcDbEntity
  8
Mechanical3
100
AcDbLine
 10
108.499994
 20
11.999994
 30
0.0
 11
119.5
 21
11.999994
 31
0.0
  0
LINE
  5
F8
330
1F
100
AcDbEntity
  8
Mechanical3
100
AcDbLine
 10
129.3
 20
11.999994
 30
0.0
 11
140.300006
 21
11.999994
 31
0.0
  0
LINE
  5
F9
330
1F
100
AcDbEntity
  8
Mechanical3
100
AcDbLine
 10
124.399992
 20
49.796306
 30
0.0
 11
124.399998
 21
49.796306
 31
0.0
  0
LINE
  5
FA
330
1F
100
AcDbEntity
  8
Mechanical3
100
AcDbLine
 10
123.399995
 20
31.003679
 30
0.0
 11
123.399995
 21
48.796308
 31
0.0
  0
LINE
  5
FB
330
1F
100
AcDbEntity
  8
Mechanical3
100
AcDbLine
 10
125.399996
 20
31.003679
 30
0.0
 11
125.399996
 21
48.796308
 31
0.0
  0
LINE
  5
FC
330
1F
100
AcDbEntity
  8
Mechanical3
100
AcDbLine
 10
70.699993
 20
9.999998
 30
0.0
 11
102.500006
 21
9.999998
 31
0.0
  0
LINE
  5
FD
330
1F
100
AcDbEntity
  8
Mechanical3
100
AcDbLine
 10
87.6
 20
15.899996
 30
0.0
 11
87.6
 21
25.003684
 31
0.0
  0
LINE
  5
FE
330
1F
100
AcDbEntity
  8
Mechanical3
100
AcDbLine
 10
86.599994
 20
26.003682
 30
0.0
 11
86.6
 21
26.003682
 31
0.0
  0
LINE
  5
FF
330
1F
100
AcDbEntity
  8
Mechanical3
100
AcDbLine
 10
85.599999
 20
15.899996
 30
0.0
 11
85.600002
 21
25.006871
 31
0.0
  0
LINE
  5
100
330
1F
100
AcDbEntity
  8
Mechanical3
100
AcDbLine
 10
86.599992
 20
30.003684
 30
0.0
 11
86.599997
 21
30.003684
 31
0.0
  0
LINE
  5
101
330
1F
100
AcDbEntity
  8
Mechanical3
100
AcDbLine
 10
70.699993
 20
11.999996
 30
0.0
 11
81.699999
 21
11.999996
 31
0.0
  0
LINE
  5
102
330
1F
100
AcDbEntity
  8
Mechanical3
100
AcDbLine
 10
91.5
 20
11.999996
 30
0.0
 11
102.500006
 21
11.999996
 31
0.0
  0
LINE
  5
103
330
1F
100
AcDbEntity
  8
Mechanical3
100
AcDbLine
 10
86.599992
 20
49.796309
 30
0.0
 11
86.599997
 21
49.796309
 31
0.0
  0
LINE
  5
104
330
1F
100
AcDbEntity
  8
Mechanical3
100
AcDbLine
 10
85.599994
 20
31.003682
 30
0.0
 11
85.599994
 21
48.796311
 31
0.0
  0
LINE
  5
105
330
1F
100
AcDbEntity
  8
Mechanical3
100
AcDbLine
 10
87.599995
 20
31.003682
 30
0.0
 11
87.599995
 21
48.796311
 31
0.0
  0
LINE
  5
106
330
1F
100
AcDbEntity
  8
Mechanical3
100
AcDbLine
 10
10.999998
 20
83.803686
 30
0.0
 11
11.000003
 21
83.803686
 31
0.0
  0
LINE
  5
107
330
1F
100
AcDbEntity
  8
Mechanical3
100
AcDbLine
 10
11.999996
 20
82.806875
 30
0.0
 11
11.999999
 21
73.7
 31
0.0
  0
LINE
  5
108
330
1F
100
AcDbEntity
  8
Mechanical3
100
AcDbLine
 10
49.799994
 20
31.003684
 30
0.0
 11
49.799994
 21
48.796313
 31
0.0
  0
LINE
  5
109
330
1F
100
AcDbEntity
  8
Mechanical3
100
AcDbLine
 10
47.799993
 20
31.003684
 30
0.0
 11
47.799993
 21
48.796313
 31
0.0
  0
LINE
  5
10A
330
1F
100
AcDbEntity
  8
Mechanical3
100
AcDbLine
 10
12.000004
 20
31.003684
 30
0.0
 11
12.000004
 21
48.796313
 31
0.0
  0
LINE
  5
10B
330
1F
100
AcDbEntity
  8
Mechanical3
100
AcDbLine
 10
10.000003
 20
31.003684
 30
0.0
 11
10.000003
 21
48.796313
 31
0.0
  0
LINE
  5
10C
330
1F
100
AcDbEntity
  8
Mechanical3
100
AcDbLine
 10
15.899999
 20
67.799999
 30
0.0
 11
26.900005
 21
67.799999
 31
0.0
  0
LINE
  5
10D
330
1F
100
AcDbEntity
  8
Mechanical3
100
AcDbLine
 10
11.000001
 20
49.796311
 30
0.0
 11
11.000006
 21
49.796311
 31
0.0
  0
LINE
  5
10E
330
1F
100
AcDbEntity
  8
Mechanical3
100
AcDbLine
 10
11.999996
 20
54.793124
 30
0.0
 11
11.999999
 21
63.899999
 31
0.0
  0
LINE
  5
10F
330
1F
100
AcDbEntity
  8
Mechanical3
100
AcDbLine
 10
10.999998
 20
53.796314
 30
0.0
 11
11.000003
 21
53.796314
 31
0.0
  0
LINE
  5
110
330
1F
100
AcDbEntity
  8
Mechanical3
100
AcDbLine
 10
9.999998
 20
54.796312
 30
0.0
 11
9.999998
 21
82.803688
 31
0.0
  0
LINE
  5
111
330
1F
100
AcDbEntity
  8
Mechanical3
100
AcDbLine
 10
15.899999
 20
69.799998
 30
0.0
 11
26.900005
 21
69.799998
 31
0.0
  0
LINE
  5
112
330
1F
100
AcDbEntity
  8
Mechanical3
100
AcDbLine
 10
48.799991
 20
49.796311
 30
0.0
 11
48.799996
 21
49.796311
 31
0.0
  0
LINE
  5
113
330
1F
100
AcDbEntity
  8
Mechanical3
100
AcDbLine
 10
53.699999
 20
11.999999
 30
0.0
 11
64.700005
 21
11.999999
 31
0.0
  0
LINE
  5
114
330
1F
100
AcDbEntity
  8
Mechanical3
100
AcDbLine
 10
32.899993
 20
11.999999
 30
0.0
 11
43.899999
 21
11.999999
 31
0.0
  0
LINE
  5
115
330
1F
100
AcDbEntity
  8
Mechanical3
100
AcDbLine
 10
48.799991
 20
30.003687
 30
0.0
 11
48.799996
 21
30.003687
 31
0.0
  0
LINE
  5
116
330
1F
100
AcDbEntity
  8
Mechanical3
100
AcDbLine
 10
47.799998
 20
15.899999
 30
0.0
 11
47.800001
 21
25.006874
 31
0.0
  0
LINE
  5
117
330
1F
100
AcDbEntity
  8
Mechanical3
100
AcDbLine
 10
48.799994
 20
26.003684
 30
0.0
 11
48.799999
 21
26.003684
 31
0.0
  0
LINE
  5
118
330
1F
100
AcDbEntity
  8
Mechanical3
100
AcDbLine
 10
49.799999
 20
15.899999
 30
0.0
 11
49.799999
 21
25.003686
 31
0.0
  0
LINE
  5
119
330
1F
100
AcDbEntity
  8
Mechanical3
100
AcDbLine
 10
32.899993
 20
10.0
 30
0.0
 11
64.700005
 21
10.0
 31
0.0
  0
LINE
  5
11A
330
1F
100
AcDbEntity
  8
Mechanical3
100
AcDbLine
 10
15.649321
 20
10.0
 30
0.0
 11
26.900005
 21
10.0
 31
0.0
  0
LINE
  5
11B
330
1F
100
AcDbEntity
  8
Mechanical3
100
AcDbLine
 10
9.999998
 20
15.649324
 30
0.0
 11
9.999998
 21
25.003686
 31
0.0
  0
LINE
  5
11C
330
1F
100
AcDbEntity
  8
Mechanical3
100
AcDbLine
 10
10.999998
 20
26.003684
 30
0.0
 11
11.000003
 21
26.003684
 31
0.0
  0
LINE
  5
11D
330
1F
100
AcDbEntity
  8
Mechanical3
100
AcDbLine
 10
11.999996
 20
25.006874
 30
0.0
 11
11.999999
 21
15.899999
 31
0.0
  0
LINE
  5
11E
330
1F
100
AcDbEntity
  8
Mechanical3
100
AcDbLine
 10
11.000001
 20
30.003687
 30
0.0
 11
11.000006
 21
30.003687
 31
0.0
  0
LINE
  5
11F
330
1F
100
AcDbEntity
  8
Mechanical3
100
AcDbLine
 10
15.899999
 20
11.999999
 30
0.0
 11
26.900005
 21
11.999999
 31
0.0
  0
LINE
  5
120
330
1F
100
AcDbEntity
  8
Mechanical4
100
AcDbLine
 10
11.999999
 20
73.7
 30
0.0
 11
11.999999
 21
121.7
 31
0.0
  0
LINE
  5
121
330
1F
100
AcDbEntity
  8
Mechanical4
100
AcDbLine
 10
15.899999
 20
125.6
 30
0.0
 11
43.899999
 21
125.6
 31
0.0
  0
LINE
  5
122
330
1F
100
AcDbEntity
  8
Mechanical4
100
AcDbLine
 10
47.799998
 20
73.7
 30
0.0
 11
47.799998
 21
121.7
 31
0.0
  0
LINE
  5
123
330
1F
100
AcDbEntity
  8
Mechanical4
100
AcDbLine
 10
15.899999
 20
69.799998
 30
0.0
 11
43.899999
 21
69.8
 31
0.0
  0
LINE
  5
124
330
1F
100
AcDbEntity
  8
Mechanical4
100
AcDbLine
 10
49.799999
 20
73.7
 30
0.0
 11
49.799999
 21
121.7
 31
0.0
  0
LINE
  5
125
330
1F
100
AcDbEntity
  8
Mechanical4
100
AcDbLine
 10
53.699999
 20
125.6
 30
0.0
 11
81.699999
 21
125.6
 31
0.0
  0
LINE
  5
126
330
1F
100
AcDbEntity
  8
Mechanical4
100
AcDbLine
 10
85.599999
 20
73.7
 30
0.0
 11
85.599999
 21
121.7
 31
0.0
  0
LINE
  5
127
330
1F
100
AcDbEntity
  8
Mechanical4
100
AcDbLine
 10
53.699999
 20
69.799998
 30
0.0
 11
81.699999
 21
69.8
 31
0.0
  0
LINE
  5
128
330
1F
100
AcDbEntity
  8
Mechanical4
100
AcDbLine
 10
87.6
 20
73.700002
 30
0.0
 11
87.6
 21
121.700003
 31
0.0
  0
LINE
  5
129
330
1F
100
AcDbEntity
  8
Mechanical4
100
AcDbLine
 10
91.5
 20
125.600003
 30
0.0
 11
119.5
 21
125.600003
 31
0.0
  0
LINE
  5
12A
330
1F
100
AcDbEntity
  8
Mechanical4
100
AcDbLine
 10
123.4
 20
73.700002
 30
0.0
 11
123.4
 21
121.700003
 31
0.0
  0
LINE
  5
12B
330
1F
100
AcDbEntity
  8
Mechanical4
100
AcDbLine
 10
91.5
 20
69.8
 30
0.0
 11
119.5
 21
69.800003
 31
0.0
  0
LINE
  5
12C
330
1F
100
AcDbEntity
  8
Mechanical4
100
AcDbLine
 10
125.400001
 20
73.700002
 30
0.0
 11
125.400001
 21
121.700003
 31
0.0
  0
LINE
  5
12D
330
1F
100
AcDbEntity
  8
Mechanical4
100
AcDbLine
 10
129.3
 20
125.600003
 30
0.0
 11
157.3
 21
125.600003
 31
0.0
  0
LINE
  5
12E
330
1F
100
AcDbEntity
  8
Mechanical4
100
AcDbLine
 10
161.2
 20
73.700002
 30
0.0
 11
161.2
 21
121.700003
 31
0.0
  0
LINE
  5
12F
330
1F
100
AcDbEntity
  8
Mechanical4
100
AcDbLine
 10
129.3
 20
69.8
 30
0.0
 11
157.3
 21
69.800003
 31
0.0
  0
LINE
  5
130
330
1F
100
AcDbEntity
  8
Mechanical4
100
AcDbLine
 10
163.200001
 20
73.699995
 30
0.0
 11
163.200001
 21
121.699995
 31
0.0
  0
LINE
  5
131
330
1F
100
AcDbEntity
  8
Mechanical4
100
AcDbLine
 10
167.100001
 20
125.599995
 30
0.0
 11
195.100001
 21
125.599995
 31
0.0
  0
LINE
  5
132
330
1F
100
AcDbEntity
  8
Mechanical4
100
AcDbLine
 10
199.000001
 20
73.699995
 30
0.0
 11
199.000001
 21
121.699995
 31
0.0
  0
LINE
  5
133
330
1F
100
AcDbEntity
  8
Mechanical4
100
AcDbLine
 10
167.100001
 20
69.799992
 30
0.0
 11
195.100001
 21
69.799995
 31
0.0
  0
LINE
  5
134
330
1F
100
AcDbEntity
  8
Mechanical4
100
AcDbLine
 10
163.200001
 20
15.900001
 30
0.0
 11
163.200001
 21
63.900002
 31
0.0
  0
LINE
  5
135
330
1F
100
AcDbEntity
  8
Mechanical4
100
AcDbLine
 10
167.100001
 20
67.800002
 30
0.0
 11
195.100001
 21
67.800002
 31
0.0
  0
LINE
  5
136
330
1F
100
AcDbEntity
  8
Mechanical4
100
AcDbLine
 10
199.000001
 20
15.900001
 30
0.0
 11
199.000001
 21
63.900002
 31
0.0
  0
LINE
  5
137
330
1F
100
AcDbEntity
  8
Mechanical4
100
AcDbLine
 10
167.100001
 20
11.999999
 30
0.0
 11
195.100001
 21
12.000001
 31
0.0
  0
LINE
  5
138
330
1F
100
AcDbEntity
  8
Mechanical4
100
AcDbLine
 10
125.400001
 20
15.899996
 30
0.0
 11
125.400001
 21
63.899997
 31
0.0
  0
LINE
  5
139
330
1F
100
AcDbEntity
  8
Mechanical4
100
AcDbLine
 10
129.3
 20
67.799996
 30
0.0
 11
157.3
 21
67.799996
 31
0.0
  0
LINE
  5
13A
330
1F
100
AcDbEntity
  8
Mechanical4
100
AcDbLine
 10
161.2
 20
15.899996
 30
0.0
 11
161.2
 21
63.899997
 31
0.0
  0
LINE
  5
13B
330
1F
100
AcDbEntity
  8
Mechanical4
100
AcDbLine
 10
129.3
 20
11.999994
 30
0.0
 11
157.3
 21
11.999996
 31
0.0
  0
LINE
  5
13C
330
1F
100
AcDbEntity
  8
Mechanical4
100
AcDbLine
 10
87.6
 20
15.899999
 30
0.0
 11
87.6
 21
63.899999
 31
0.0
  0
LINE
  5
13D
330
1F
100
AcDbEntity
  8
Mechanical4
100
AcDbLine
 10
91.5
 20
67.799999
 30
0.0
 11
119.5
 21
67.799999
 31
0.0
  0
LINE
  5
13E
330
1F
100
AcDbEntity
  8
Mechanical4
100
AcDbLine
 10
123.4
 20
15.899999
 30
0.0
 11
123.4
 21
63.899999
 31
0.0
  0
LINE
  5
13F
330
1F
100
AcDbEntity
  8
Mechanical4
100
AcDbLine
 10
91.5
 20
11.999996
 30
0.0
 11
119.5
 21
11.999999
 31
0.0
  0
LINE
  5
140
330
1F
100
AcDbEntity
  8
Mechanical4
100
AcDbLine
 10
49.799999
 20
15.900001
 30
0.0
 11
49.799999
 21
63.900002
 31
0.0
  0
LINE
  5
141
330
1F
100
AcDbEntity
  8
Mechanical4
100
AcDbLine
 10
53.699999
 20
67.800002
 30
0.0
 11
81.699999
 21
67.800002
 31
0.0
  0
LINE
  5
142
330
1F
100
AcDbEntity
  8
Mechanical4
100
AcDbLine
 10
85.599999
 20
15.900001
 30
0.0
 11
85.599999
 21
63.900002
 31
0.0
  0
LINE
  5
143
330
1F
100
AcDbEntity
  8
Mechanical4
100
AcDbLine
 10
53.699999
 20
11.999999
 30
0.0
 11
81.699999
 21
12.000001
 31
0.0
  0
LINE
  5
144
330
1F
100
AcDbEntity
  8
Mechanical4
100
AcDbLine
 10
15.899999
 20
11.999996
 30
0.0
 11
43.899999
 21
11.999999
 31
0.0
  0
LINE
  5
145
330
1F
100
AcDbEntity
  8
Mechanical4
100
AcDbLine
 10
47.799998
 20
15.899999
 30
0.0
 11
47.799998
 21
63.899999
 31
0.0
  0
LINE
  5
146
330
1F
100
AcDbEntity
  8
Mechanical4
100
AcDbLine
 10
15.899999
 20
67.799999
 30
0.0
 11
43.899999
 21
67.799999
 31
0.0
  0
LINE
  5
147
330
1F
100
AcDbEntity
  8
Mechanical4
100
AcDbLine
 10
11.999999
 20
15.899999
 30
0.0
 11
11.999999
 21
63.899999
 31
0.0
  0
ARC
  5
148
330
1F
100
AcDbEntity
  8
Mechanical3
100
AcDbCircle
 10
15.899999
 20
121.7
 30
0.0
 40
3.89999982
100
AcDbArc
 50
90.0
 51
180.0
  0
ARC
  5
149
330
1F
100
AcDbEntity
  8
Mechanical3
100
AcDbCircle
 10
26.900005
 20
126.600001
 30
0.0
 40
0.999998
100
AcDbArc
 50
0.0
 51
90.0
  0
ARC
  5
14A
330
1F
100
AcDbEntity
  8
Mechanical3
100
AcDbCircle
 10
26.900005
 20
126.599998
 30
0.0
 40
0.999998
100
AcDbArc
 50
270.0
 51
0.0
  0
ARC
  5
14B
330
1F
100
AcDbEntity
  8
Mechanical3
100
AcDbCircle
 10
11.000006
 20
106.596315
 30
0.0
 40
0.999998
100
AcDbArc
 50
0.0
 51
90.0
  0
ARC
  5
14C
330
1F
100
AcDbEntity
  8
Mechanical3
100
AcDbCircle
 10
11.000001
 20
106.596315
 30
0.0
 40
0.999998
100
AcDbArc
 50
90.0
 51
180.0
  0
ARC
  5
14D
330
1F
100
AcDbEntity
  8
Mechanical3
100
AcDbCircle
 10
11.000003
 20
112.596313
 30
0.0
 40
0.999998
100
AcDbArc
 50
270.0
 51
0.0
  0
ARC
  5
14E
330
1F
100
AcDbEntity
  8
Mechanical3
100
AcDbCircle
 10
10.999998
 20
112.596313
 30
0.0
 40
0.999998
100
AcDbArc
 50
180.0
 51
270.0
  0
ARC
  5
14F
330
1F
100
AcDbEntity
  8
Mechanical3
100
AcDbCircle
 10
15.649321
 20
121.950676
 30
0.0
 40
5.64932322
100
AcDbArc
 50
90.0
 51
180.0
  0
ARC
  5
150
330
1F
100
AcDbEntity
  8
Mechanical3
100
AcDbCircle
 10
48.799999
 20
112.596313
 30
0.0
 40
0.999998
100
AcDbArc
 50
270.0
 51
0.0
  0
ARC
  5
151
330
1F
100
AcDbEntity
  8
Mechanical3
100
AcDbCircle
 10
48.799994
 20
112.596313
 30
0.0
 40
0.999998
100
AcDbArc
 50
180.0
 51
270.0
  0
ARC
  5
152
330
1F
100
AcDbEntity
  8
Mechanical3
100
AcDbCircle
 10
48.799996
 20
106.596315
 30
0.0
 40
0.999998
100
AcDbArc
 50
0.0
 51
90.0
  0
ARC
  5
153
330
1F
100
AcDbEntity
  8
Mechanical3
100
AcDbCircle
 10
48.799991
 20
106.596315
 30
0.0
 40
0.999998
100
AcDbArc
 50
90.0
 51
180.0
  0
ARC
  5
154
330
1F
100
AcDbEntity
  8
Mechanical3
100
AcDbCircle
 10
32.899993
 20
126.599998
 30
0.0
 40
0.999998
100
AcDbArc
 50
180.0
 51
270.0
  0
ARC
  5
155
330
1F
100
AcDbEntity
  8
Mechanical3
100
AcDbCircle
 10
32.899993
 20
126.600001
 30
0.0
 40
0.999998
100
AcDbArc
 50
90.0
 51
180.0
  0
ARC
  5
156
330
1F
100
AcDbEntity
  8
Mechanical3
100
AcDbCircle
 10
43.899999
 20
121.7
 30
0.0
 40
3.89999982
100
AcDbArc
 50
0.0
 51
90.0
  0
ARC
  5
157
330
1F
100
AcDbEntity
  8
Mechanical3
100
AcDbCircle
 10
53.699999
 20
121.7
 30
0.0
 40
3.89999982
100
AcDbArc
 50
90.0
 51
180.0
  0
ARC
  5
158
330
1F
100
AcDbEntity
  8
Mechanical3
100
AcDbCircle
 10
64.700005
 20
126.600001
 30
0.0
 40
0.999998
100
AcDbArc
 50
0.0
 51
90.0
  0
ARC
  5
159
330
1F
100
AcDbEntity
  8
Mechanical3
100
AcDbCircle
 10
64.700005
 20
126.599998
 30
0.0
 40
0.999998
100
AcDbArc
 50
270.0
 51
0.0
  0
ARC
  5
15A
330
1F
100
AcDbEntity
  8
Mechanical3
100
AcDbCircle
 10
48.799991
 20
88.803686
 30
0.0
 40
0.999998
100
AcDbArc
 50
180.0
 51
270.0
  0
ARC
  5
15B
330
1F
100
AcDbEntity
  8
Mechanical3
100
AcDbCircle
 10
48.799996
 20
88.803686
 30
0.0
 40
0.999998
100
AcDbArc
 50
270.0
 51
0.0
  0
ARC
  5
15C
330
1F
100
AcDbEntity
  8
Mechanical3
100
AcDbCircle
 10
11.000001
 20
88.803686
 30
0.0
 40
0.999998
100
AcDbArc
 50
180.0
 51
270.0
  0
ARC
  5
15D
330
1F
100
AcDbEntity
  8
Mechanical3
100
AcDbCircle
 10
11.000006
 20
88.803686
 30
0.0
 40
0.999998
100
AcDbArc
 50
270.0
 51
0.0
  0
ARC
  5
15E
330
1F
100
AcDbEntity
  8
Mechanical3
100
AcDbCircle
 10
86.599997
 20
88.803688
 30
0.0
 40
0.999998
100
AcDbArc
 50
270.0
 51
0.0
  0
ARC
  5
15F
330
1F
100
AcDbEntity
  8
Mechanical3
100
AcDbCircle
 10
86.599992
 20
88.803688
 30
0.0
 40
0.999998
100
AcDbArc
 50
180.0
 51
270.0
  0
ARC
  5
160
330
1F
100
AcDbEntity
  8
Mechanical3
100
AcDbCircle
 10
102.500006
 20
126.600001
 30
0.0
 40
0.999998
100
AcDbArc
 50
270.0
 51
0.0
  0
ARC
  5
161
330
1F
100
AcDbEntity
  8
Mechanical3
100
AcDbCircle
 10
102.500006
 20
126.600003
 30
0.0
 40
0.999998
100
AcDbArc
 50
0.0
 51
90.0
  0
ARC
  5
162
330
1F
100
AcDbEntity
  8
Mechanical3
100
AcDbCircle
 10
91.5
 20
121.700003
 30
0.0
 40
3.89999982
100
AcDbArc
 50
90.0
 51
180.0
  0
ARC
  5
163
330
1F
100
AcDbEntity
  8
Mechanical3
100
AcDbCircle
 10
81.699999
 20
121.700003
 30
0.0
 40
3.89999982
100
AcDbArc
 50
0.0
 51
90.0
  0
ARC
  5
164
330
1F
100
AcDbEntity
  8
Mechanical3
100
AcDbCircle
 10
70.699993
 20
126.600003
 30
0.0
 40
0.999998
100
AcDbArc
 50
90.0
 51
180.0
  0
ARC
  5
165
330
1F
100
AcDbEntity
  8
Mechanical3
100
AcDbCircle
 10
70.699993
 20
126.600001
 30
0.0
 40
0.999998
100
AcDbArc
 50
180.0
 51
270.0
  0
ARC
  5
166
330
1F
100
AcDbEntity
  8
Mechanical3
100
AcDbCircle
 10
86.599992
 20
106.596317
 30
0.0
 40
0.999998
100
AcDbArc
 50
90.0
 51
180.0
  0
ARC
  5
167
330
1F
100
AcDbEntity
  8
Mechanical3
100
AcDbCircle
 10
86.599997
 20
106.596317
 30
0.0
 40
0.999998
100
AcDbArc
 50
0.0
 51
90.0
  0
ARC
  5
168
330
1F
100
AcDbEntity
  8
Mechanical3
100
AcDbCircle
 10
86.599994
 20
112.596315
 30
0.0
 40
0.999998
100
AcDbArc
 50
180.0
 51
270.0
  0
ARC
  5
169
330
1F
100
AcDbEntity
  8
Mechanical3
100
AcDbCircle
 10
86.6
 20
112.596315
 30
0.0
 40
0.999998
100
AcDbArc
 50
270.0
 51
0.0
  0
ARC
  5
16A
330
1F
100
AcDbEntity
  8
Mechanical3
100
AcDbCircle
 10
124.399998
 20
88.803691
 30
0.0
 40
0.999998
100
AcDbArc
 50
270.0
 51
0.0
  0
ARC
  5
16B
330
1F
100
AcDbEntity
  8
Mechanical3
100
AcDbCircle
 10
124.399992
 20
88.803691
 30
0.0
 40
0.999998
100
AcDbArc
 50
180.0
 51
270.0
  0
ARC
  5
16C
330
1F
100
AcDbEntity
  8
Mechanical3
100
AcDbCircle
 10
140.300006
 20
126.600003
 30
0.0
 40
0.999998
100
AcDbArc
 50
270.0
 51
0.0
  0
ARC
  5
16D
330
1F
100
AcDbEntity
  8
Mechanical3
100
AcDbCircle
 10
140.300006
 20
126.600006
 30
0.0
 40
0.999998
100
AcDbArc
 50
0.0
 51
90.0
  0
ARC
  5
16E
330
1F
100
AcDbEntity
  8
Mechanical3
100
AcDbCircle
 10
129.3
 20
121.700006
 30
0.0
 40
3.89999982
100
AcDbArc
 50
90.0
 51
180.0
  0
ARC
  5
16F
330
1F
100
AcDbEntity
  8
Mechanical3
100
AcDbCircle
 10
119.5
 20
121.700006
 30
0.0
 40
3.89999982
100
AcDbArc
 50
0.0
 51
90.0
  0
ARC
  5
170
330
1F
100
AcDbEntity
  8
Mechanical3
100
AcDbCircle
 10
108.499994
 20
126.600006
 30
0.0
 40
0.999998
100
AcDbArc
 50
90.0
 51
180.0
  0
ARC
  5
171
330
1F
100
AcDbEntity
  8
Mechanical3
100
AcDbCircle
 10
108.499994
 20
126.600003
 30
0.0
 40
0.999998
100
AcDbArc
 50
180.0
 51
270.0
  0
ARC
  5
172
330
1F
100
AcDbEntity
  8
Mechanical3
100
AcDbCircle
 10
124.399992
 20
106.59632
 30
0.0
 40
0.999998
100
AcDbArc
 50
90.0
 51
180.0
  0
ARC
  5
173
330
1F
100
AcDbEntity
  8
Mechanical3
100
AcDbCircle
 10
124.399998
 20
106.59632
 30
0.0
 40
0.999998
100
AcDbArc
 50
0.0
 51
90.0
  0
ARC
  5
174
330
1F
100
AcDbEntity
  8
Mechanical3
100
AcDbCircle
 10
124.399995
 20
112.596318
 30
0.0
 40
0.999998
100
AcDbArc
 50
180.0
 51
270.0
  0
ARC
  5
175
330
1F
100
AcDbEntity
  8
Mechanical3
100
AcDbCircle
 10
124.4
 20
112.596318
 30
0.0
 40
0.999998
100
AcDbArc
 50
270.0
 51
0.0
  0
ARC
  5
176
330
1F
100
AcDbEntity
  8
Mechanical3
100
AcDbCircle
 10
162.199998
 20
88.803691
 30
0.0
 40
0.999998
100
AcDbArc
 50
270.0
 51
0.0
  0
ARC
  5
177
330
1F
100
AcDbEntity
  8
Mechanical3
100
AcDbCircle
 10
162.199993
 20
88.803691
 30
0.0
 40
0.999998
100
AcDbArc
 50
180.0
 51
270.0
  0
ARC
  5
178
330
1F
100
AcDbEntity
  8
Mechanical3
100
AcDbCircle
 10
178.100007
 20
126.600003
 30
0.0
 40
0.999998
100
AcDbArc
 50
270.0
 51
0.0
  0
ARC
  5
179
330
1F
100
AcDbEntity
  8
Mechanical3
100
AcDbCircle
 10
178.100007
 20
126.600006
 30
0.0
 40
0.999998
100
AcDbArc
 50
0.0
 51
90.0
  0
ARC
  5
17A
330
1F
100
AcDbEntity
  8
Mechanical3
100
AcDbCircle
 10
167.100001
 20
121.700006
 30
0.0
 40
3.89999982
100
AcDbArc
 50
90.0
 51
180.0
  0
ARC
  5
17B
330
1F
100
AcDbEntity
  8
Mechanical3
100
AcDbCircle
 10
157.3
 20
121.700006
 30
0.0
 40
3.89999982
100
AcDbArc
 50
0.0
 51
90.0
  0
ARC
  5
17C
330
1F
100
AcDbEntity
  8
Mechanical3
100
AcDbCircle
 10
146.299994
 20
126.600006
 30
0.0
 40
0.999998
100
AcDbArc
 50
90.0
 51
180.0
  0
ARC
  5
17D
330
1F
100
AcDbEntity
  8
Mechanical3
100
AcDbCircle
 10
146.299994
 20
126.600003
 30
0.0
 40
0.999998
100
AcDbArc
 50
180.0
 51
270.0
  0
ARC
  5
17E
330
1F
100
AcDbEntity
  8
Mechanical3
100
AcDbCircle
 10
162.199993
 20
106.59632
 30
0.0
 40
0.999998
100
AcDbArc
 50
90.0
 51
180.0
  0
ARC
  5
17F
330
1F
100
AcDbEntity
  8
Mechanical3
100
AcDbCircle
 10
162.199998
 20
106.59632
 30
0.0
 40
0.999998
100
AcDbArc
 50
0.0
 51
90.0
  0
ARC
  5
180
330
1F
100
AcDbEntity
  8
Mechanical3
100
AcDbCircle
 10
162.199996
 20
112.596318
 30
0.0
 40
0.999998
100
AcDbArc
 50
180.0
 51
270.0
  0
ARC
  5
181
330
1F
100
AcDbEntity
  8
Mechanical3
100
AcDbCircle
 10
162.200001
 20
112.596318
 30
0.0
 40
0.999998
100
AcDbArc
 50
270.0
 51
0.0
  0
ARC
  5
182
330
1F
100
AcDbEntity
  8
Mechanical3
100
AcDbCircle
 10
199.999994
 20
88.803688
 30
0.0
 40
0.999998
100
AcDbArc
 50
180.0
 51
270.0
  0
ARC
  5
183
330
1F
100
AcDbEntity
  8
Mechanical3
100
AcDbCircle
 10
199.999999
 20
88.803688
 30
0.0
 40
0.999998
100
AcDbArc
 50
270.0
 51
0.0
  0
ARC
  5
184
330
1F
100
AcDbEntity
  8
Mechanical3
100
AcDbCircle
 10
195.350679
 20
121.950678
 30
0.0
 40
5.64932322
100
AcDbArc
 50
0.0
 51
90.0
  0
ARC
  5
185
330
1F
100
AcDbEntity
  8
Mechanical3
100
AcDbCircle
 10
200.000001
 20
112.596315
 30
0.0
 40
0.999998
100
AcDbArc
 50
270.0
 51
0.0
  0
ARC
  5
186
330
1F
100
AcDbEntity
  8
Mechanical3
100
AcDbCircle
 10
199.999996
 20
112.596315
 30
0.0
 40
0.999998
100
AcDbArc
 50
180.0
 51
270.0
  0
ARC
  5
187
330
1F
100
AcDbEntity
  8
Mechanical3
100
AcDbCircle
 10
199.999999
 20
106.596317
 30
0.0
 40
0.999998
100
AcDbArc
 50
0.0
 51
90.0
  0
ARC
  5
188
330
1F
100
AcDbEntity
  8
Mechanical3
100
AcDbCircle
 10
199.999994
 20
106.596317
 30
0.0
 40
0.999998
100
AcDbArc
 50
90.0
 51
180.0
  0
ARC
  5
189
330
1F
100
AcDbEntity
  8
Mechanical3
100
AcDbCircle
 10
184.099995
 20
126.600001
 30
0.0
 40
0.999998
100
AcDbArc
 50
180.0
 51
270.0
  0
ARC
  5
18A
330
1F
100
AcDbEntity
  8
Mechanical3
100
AcDbCircle
 10
184.099995
 20
126.600003
 30
0.0
 40
0.999998
100
AcDbArc
 50
90.0
 51
180.0
  0
ARC
  5
18B
330
1F
100
AcDbEntity
  8
Mechanical3
100
AcDbCircle
 10
195.100001
 20
121.700003
 30
0.0
 40
3.89999982
100
AcDbArc
 50
0.0
 51
90.0
  0
ARC
  5
18C
330
1F
100
AcDbEntity
  8
Mechanical3
100
AcDbCircle
 10
162.200001
 20
54.796306
 30
0.0
 40
0.999998
100
AcDbArc
 50
270.0
 51
0.0
  0
ARC
  5
18D
330
1F
100
AcDbEntity
  8
Mechanical3
100
AcDbCircle
 10
162.199996
 20
54.796306
 30
0.0
 40
0.999998
100
AcDbArc
 50
180.0
 51
270.0
  0
ARC
  5
18E
330
1F
100
AcDbEntity
  8
Mechanical3
100
AcDbCircle
 10
146.299994
 20
68.799992
 30
0.0
 40
0.999998
100
AcDbArc
 50
180.0
 51
270.0
  0
ARC
  5
18F
330
1F
100
AcDbEntity
  8
Mechanical3
100
AcDbCircle
 10
146.299994
 20
68.799994
 30
0.0
 40
0.999998
100
AcDbArc
 50
90.0
 51
180.0
  0
ARC
  5
190
330
1F
100
AcDbEntity
  8
Mechanical3
100
AcDbCircle
 10
157.3
 20
63.899994
 30
0.0
 40
3.89999982
100
AcDbArc
 50
0.0
 51
90.0
  0
ARC
  5
191
330
1F
100
AcDbEntity
  8
Mechanical3
100
AcDbCircle
 10
167.100001
 20
63.899994
 30
0.0
 40
3.89999982
100
AcDbArc
 50
90.0
 51
180.0
  0
ARC
  5
192
330
1F
100
AcDbEntity
  8
Mechanical3
100
AcDbCircle
 10
178.100007
 20
68.799994
 30
0.0
 40
0.999998
100
AcDbArc
 50
0.0
 51
90.0
  0
ARC
  5
193
330
1F
100
AcDbEntity
  8
Mechanical3
100
AcDbCircle
 10
178.100007
 20
68.799992
 30
0.0
 40
0.999998
100
AcDbArc
 50
270.0
 51
0.0
  0
ARC
  5
194
330
1F
100
AcDbEntity
  8
Mechanical3
100
AcDbCircle
 10
167.100001
 20
73.699992
 30
0.0
 40
3.89999982
100
AcDbArc
 50
180.0
 51
270.0
  0
ARC
  5
195
330
1F
100
AcDbEntity
  8
Mechanical3
100
AcDbCircle
 10
157.3
 20
73.699992
 30
0.0
 40
3.89999982
100
AcDbArc
 50
270.0
 51
0.0
  0
ARC
  5
196
330
1F
100
AcDbEntity
  8
Mechanical3
100
AcDbCircle
 10
162.199996
 20
82.80368
 30
0.0
 40
0.999998
100
AcDbArc
 50
90.0
 51
180.0
  0
ARC
  5
197
330
1F
100
AcDbEntity
  8
Mechanical3
100
AcDbCircle
 10
162.200001
 20
82.80368
 30
0.0
 40
0.999998
100
AcDbArc
 50
0.0
 51
90.0
  0
ARC
  5
198
330
1F
100
AcDbEntity
  8
Mechanical3
100
AcDbCircle
 10
124.4
 20
54.796306
 30
0.0
 40
0.999998
100
AcDbArc
 50
270.0
 51
0.0
  0
ARC
  5
199
330
1F
100
AcDbEntity
  8
Mechanical3
100
AcDbCircle
 10
124.399995
 20
54.796306
 30
0.0
 40
0.999998
100
AcDbArc
 50
180.0
 51
270.0
  0
ARC
  5
19A
330
1F
100
AcDbEntity
  8
Mechanical3
100
AcDbCircle
 10
108.499994
 20
68.799992
 30
0.0
 40
0.999998
100
AcDbArc
 50
180.0
 51
270.0
  0
ARC
  5
19B
330
1F
100
AcDbEntity
  8
Mechanical3
100
AcDbCircle
 10
108.499994
 20
68.799994
 30
0.0
 40
0.999998
100
AcDbArc
 50
90.0
 51
180.0
  0
ARC
  5
19C
330
1F
100
AcDbEntity
  8
Mechanical3
100
AcDbCircle
 10
119.5
 20
63.899994
 30
0.0
 40
3.89999982
100
AcDbArc
 50
0.0
 51
90.0
  0
ARC
  5
19D
330
1F
100
AcDbEntity
  8
Mechanical3
100
AcDbCircle
 10
129.3
 20
63.899994
 30
0.0
 40
3.89999982
100
AcDbArc
 50
90.0
 51
180.0
  0
ARC
  5
19E
330
1F
100
AcDbEntity
  8
Mechanical3
100
AcDbCircle
 10
140.300006
 20
68.799994
 30
0.0
 40
0.999998
100
AcDbArc
 50
0.0
 51
90.0
  0
ARC
  5
19F
330
1F
100
AcDbEntity
  8
Mechanical3
100
AcDbCircle
 10
140.300006
 20
68.799992
 30
0.0
 40
0.999998
100
AcDbArc
 50
270.0
 51
0.0
  0
ARC
  5
1A0
330
1F
100
AcDbEntity
  8
Mechanical3
100
AcDbCircle
 10
129.3
 20
73.699992
 30
0.0
 40
3.89999982
100
AcDbArc
 50
180.0
 51
270.0
  0
ARC
  5
1A1
330
1F
100
AcDbEntity
  8
Mechanical3
100
AcDbCircle
 10
119.5
 20
73.699992
 30
0.0
 40
3.89999982
100
AcDbArc
 50
270.0
 51
0.0
  0
ARC
  5
1A2
330
1F
100
AcDbEntity
  8
Mechanical3
100
AcDbCircle
 10
124.399995
 20
82.80368
 30
0.0
 40
0.999998
100
AcDbArc
 50
90.0
 51
180.0
  0
ARC
  5
1A3
330
1F
100
AcDbEntity
  8
Mechanical3
100
AcDbCircle
 10
124.4
 20
82.80368
 30
0.0
 40
0.999998
100
AcDbArc
 50
0.0
 51
90.0
  0
ARC
  5
1A4
330
1F
100
AcDbEntity
  8
Mechanical3
100
AcDbCircle
 10
86.6
 20
54.796309
 30
0.0
 40
0.999998
100
AcDbArc
 50
270.0
 51
0.0
  0
ARC
  5
1A5
330
1F
100
AcDbEntity
  8
Mechanical3
100
AcDbCircle
 10
86.599994
 20
54.796309
 30
0.0
 40
0.999998
100
AcDbArc
 50
180.0
 51
270.0
  0
ARC
  5
1A6
330
1F
100
AcDbEntity
  8
Mechanical3
100
AcDbCircle
 10
70.699993
 20
68.799994
 30
0.0
 40
0.999998
100
AcDbArc
 50
180.0
 51
270.0
  0
ARC
  5
1A7
330
1F
100
AcDbEntity
  8
Mechanical3
100
AcDbCircle
 10
70.699993
 20
68.799997
 30
0.0
 40
0.999998
100
AcDbArc
 50
90.0
 51
180.0
  0
ARC
  5
1A8
330
1F
100
AcDbEntity
  8
Mechanical3
100
AcDbCircle
 10
81.699999
 20
63.899997
 30
0.0
 40
3.89999982
100
AcDbArc
 50
0.0
 51
90.0
  0
ARC
  5
1A9
330
1F
100
AcDbEntity
  8
Mechanical3
100
AcDbCircle
 10
91.5
 20
63.899997
 30
0.0
 40
3.89999982
100
AcDbArc
 50
90.0
 51
180.0
  0
ARC
  5
1AA
330
1F
100
AcDbEntity
  8
Mechanical3
100
AcDbCircle
 10
102.500006
 20
68.799997
 30
0.0
 40
0.999998
100
AcDbArc
 50
0.0
 51
90.0
  0
ARC
  5
1AB
330
1F
100
AcDbEntity
  8
Mechanical3
100
AcDbCircle
 10
102.500006
 20
68.799994
 30
0.0
 40
0.999998
100
AcDbArc
 50
270.0
 51
0.0
  0
ARC
  5
1AC
330
1F
100
AcDbEntity
  8
Mechanical3
100
AcDbCircle
 10
91.5
 20
73.699995
 30
0.0
 40
3.89999982
100
AcDbArc
 50
180.0
 51
270.0
  0
ARC
  5
1AD
330
1F
100
AcDbEntity
  8
Mechanical3
100
AcDbCircle
 10
81.699999
 20
73.699995
 30
0.0
 40
3.89999982
100
AcDbArc
 50
270.0
 51
0.0
  0
ARC
  5
1AE
330
1F
100
AcDbEntity
  8
Mechanical3
100
AcDbCircle
 10
86.599994
 20
82.803682
 30
0.0
 40
0.999998
100
AcDbArc
 50
90.0
 51
180.0
  0
ARC
  5
1AF
330
1F
100
AcDbEntity
  8
Mechanical3
100
AcDbCircle
 10
86.6
 20
82.803682
 30
0.0
 40
0.999998
100
AcDbArc
 50
0.0
 51
90.0
  0
ARC
  5
1B0
330
1F
100
AcDbEntity
  8
Mechanical3
100
AcDbCircle
 10
48.799999
 20
54.796312
 30
0.0
 40
0.999998
100
AcDbArc
 50
270.0
 51
0.0
  0
ARC
  5
1B1
330
1F
100
AcDbEntity
  8
Mechanical3
100
AcDbCircle
 10
48.799994
 20
54.796312
 30
0.0
 40
0.999998
100
AcDbArc
 50
180.0
 51
270.0
  0
ARC
  5
1B2
330
1F
100
AcDbEntity
  8
Mechanical3
100
AcDbCircle
 10
32.899993
 20
68.799997
 30
0.0
 40
0.999998
100
AcDbArc
 50
180.0
 51
270.0
  0
ARC
  5
1B3
330
1F
100
AcDbEntity
  8
Mechanical3
100
AcDbCircle
 10
32.899993
 20
68.8
 30
0.0
 40
0.999998
100
AcDbArc
 50
90.0
 51
180.0
  0
ARC
  5
1B4
330
1F
100
AcDbEntity
  8
Mechanical3
100
AcDbCircle
 10
43.899999
 20
63.899999
 30
0.0
 40
3.89999982
100
AcDbArc
 50
0.0
 51
90.0
  0
ARC
  5
1B5
330
1F
100
AcDbEntity
  8
Mechanical3
100
AcDbCircle
 10
53.699999
 20
63.899999
 30
0.0
 40
3.89999982
100
AcDbArc
 50
90.0
 51
180.0
  0
ARC
  5
1B6
330
1F
100
AcDbEntity
  8
Mechanical3
100
AcDbCircle
 10
64.700005
 20
68.8
 30
0.0
 40
0.999998
100
AcDbArc
 50
0.0
 51
90.0
  0
ARC
  5
1B7
330
1F
100
AcDbEntity
  8
Mechanical3
100
AcDbCircle
 10
64.700005
 20
68.799997
 30
0.0
 40
0.999998
100
AcDbArc
 50
270.0
 51
0.0
  0
ARC
  5
1B8
330
1F
100
AcDbEntity
  8
Mechanical3
100
AcDbCircle
 10
53.699999
 20
73.699997
 30
0.0
 40
3.89999982
100
AcDbArc
 50
180.0
 51
270.0
  0
ARC
  5
1B9
330
1F
100
AcDbEntity
  8
Mechanical3
100
AcDbCircle
 10
43.899999
 20
73.699997
 30
0.0
 40
3.89999982
100
AcDbArc
 50
270.0
 51
0.0
  0
ARC
  5
1BA
330
1F
100
AcDbEntity
  8
Mechanical3
100
AcDbCircle
 10
48.799994
 20
82.803685
 30
0.0
 40
0.999998
100
AcDbArc
 50
90.0
 51
180.0
  0
ARC
  5
1BB
330
1F
100
AcDbEntity
  8
Mechanical3
100
AcDbCircle
 10
48.799999
 20
82.803685
 30
0.0
 40
0.999998
100
AcDbArc
 50
0.0
 51
90.0
  0
ARC
  5
1BC
330
1F
100
AcDbEntity
  8
Mechanical3
100
AcDbCircle
 10
195.100001
 20
15.899996
 30
0.0
 40
3.89999982
100
AcDbArc
 50
270.0
 51
0.0
  0
ARC
  5
1BD
330
1F
100
AcDbEntity
  8
Mechanical3
100
AcDbCircle
 10
184.099995
 20
10.999996
 30
0.0
 40
0.999998
100
AcDbArc
 50
180.0
 51
270.0
  0
ARC
  5
1BE
330
1F
100
AcDbEntity
  8
Mechanical3
100
AcDbCircle
 10
184.099995
 20
10.999998
 30
0.0
 40
0.999998
100
AcDbArc
 50
90.0
 51
180.0
  0
ARC
  5
1BF
330
1F
100
AcDbEntity
  8
Mechanical3
100
AcDbCircle
 10
199.999994
 20
31.003682
 30
0.0
 40
0.999998
100
AcDbArc
 50
180.0
 51
270.0
  0
ARC
  5
1C0
330
1F
100
AcDbEntity
  8
Mechanical3
100
AcDbCircle
 10
199.999999
 20
31.003682
 30
0.0
 40
0.999998
100
AcDbArc
 50
270.0
 51
0.0
  0
ARC
  5
1C1
330
1F
100
AcDbEntity
  8
Mechanical3
100
AcDbCircle
 10
199.999996
 20
25.003684
 30
0.0
 40
0.999998
100
AcDbArc
 50
90.0
 51
180.0
  0
ARC
  5
1C2
330
1F
100
AcDbEntity
  8
Mechanical3
100
AcDbCircle
 10
200.000001
 20
25.003684
 30
0.0
 40
0.999998
100
AcDbArc
 50
0.0
 51
90.0
  0
ARC
  5
1C3
330
1F
100
AcDbEntity
  8
Mechanical3
100
AcDbCircle
 10
195.350679
 20
15.649321
 30
0.0
 40
5.64932322
100
AcDbArc
 50
270.0
 51
0.0
  0
ARC
  5
1C4
330
1F
100
AcDbEntity
  8
Mechanical3
100
AcDbCircle
 10
200.000001
 20
54.796309
 30
0.0
 40
0.999998
100
AcDbArc
 50
270.0
 51
0.0
  0
ARC
  5
1C5
330
1F
100
AcDbEntity
  8
Mechanical3
100
AcDbCircle
 10
199.999996
 20
54.796309
 30
0.0
 40
0.999998
100
AcDbArc
 50
180.0
 51
270.0
  0
ARC
  5
1C6
330
1F
100
AcDbEntity
  8
Mechanical3
100
AcDbCircle
 10
199.999999
 20
48.796311
 30
0.0
 40
0.999998
100
AcDbArc
 50
0.0
 51
90.0
  0
ARC
  5
1C7
330
1F
100
AcDbEntity
  8
Mechanical3
100
AcDbCircle
 10
199.999994
 20
48.796311
 30
0.0
 40
0.999998
100
AcDbArc
 50
90.0
 51
180.0
  0
ARC
  5
1C8
330
1F
100
AcDbEntity
  8
Mechanical3
100
AcDbCircle
 10
184.099995
 20
68.799994
 30
0.0
 40
0.999998
100
AcDbArc
 50
180.0
 51
270.0
  0
ARC
  5
1C9
330
1F
100
AcDbEntity
  8
Mechanical3
100
AcDbCircle
 10
184.099995
 20
68.799997
 30
0.0
 40
0.999998
100
AcDbArc
 50
90.0
 51
180.0
  0
ARC
  5
1CA
330
1F
100
AcDbEntity
  8
Mechanical3
100
AcDbCircle
 10
195.100001
 20
63.899997
 30
0.0
 40
3.89999982
100
AcDbArc
 50
0.0
 51
90.0
  0
ARC
  5
1CB
330
1F
100
AcDbEntity
  8
Mechanical3
100
AcDbCircle
 10
195.100001
 20
73.699997
 30
0.0
 40
3.89999982
100
AcDbArc
 50
270.0
 51
0.0
  0
ARC
  5
1CC
330
1F
100
AcDbEntity
  8
Mechanical3
100
AcDbCircle
 10
199.999996
 20
82.803685
 30
0.0
 40
0.999998
100
AcDbArc
 50
90.0
 51
180.0
  0
ARC
  5
1CD
330
1F
100
AcDbEntity
  8
Mechanical3
100
AcDbCircle
 10
200.000001
 20
82.803685
 30
0.0
 40
0.999998
100
AcDbArc
 50
0.0
 51
90.0
  0
ARC
  5
1CE
330
1F
100
AcDbEntity
  8
Mechanical3
100
AcDbCircle
 10
162.200001
 20
25.003681
 30
0.0
 40
0.999998
100
AcDbArc
 50
0.0
 51
90.0
  0
ARC
  5
1CF
330
1F
100
AcDbEntity
  8
Mechanical3
100
AcDbCircle
 10
162.199996
 20
25.003681
 30
0.0
 40
0.999998
100
AcDbArc
 50
90.0
 51
180.0
  0
ARC
  5
1D0
330
1F
100
AcDbEntity
  8
Mechanical3
100
AcDbCircle
 10
162.199998
 20
31.003679
 30
0.0
 40
0.999998
100
AcDbArc
 50
270.0
 51
0.0
  0
ARC
  5
1D1
330
1F
100
AcDbEntity
  8
Mechanical3
100
AcDbCircle
 10
162.199993
 20
31.003679
 30
0.0
 40
0.999998
100
AcDbArc
 50
180.0
 51
270.0
  0
ARC
  5
1D2
330
1F
100
AcDbEntity
  8
Mechanical3
100
AcDbCircle
 10
146.299994
 20
10.999996
 30
0.0
 40
0.999998
100
AcDbArc
 50
90.0
 51
180.0
  0
ARC
  5
1D3
330
1F
100
AcDbEntity
  8
Mechanical3
100
AcDbCircle
 10
146.299994
 20
10.999993
 30
0.0
 40
0.999998
100
AcDbArc
 50
180.0
 51
270.0
  0
ARC
  5
1D4
330
1F
100
AcDbEntity
  8
Mechanical3
100
AcDbCircle
 10
157.3
 20
15.899994
 30
0.0
 40
3.89999982
100
AcDbArc
 50
270.0
 51
0.0
  0
ARC
  5
1D5
330
1F
100
AcDbEntity
  8
Mechanical3
100
AcDbCircle
 10
167.100001
 20
15.899994
 30
0.0
 40
3.89999982
100
AcDbArc
 50
180.0
 51
270.0
  0
ARC
  5
1D6
330
1F
100
AcDbEntity
  8
Mechanical3
100
AcDbCircle
 10
178.100007
 20
10.999993
 30
0.0
 40
0.999998
100
AcDbArc
 50
270.0
 51
0.0
  0
ARC
  5
1D7
330
1F
100
AcDbEntity
  8
Mechanical3
100
AcDbCircle
 10
178.100007
 20
10.999996
 30
0.0
 40
0.999998
100
AcDbArc
 50
0.0
 51
90.0
  0
ARC
  5
1D8
330
1F
100
AcDbEntity
  8
Mechanical3
100
AcDbCircle
 10
162.199993
 20
48.796308
 30
0.0
 40
0.999998
100
AcDbArc
 50
90.0
 51
180.0
  0
ARC
  5
1D9
330
1F
100
AcDbEntity
  8
Mechanical3
100
AcDbCircle
 10
162.199998
 20
48.796308
 30
0.0
 40
0.999998
100
AcDbArc
 50
0.0
 51
90.0
  0
ARC
  5
1DA
330
1F
100
AcDbEntity
  8
Mechanical3
100
AcDbCircle
 10
124.4
 20
25.003681
 30
0.0
 40
0.999998
100
AcDbArc
 50
0.0
 51
90.0
  0
ARC
  5
1DB
330
1F
100
AcDbEntity
  8
Mechanical3
100
AcDbCircle
 10
124.399995
 20
25.003681
 30
0.0
 40
0.999998
100
AcDbArc
 50
90.0
 51
180.0
  0
ARC
  5
1DC
330
1F
100
AcDbEntity
  8
Mechanical3
100
AcDbCircle
 10
124.399998
 20
31.003679
 30
0.0
 40
0.999998
100
AcDbArc
 50
270.0
 51
0.0
  0
ARC
  5
1DD
330
1F
100
AcDbEntity
  8
Mechanical3
100
AcDbCircle
 10
124.399992
 20
31.003679
 30
0.0
 40
0.999998
100
AcDbArc
 50
180.0
 51
270.0
  0
ARC
  5
1DE
330
1F
100
AcDbEntity
  8
Mechanical3
100
AcDbCircle
 10
108.499994
 20
10.999996
 30
0.0
 40
0.999998
100
AcDbArc
 50
90.0
 51
180.0
  0
ARC
  5
1DF
330
1F
100
AcDbEntity
  8
Mechanical3
100
AcDbCircle
 10
108.499994
 20
10.999993
 30
0.0
 40
0.999998
100
AcDbArc
 50
180.0
 51
270.0
  0
ARC
  5
1E0
330
1F
100
AcDbEntity
  8
Mechanical3
100
AcDbCircle
 10
119.5
 20
15.899994
 30
0.0
 40
3.89999982
100
AcDbArc
 50
270.0
 51
0.0
  0
ARC
  5
1E1
330
1F
100
AcDbEntity
  8
Mechanical3
100
AcDbCircle
 10
129.3
 20
15.899994
 30
0.0
 40
3.89999982
100
AcDbArc
 50
180.0
 51
270.0
  0
ARC
  5
1E2
330
1F
100
AcDbEntity
  8
Mechanical3
100
AcDbCircle
 10
140.300006
 20
10.999993
 30
0.0
 40
0.999998
100
AcDbArc
 50
270.0
 51
0.0
  0
ARC
  5
1E3
330
1F
100
AcDbEntity
  8
Mechanical3
100
AcDbCircle
 10
140.300006
 20
10.999996
 30
0.0
 40
0.999998
100
AcDbArc
 50
0.0
 51
90.0
  0
ARC
  5
1E4
330
1F
100
AcDbEntity
  8
Mechanical3
100
AcDbCircle
 10
124.399992
 20
48.796308
 30
0.0
 40
0.999998
100
AcDbArc
 50
90.0
 51
180.0
  0
ARC
  5
1E5
330
1F
100
AcDbEntity
  8
Mechanical3
100
AcDbCircle
 10
124.399998
 20
48.796308
 30
0.0
 40
0.999998
100
AcDbArc
 50
0.0
 51
90.0
  0
ARC
  5
1E6
330
1F
100
AcDbEntity
  8
Mechanical3
100
AcDbCircle
 10
86.6
 20
25.003684
 30
0.0
 40
0.999998
100
AcDbArc
 50
0.0
 51
90.0
  0
ARC
  5
1E7
330
1F
100
AcDbEntity
  8
Mechanical3
100
AcDbCircle
 10
86.599994
 20
25.003684
 30
0.0
 40
0.999998
100
AcDbArc
 50
90.0
 51
180.0
  0
ARC
  5
1E8
330
1F
100
AcDbEntity
  8
Mechanical3
100
AcDbCircle
 10
86.599997
 20
31.003682
 30
0.0
 40
0.999998
100
AcDbArc
 50
270.0
 51
0.0
  0
ARC
  5
1E9
330
1F
100
AcDbEntity
  8
Mechanical3
100
AcDbCircle
 10
86.599992
 20
31.003682
 30
0.0
 40
0.999998
100
AcDbArc
 50
180.0
 51
270.0
  0
ARC
  5
1EA
330
1F
100
AcDbEntity
  8
Mechanical3
100
AcDbCircle
 10
70.699993
 20
10.999998
 30
0.0
 40
0.999998
100
AcDbArc
 50
90.0
 51
180.0
  0
ARC
  5
1EB
330
1F
100
AcDbEntity
  8
Mechanical3
100
AcDbCircle
 10
70.699993
 20
10.999996
 30
0.0
 40
0.999998
100
AcDbArc
 50
180.0
 51
270.0
  0
ARC
  5
1EC
330
1F
100
AcDbEntity
  8
Mechanical3
100
AcDbCircle
 10
81.699999
 20
15.899996
 30
0.0
 40
3.89999982
100
AcDbArc
 50
270.0
 51
0.0
  0
ARC
  5
1ED
330
1F
100
AcDbEntity
  8
Mechanical3
100
AcDbCircle
 10
91.5
 20
15.899996
 30
0.0
 40
3.89999982
100
AcDbArc
 50
180.0
 51
270.0
  0
ARC
  5
1EE
330
1F
100
AcDbEntity
  8
Mechanical3
100
AcDbCircle
 10
102.500006
 20
10.999996
 30
0.0
 40
0.999998
100
AcDbArc
 50
270.0
 51
0.0
  0
ARC
  5
1EF
330
1F
100
AcDbEntity
  8
Mechanical3
100
AcDbCircle
 10
102.500006
 20
10.999998
 30
0.0
 40
0.999998
100
AcDbArc
 50
0.0
 51
90.0
  0
ARC
  5
1F0
330
1F
100
AcDbEntity
  8
Mechanical3
100
AcDbCircle
 10
86.599992
 20
48.796311
 30
0.0
 40
0.999998
100
AcDbArc
 50
90.0
 51
180.0
  0
ARC
  5
1F1
330
1F
100
AcDbEntity
  8
Mechanical3
100
AcDbCircle
 10
86.599997
 20
48.796311
 30
0.0
 40
0.999998
100
AcDbArc
 50
0.0
 51
90.0
  0
ARC
  5
1F2
330
1F
100
AcDbEntity
  8
Mechanical3
100
AcDbCircle
 10
10.999998
 20
82.803688
 30
0.0
 40
0.999998
100
AcDbArc
 50
90.0
 51
180.0
  0
ARC
  5
1F3
330
1F
100
AcDbEntity
  8
Mechanical3
100
AcDbCircle
 10
11.000003
 20
82.803688
 30
0.0
 40
0.999998
100
AcDbArc
 50
0.0
 51
90.0
  0
ARC
  5
1F4
330
1F
100
AcDbEntity
  8
Mechanical3
100
AcDbCircle
 10
15.899999
 20
73.7
 30
0.0
 40
3.89999982
100
AcDbArc
 50
180.0
 51
270.0
  0
ARC
  5
1F5
330
1F
100
AcDbEntity
  8
Mechanical3
100
AcDbCircle
 10
15.899999
 20
63.899999
 30
0.0
 40
3.89999982
100
AcDbArc
 50
90.0
 51
180.0
  0
ARC
  5
1F6
330
1F
100
AcDbEntity
  8
Mechanical3
100
AcDbCircle
 10
26.900005
 20
68.8
 30
0.0
 40
0.999998
100
AcDbArc
 50
0.0
 51
90.0
  0
ARC
  5
1F7
330
1F
100
AcDbEntity
  8
Mechanical3
100
AcDbCircle
 10
26.900005
 20
68.799997
 30
0.0
 40
0.999998
100
AcDbArc
 50
270.0
 51
0.0
  0
ARC
  5
1F8
330
1F
100
AcDbEntity
  8
Mechanical3
100
AcDbCircle
 10
11.000006
 20
48.796313
 30
0.0
 40
0.999998
100
AcDbArc
 50
0.0
 51
90.0
  0
ARC
  5
1F9
330
1F
100
AcDbEntity
  8
Mechanical3
100
AcDbCircle
 10
11.000001
 20
48.796313
 30
0.0
 40
0.999998
100
AcDbArc
 50
90.0
 51
180.0
  0
ARC
  5
1FA
330
1F
100
AcDbEntity
  8
Mechanical3
100
AcDbCircle
 10
11.000003
 20
54.796312
 30
0.0
 40
0.999998
100
AcDbArc
 50
270.0
 51
0.0
  0
ARC
  5
1FB
330
1F
100
AcDbEntity
  8
Mechanical3
100
AcDbCircle
 10
10.999998
 20
54.796312
 30
0.0
 40
0.999998
100
AcDbArc
 50
180.0
 51
270.0
  0
ARC
  5
1FC
330
1F
100
AcDbEntity
  8
Mechanical3
100
AcDbCircle
 10
48.799996
 20
48.796313
 30
0.0
 40
0.999998
100
AcDbArc
 50
0.0
 51
90.0
  0
ARC
  5
1FD
330
1F
100
AcDbEntity
  8
Mechanical3
100
AcDbCircle
 10
48.799991
 20
48.796313
 30
0.0
 40
0.999998
100
AcDbArc
 50
90.0
 51
180.0
  0
ARC
  5
1FE
330
1F
100
AcDbEntity
  8
Mechanical3
100
AcDbCircle
 10
64.700005
 20
11.000001
 30
0.0
 40
0.999998
100
AcDbArc
 50
0.0
 51
90.0
  0
ARC
  5
1FF
330
1F
100
AcDbEntity
  8
Mechanical3
100
AcDbCircle
 10
64.700005
 20
10.999998
 30
0.0
 40
0.999998
100
AcDbArc
 50
270.0
 51
0.0
  0
ARC
  5
200
330
1F
100
AcDbEntity
  8
Mechanical3
100
AcDbCircle
 10
53.699999
 20
15.899999
 30
0.0
 40
3.89999982
100
AcDbArc
 50
180.0
 51
270.0
  0
ARC
  5
201
330
1F
100
AcDbEntity
  8
Mechanical3
100
AcDbCircle
 10
43.899999
 20
15.899999
 30
0.0
 40
3.89999982
100
AcDbArc
 50
270.0
 51
0.0
  0
ARC
  5
202
330
1F
100
AcDbEntity
  8
Mechanical3
100
AcDbCircle
 10
32.899993
 20
10.999998
 30
0.0
 40
0.999998
100
AcDbArc
 50
180.0
 51
270.0
  0
ARC
  5
203
330
1F
100
AcDbEntity
  8
Mechanical3
100
AcDbCircle
 10
32.899993
 20
11.000001
 30
0.0
 40
0.999998
100
AcDbArc
 50
90.0
 51
180.0
  0
ARC
  5
204
330
1F
100
AcDbEntity
  8
Mechanical3
100
AcDbCircle
 10
48.799991
 20
31.003684
 30
0.0
 40
0.999998
100
AcDbArc
 50
180.0
 51
270.0
  0
ARC
  5
205
330
1F
100
AcDbEntity
  8
Mechanical3
100
AcDbCircle
 10
48.799996
 20
31.003684
 30
0.0
 40
0.999998
100
AcDbArc
 50
270.0
 51
0.0
  0
ARC
  5
206
330
1F
100
AcDbEntity
  8
Mechanical3
100
AcDbCircle
 10
48.799994
 20
25.003686
 30
0.0
 40
0.999998
100
AcDbArc
 50
90.0
 51
180.0
  0
ARC
  5
207
330
1F
100
AcDbEntity
  8
Mechanical3
100
AcDbCircle
 10
48.799999
 20
25.003686
 30
0.0
 40
0.999998
100
AcDbArc
 50
0.0
 51
90.0
  0
ARC
  5
208
330
1F
100
AcDbEntity
  8
Mechanical3
100
AcDbCircle
 10
15.649321
 20
15.649324
 30
0.0
 40
5.64932322
100
AcDbArc
 50
180.0
 51
270.0
  0
ARC
  5
209
330
1F
100
AcDbEntity
  8
Mechanical3
100
AcDbCircle
 10
10.999998
 20
25.003686
 30
0.0
 40
0.999998
100
AcDbArc
 50
90.0
 51
180.0
  0
ARC
  5
20A
330
1F
100
AcDbEntity
  8
Mechanical3
100
AcDbCircle
 10
11.000003
 20
25.003686
 30
0.0
 40
0.999998
100
AcDbArc
 50
0.0
 51
90.0
  0
ARC
  5
20B
330
1F
100
AcDbEntity
  8
Mechanical3
100
AcDbCircle
 10
11.000001
 20
31.003684
 30
0.0
 40
0.999998
100
AcDbArc
 50
180.0
 51
270.0
  0
ARC
  5
20C
330
1F
100
AcDbEntity
  8
Mechanical3
100
AcDbCircle
 10
11.000006
 20
31.003684
 30
0.0
 40
0.999998
100
AcDbArc
 50
270.0
 51
0.0
  0
ARC
  5
20D
330
1F
100
AcDbEntity
  8
Mechanical3
100
AcDbCircle
 10
26.900005
 20
11.000001
 30
0.0
 40
0.999998
100
AcDbArc
 50
0.0
 51
90.0
  0
ARC
  5
20E
330
1F
100
AcDbEntity
  8
Mechanical3
100
AcDbCircle
 10
26.900005
 20
10.999998
 30
0.0
 40
0.999998
100
AcDbArc
 50
270.0
 51
0.0
  0
ARC
  5
20F
330
1F
100
AcDbEntity
  8
Mechanical3
100
AcDbCircle
 10
15.899999
 20
15.899999
 30
0.0
 40
3.89999982
100
AcDbArc
 50
180.0
 51
270.0
  0
ARC
  5
210
330
1F
100
AcDbEntity
  8
Mechanical4
100
AcDbCircle
 10
15.899999
 20
73.7
 30
0.0
 40
3.89999982
100
AcDbArc
 50
180.0
 51
270.0
  0
ARC
  5
211
330
1F
100
AcDbEntity
  8
Mechanical4
100
AcDbCircle
 10
15.899999
 20
121.7
 30
0.0
 40
3.89999982
100
AcDbArc
 50
90.0
 51
180.0
  0
ARC
  5
212
330
1F
100
AcDbEntity
  8
Mechanical4
100
AcDbCircle
 10
43.899999
 20
121.7
 30
0.0
 40
3.89999982
100
AcDbArc
 50
0.0
 51
90.0
  0
ARC
  5
213
330
1F
100
AcDbEntity
  8
Mechanical4
100
AcDbCircle
 10
43.899999
 20
73.7
 30
0.0
 40
3.89999982
100
AcDbArc
 50
270.0
 51
0.0
  0
ARC
  5
214
330
1F
100
AcDbEntity
  8
Mechanical4
100
AcDbCircle
 10
53.699999
 20
73.7
 30
0.0
 40
3.89999982
100
AcDbArc
 50
180.0
 51
270.0
  0
ARC
  5
215
330
1F
100
AcDbEntity
  8
Mechanical4
100
AcDbCircle
 10
53.699999
 20
121.7
 30
0.0
 40
3.89999982
100
AcDbArc
 50
90.0
 51
180.0
  0
ARC
  5
216
330
1F
100
AcDbEntity
  8
Mechanical4
100
AcDbCircle
 10
81.699999
 20
121.7
 30
0.0
 40
3.89999982
100
AcDbArc
 50
0.0
 51
90.0
  0
ARC
  5
217
330
1F
100
AcDbEntity
  8
Mechanical4
100
AcDbCircle
 10
81.699999
 20
73.7
 30
0.0
 40
3.89999982
100
AcDbArc
 50
270.0
 51
0.0
  0
ARC
  5
218
330
1F
100
AcDbEntity
  8
Mechanical4
100
AcDbCircle
 10
91.5
 20
73.700002
 30
0.0
 40
3.89999982
100
AcDbArc
 50
180.0
 51
270.0
  0
ARC
  5
219
330
1F
100
AcDbEntity
  8
Mechanical4
100
AcDbCircle
 10
91.5
 20
121.700003
 30
0.0
 40
3.89999982
100
AcDbArc
 50
90.0
 51
180.0
  0
ARC
  5
21A
330
1F
100
AcDbEntity
  8
Mechanical4
100
AcDbCircle
 10
119.5
 20
121.700003
 30
0.0
 40
3.89999982
100
AcDbArc
 50
0.0
 51
90.0
  0
ARC
  5
21B
330
1F
100
AcDbEntity
  8
Mechanical4
100
AcDbCircle
 10
119.5
 20
73.700002
 30
0.0
 40
3.89999982
100
AcDbArc
 50
270.0
 51
0.0
  0
ARC
  5
21C
330
1F
100
AcDbEntity
  8
Mechanical4
100
AcDbCircle
 10
129.3
 20
73.700002
 30
0.0
 40
3.89999982
100
AcDbArc
 50
180.0
 51
270.0
  0
ARC
  5
21D
330
1F
100
AcDbEntity
  8
Mechanical4
100
AcDbCircle
 10
129.3
 20
121.700003
 30
0.0
 40
3.89999982
100
AcDbArc
 50
90.0
 51
180.0
  0
ARC
  5
21E
330
1F
100
AcDbEntity
  8
Mechanical4
100
AcDbCircle
 10
157.3
 20
121.700003
 30
0.0
 40
3.89999982
100
AcDbArc
 50
0.0
 51
90.0
  0
ARC
  5
21F
330
1F
100
AcDbEntity
  8
Mechanical4
100
AcDbCircle
 10
157.3
 20
73.700002
 30
0.0
 40
3.89999982
100
AcDbArc
 50
270.0
 51
0.0
  0
ARC
  5
220
330
1F
100
AcDbEntity
  8
Mechanical4
100
AcDbCircle
 10
167.100001
 20
73.699995
 30
0.0
 40
3.89999982
100
AcDbArc
 50
180.0
 51
270.0
  0
ARC
  5
221
330
1F
100
AcDbEntity
  8
Mechanical4
100
AcDbCircle
 10
167.100001
 20
121.699995
 30
0.0
 40
3.89999982
100
AcDbArc
 50
90.0
 51
180.0
  0
ARC
  5
222
330
1F
100
AcDbEntity
  8
Mechanical4
100
AcDbCircle
 10
195.100001
 20
121.699995
 30
0.0
 40
3.89999982
100
AcDbArc
 50
0.0
 51
90.0
  0
ARC
  5
223
330
1F
100
AcDbEntity
  8
Mechanical4
100
AcDbCircle
 10
195.100001
 20
73.699995
 30
0.0
 40
3.89999982
100
AcDbArc
 50
270.0
 51
0.0
  0
ARC
  5
224
330
1F
100
AcDbEntity
  8
Mechanical4
100
AcDbCircle
 10
167.100001
 20
15.900001
 30
0.0
 40
3.89999982
100
AcDbArc
 50
180.0
 51
270.0
  0
ARC
  5
225
330
1F
100
AcDbEntity
  8
Mechanical4
100
AcDbCircle
 10
167.100001
 20
63.900002
 30
0.0
 40
3.89999982
100
AcDbArc
 50
90.0
 51
180.0
  0
ARC
  5
226
330
1F
100
AcDbEntity
  8
Mechanical4
100
AcDbCircle
 10
195.100001
 20
63.900002
 30
0.0
 40
3.89999982
100
AcDbArc
 50
0.0
 51
90.0
  0
ARC
  5
227
330
1F
100
AcDbEntity
  8
Mechanical4
100
AcDbCircle
 10
195.100001
 20
15.900001
 30
0.0
 40
3.89999982
100
AcDbArc
 50
270.0
 51
0.0
  0
ARC
  5
228
330
1F
100
AcDbEntity
  8
Mechanical4
100
AcDbCircle
 10
129.3
 20
15.899996
 30
0.0
 40
3.89999982
100
AcDbArc
 50
180.0
 51
270.0
  0
ARC
  5
229
330
1F
100
AcDbEntity
  8
Mechanical4
100
AcDbCircle
 10
129.3
 20
63.899997
 30
0.0
 40
3.89999982
100
AcDbArc
 50
90.0
 51
180.0
  0
ARC
  5
22A
330
1F
100
AcDbEntity
  8
Mechanical4
100
AcDbCircle
 10
157.3
 20
63.899997
 30
0.0
 40
3.89999982
100
AcDbArc
 50
0.0
 51
90.0
  0
ARC
  5
22B
330
1F
100
AcDbEntity
  8
Mechanical4
100
AcDbCircle
 10
157.3
 20
15.899996
 30
0.0
 40
3.89999982
100
AcDbArc
 50
270.0
 51
0.0
  0
ARC
  5
22C
330
1F
100
AcDbEntity
  8
Mechanical4
100
AcDbCircle
 10
91.5
 20
15.899999
 30
0.0
 40
3.89999982
100
AcDbArc
 50
180.0
 51
270.0
  0
ARC
  5
22D
330
1F
100
AcDbEntity
  8
Mechanical4
100
AcDbCircle
 10
91.5
 20
63.899999
 30
0.0
 40
3.89999982
100
AcDbArc
 50
90.0
 51
180.0
  0
ARC
  5
22E
330
1F
100
AcDbEntity
  8
Mechanical4
100
AcDbCircle
 10
119.5
 20
63.899999
 30
0.0
 40
3.89999982
100
AcDbArc
 50
0.0
 51
90.0
  0
ARC
  5
22F
330
1F
100
AcDbEntity
  8
Mechanical4
100
AcDbCircle
 10
119.5
 20
15.899999
 30
0.0
 40
3.89999982
100
AcDbArc
 50
270.0
 51
0.0
  0
ARC
  5
230
330
1F
100
AcDbEntity
  8
Mechanical4
100
AcDbCircle
 10
53.699999
 20
15.900001
 30
0.0
 40
3.89999982
100
AcDbArc
 50
180.0
 51
270.0
  0
ARC
  5
231
330
1F
100
AcDbEntity
  8
Mechanical4
100
AcDbCircle
 10
53.699999
 20
63.900002
 30
0.0
 40
3.89999982
100
AcDbArc
 50
90.0
 51
180.0
  0
ARC
  5
232
330
1F
100
AcDbEntity
  8
Mechanical4
100
AcDbCircle
 10
81.699999
 20
63.900002
 30
0.0
 40
3.89999982
100
AcDbArc
 50
0.0
 51
90.0
  0
ARC
  5
233
330
1F
100
AcDbEntity
  8
Mechanical4
100
AcDbCircle
 10
81.699999
 20
15.900001
 30
0.0
 40
3.89999982
100
AcDbArc
 50
270.0
 51
0.0
  0
ARC
  5
234
330
1F
100
AcDbEntity
  8
Mechanical4
100
AcDbCircle
 10
43.899999
 20
15.899999
 30
0.0
 40
3.89999982
100
AcDbArc
 50
270.0
 51
0.0
  0
ARC
  5
235
330
1F
100
AcDbEntity
  8
Mechanical4
100
AcDbCircle
 10
43.899999
 20
63.899999
 30
0.0
 40
3.89999982
100
AcDbArc
 50
0.0
 51
90.0
  0
ARC
  5
236
330
1F
100
AcDbEntity
  8
Mechanical4
100
AcDbCircle
 10
15.899999
 20
63.899999
 30
0.0
 40
3.89999982
100
AcDbArc
 50
90.0
 51
180.0
  0
ARC
  5
237
330
1F
100
AcDbEntity
  8
Mechanical4
100
AcDbCircle
 10
15.899999
 20
15.899999
 30
0.0
 40
3.89999982
100
AcDbArc
 50
180.0
 51
270.0
  0
LINE
  5
2B7
330
1F
100
AcDbEntity
  8
Mechanical3
100
AcDbLine
 10
0.0
 20
145.425821
 30
0.0
 11
0.0
 21
283.425822
 31
0.0
  0
LINE
  5
2B8
330
1F
100
AcDbEntity
  8
Mechanical3
100
AcDbLine
 10
0.0
 20
283.425822
 30
0.0
 11
211.0
 21
283.425822
 31
0.0
  0
LINE
  5
2B9
330
1F
100
AcDbEntity
  8
Mechanical3
100
AcDbLine
 10
211.0
 20
145.425821
 30
0.0
 11
211.0
 21
283.425822
 31
0.0
  0
LINE
  5
2BA
330
1F
100
AcDbEntity
  8
Mechanical3
100
AcDbLine
 10
0.0
 20
145.425821
 30
0.0
 11
211.0
 21
145.425821
 31
0.0
  0
LINE
  5
2BB
330
1F
100
AcDbEntity
  8
Mechanical3
100
AcDbLine
 10
15.899999
 20
271.025821
 30
0.0
 11
26.900005
 21
271.025821
 31
0.0
  0
LINE
  5
2BC
330
1F
100
AcDbEntity
  8
Mechanical3
100
AcDbLine
 10
11.000001
 20
253.022134
 30
0.0
 11
11.000006
 21
253.022134
 31
0.0
  0
LINE
  5
2BD
330
1F
100
AcDbEntity
  8
Mechanical3
100
AcDbLine
 10
11.999996
 20
258.018946
 30
0.0
 11
11.999999
 21
267.125822
 31
0.0
  0
LINE
  5
2BE
330
1F
100
AcDbEntity
  8
Mechanical3
100
AcDbLine
 10
10.999998
 20
257.022136
 30
0.0
 11
11.000003
 21
257.022136
 31
0.0
  0
LINE
  5
2BF
330
1F
100
AcDbEntity
  8
Mechanical3
100
AcDbLine
 10
9.999998
 20
258.022134
 30
0.0
 11
9.999998
 21
267.376497
 31
0.0
  0
LINE
  5
2C0
330
1F
100
AcDbEntity
  8
Mechanical3
100
AcDbLine
 10
15.649321
 20
273.02582
 30
0.0
 11
26.900005
 21
273.02582
 31
0.0
  0
LINE
  5
2C1
330
1F
100
AcDbEntity
  8
Mechanical3
100
AcDbLine
 10
32.899993
 20
273.02582
 30
0.0
 11
64.700005
 21
273.02582
 31
0.0
  0
LINE
  5
2C2
330
1F
100
AcDbEntity
  8
Mechanical3
100
AcDbLine
 10
49.799999
 20
258.022134
 30
0.0
 11
49.799999
 21
267.125822
 31
0.0
  0
LINE
  5
2C3
330
1F
100
AcDbEntity
  8
Mechanical3
100
AcDbLine
 10
48.799994
 20
257.022136
 30
0.0
 11
48.799999
 21
257.022136
 31
0.0
  0
LINE
  5
2C4
330
1F
100
AcDbEntity
  8
Mechanical3
100
AcDbLine
 10
47.799998
 20
267.125822
 30
0.0
 11
47.800001
 21
258.018946
 31
0.0
  0
LINE
  5
2C5
330
1F
100
AcDbEntity
  8
Mechanical3
100
AcDbLine
 10
48.799991
 20
253.022134
 30
0.0
 11
48.799996
 21
253.022134
 31
0.0
  0
LINE
  5
2C6
330
1F
100
AcDbEntity
  8
Mechanical3
100
AcDbLine
 10
32.899993
 20
271.025821
 30
0.0
 11
43.899999
 21
271.025821
 31
0.0
  0
LINE
  5
2C7
330
1F
100
AcDbEntity
  8
Mechanical3
100
AcDbLine
 10
53.699999
 20
271.025821
 30
0.0
 11
64.700005
 21
271.025821
 31
0.0
  0
LINE
  5
2C8
330
1F
100
AcDbEntity
  8
Mechanical3
100
AcDbLine
 10
48.799991
 20
233.229509
 30
0.0
 11
48.799996
 21
233.229509
 31
0.0
  0
LINE
  5
2C9
330
1F
100
AcDbEntity
  8
Mechanical3
100
AcDbLine
 10
11.000001
 20
233.229509
 30
0.0
 11
11.000006
 21
233.229509
 31
0.0
  0
LINE
  5
2CA
330
1F
100
AcDbEntity
  8
Mechanical3
100
AcDbLine
 10
10.000003
 20
234.229507
 30
0.0
 11
10.000003
 21
252.022136
 31
0.0
  0
LINE
  5
2CB
330
1F
100
AcDbEntity
  8
Mechanical3
100
AcDbLine
 10
12.000004
 20
234.229507
 30
0.0
 11
12.000004
 21
252.022136
 31
0.0
  0
LINE
  5
2CC
330
1F
100
AcDbEntity
  8
Mechanical3
100
AcDbLine
 10
47.799993
 20
234.229507
 30
0.0
 11
47.799993
 21
252.022136
 31
0.0
  0
LINE
  5
2CD
330
1F
100
AcDbEntity
  8
Mechanical3
100
AcDbLine
 10
49.799994
 20
234.229507
 30
0.0
 11
49.799994
 21
252.022136
 31
0.0
  0
LINE
  5
2CE
330
1F
100
AcDbEntity
  8
Mechanical3
100
AcDbLine
 10
87.599995
 20
234.229509
 30
0.0
 11
87.599995
 21
252.022138
 31
0.0
  0
LINE
  5
2CF
330
1F
100
AcDbEntity
  8
Mechanical3
100
AcDbLine
 10
85.599994
 20
234.229509
 30
0.0
 11
85.599994
 21
252.022138
 31
0.0
  0
LINE
  5
2D0
330
1F
100
AcDbEntity
  8
Mechanical3
100
AcDbLine
 10
86.599992
 20
233.229511
 30
0.0
 11
86.599997
 21
233.229511
 31
0.0
  0
LINE
  5
2D1
330
1F
100
AcDbEntity
  8
Mechanical3
100
AcDbLine
 10
91.5
 20
271.025824
 30
0.0
 11
102.500006
 21
271.025824
 31
0.0
  0
LINE
  5
2D2
330
1F
100
AcDbEntity
  8
Mechanical3
100
AcDbLine
 10
70.699993
 20
271.025824
 30
0.0
 11
81.699999
 21
271.025824
 31
0.0
  0
LINE
  5
2D3
330
1F
100
AcDbEntity
  8
Mechanical3
100
AcDbLine
 10
86.599992
 20
253.022136
 30
0.0
 11
86.599997
 21
253.022136
 31
0.0
  0
LINE
  5
2D4
330
1F
100
AcDbEntity
  8
Mechanical3
100
AcDbLine
 10
85.599999
 20
267.125824
 30
0.0
 11
85.600002
 21
258.018949
 31
0.0
  0
LINE
  5
2D5
330
1F
100
AcDbEntity
  8
Mechanical3
100
AcDbLine
 10
86.599994
 20
257.022138
 30
0.0
 11
86.6
 21
257.022138
 31
0.0
  0
LINE
  5
2D6
330
1F
100
AcDbEntity
  8
Mechanical3
100
AcDbLine
 10
87.6
 20
258.022136
 30
0.0
 11
87.6
 21
267.125824
 31
0.0
  0
LINE
  5
2D7
330
1F
100
AcDbEntity
  8
Mechanical3
100
AcDbLine
 10
70.699993
 20
273.025823
 30
0.0
 11
102.500006
 21
273.025823
 31
0.0
  0
LINE
  5
2D8
330
1F
100
AcDbEntity
  8
Mechanical3
100
AcDbLine
 10
125.399996
 20
234.229512
 30
0.0
 11
125.399996
 21
252.022141
 31
0.0
  0
LINE
  5
2D9
330
1F
100
AcDbEntity
  8
Mechanical3
100
AcDbLine
 10
123.399995
 20
234.229512
 30
0.0
 11
123.399995
 21
252.022141
 31
0.0
  0
LINE
  5
2DA
330
1F
100
AcDbEntity
  8
Mechanical3
100
AcDbLine
 10
124.399992
 20
233.229514
 30
0.0
 11
124.399998
 21
233.229514
 31
0.0
  0
LINE
  5
2DB
330
1F
100
AcDbEntity
  8
Mechanical3
100
AcDbLine
 10
129.3
 20
271.025827
 30
0.0
 11
140.300006
 21
271.025827
 31
0.0
  0
LINE
  5
2DC
330
1F
100
AcDbEntity
  8
Mechanical3
100
AcDbLine
 10
108.499994
 20
271.025827
 30
0.0
 11
119.5
 21
271.025827
 31
0.0
  0
LINE
  5
2DD
330
1F
100
AcDbEntity
  8
Mechanical3
100
AcDbLine
 10
124.399992
 20
253.022139
 30
0.0
 11
124.399998
 21
253.022139
 31
0.0
  0
LINE
  5
2DE
330
1F
100
AcDbEntity
  8
Mechanical3
100
AcDbLine
 10
123.4
 20
267.125827
 30
0.0
 11
123.400002
 21
258.018951
 31
0.0
  0
LINE
  5
2DF
330
1F
100
AcDbEntity
  8
Mechanical3
100
AcDbLine
 10
124.399995
 20
257.022141
 30
0.0
 11
124.4
 21
257.022141
 31
0.0
  0
LINE
  5
2E0
330
1F
100
AcDbEntity
  8
Mechanical3
100
AcDbLine
 10
125.400001
 20
258.022139
 30
0.0
 11
125.400001
 21
267.125827
 31
0.0
  0
LINE
  5
2E1
330
1F
100
AcDbEntity
  8
Mechanical3
100
AcDbLine
 10
108.499994
 20
273.025825
 30
0.0
 11
140.300006
 21
273.025825
 31
0.0
  0
LINE
  5
2E2
330
1F
100
AcDbEntity
  8
Mechanical3
100
AcDbLine
 10
163.199996
 20
234.229512
 30
0.0
 11
163.199996
 21
252.022141
 31
0.0
  0
LINE
  5
2E3
330
1F
100
AcDbEntity
  8
Mechanical3
100
AcDbLine
 10
161.199995
 20
234.229512
 30
0.0
 11
161.199995
 21
252.022141
 31
0.0
  0
LINE
  5
2E4
330
1F
100
AcDbEntity
  8
Mechanical3
100
AcDbLine
 10
162.199993
 20
233.229514
 30
0.0
 11
162.199998
 21
233.229514
 31
0.0
  0
LINE
  5
2E5
330
1F
100
AcDbEntity
  8
Mechanical3
100
AcDbLine
 10
167.100001
 20
271.025827
 30
0.0
 11
178.100007
 21
271.025827
 31
0.0
  0
LINE
  5
2E6
330
1F
100
AcDbEntity
  8
Mechanical3
100
AcDbLine
 10
146.299994
 20
271.025827
 30
0.0
 11
157.3
 21
271.025827
 31
0.0
  0
LINE
  5
2E7
330
1F
100
AcDbEntity
  8
Mechanical3
100
AcDbLine
 10
162.199993
 20
253.022139
 30
0.0
 11
162.199998
 21
253.022139
 31
0.0
  0
LINE
  5
2E8
330
1F
100
AcDbEntity
  8
Mechanical3
100
AcDbLine
 10
161.2
 20
267.125827
 30
0.0
 11
161.200003
 21
258.018951
 31
0.0
  0
LINE
  5
2E9
330
1F
100
AcDbEntity
  8
Mechanical3
100
AcDbLine
 10
162.199996
 20
257.022141
 30
0.0
 11
162.200001
 21
257.022141
 31
0.0
  0
LINE
  5
2EA
330
1F
100
AcDbEntity
  8
Mechanical3
100
AcDbLine
 10
163.200001
 20
258.022139
 30
0.0
 11
163.200001
 21
267.125827
 31
0.0
  0
LINE
  5
2EB
330
1F
100
AcDbEntity
  8
Mechanical3
100
AcDbLine
 10
146.299994
 20
273.025825
 30
0.0
 11
178.100007
 21
273.025825
 31
0.0
  0
LINE
  5
2EC
330
1F
100
AcDbEntity
  8
Mechanical3
100
AcDbLine
 10
198.999996
 20
234.229509
 30
0.0
 11
198.999996
 21
252.022138
 31
0.0
  0
LINE
  5
2ED
330
1F
100
AcDbEntity
  8
Mechanical3
100
AcDbLine
 10
200.999997
 20
234.229509
 30
0.0
 11
200.999997
 21
252.022138
 31
0.0
  0
LINE
  5
2EE
330
1F
100
AcDbEntity
  8
Mechanical3
100
AcDbLine
 10
199.999994
 20
233.229511
 30
0.0
 11
199.999999
 21
233.229511
 31
0.0
  0
LINE
  5
2EF
330
1F
100
AcDbEntity
  8
Mechanical3
100
AcDbLine
 10
184.099995
 20
273.025823
 30
0.0
 11
195.350679
 21
273.025823
 31
0.0
  0
LINE
  5
2F0
330
1F
100
AcDbEntity
  8
Mechanical3
100
AcDbLine
 10
201.000002
 20
258.022136
 30
0.0
 11
201.000002
 21
267.376499
 31
0.0
  0
LINE
  5
2F1
330
1F
100
AcDbEntity
  8
Mechanical3
100
AcDbLine
 10
199.999996
 20
257.022138
 30
0.0
 11
200.000001
 21
257.022138
 31
0.0
  0
LINE
  5
2F2
330
1F
100
AcDbEntity
  8
Mechanical3
100
AcDbLine
 10
199.000001
 20
267.125824
 30
0.0
 11
199.000003
 21
258.018949
 31
0.0
  0
LINE
  5
2F3
330
1F
100
AcDbEntity
  8
Mechanical3
100
AcDbLine
 10
199.999994
 20
253.022136
 30
0.0
 11
199.999999
 21
253.022136
 31
0.0
  0
LINE
  5
2F4
330
1F
100
AcDbEntity
  8
Mechanical3
100
AcDbLine
 10
184.099995
 20
271.025824
 30
0.0
 11
195.100001
 21
271.025824
 31
0.0
  0
LINE
  5
2F5
330
1F
100
AcDbEntity
  8
Mechanical3
100
AcDbLine
 10
163.200001
 20
200.222128
 30
0.0
 11
163.200001
 21
209.325815
 31
0.0
  0
LINE
  5
2F6
330
1F
100
AcDbEntity
  8
Mechanical3
100
AcDbLine
 10
162.199996
 20
199.22213
 30
0.0
 11
162.200001
 21
199.22213
 31
0.0
  0
LINE
  5
2F7
330
1F
100
AcDbEntity
  8
Mechanical3
100
AcDbLine
 10
161.2
 20
209.325815
 30
0.0
 11
161.200003
 21
200.21894
 31
0.0
  0
LINE
  5
2F8
330
1F
100
AcDbEntity
  8
Mechanical3
100
AcDbLine
 10
146.299994
 20
213.225815
 30
0.0
 11
157.3
 21
213.225815
 31
0.0
  0
LINE
  5
2F9
330
1F
100
AcDbEntity
  8
Mechanical3
100
AcDbLine
 10
167.100001
 20
213.225815
 30
0.0
 11
178.100007
 21
213.225815
 31
0.0
  0
LINE
  5
2FA
330
1F
100
AcDbEntity
  8
Mechanical3
100
AcDbLine
 10
167.100001
 20
215.225814
 30
0.0
 11
178.100007
 21
215.225814
 31
0.0
  0
LINE
  5
2FB
330
1F
100
AcDbEntity
  8
Mechanical3
100
AcDbLine
 10
146.299994
 20
215.225814
 30
0.0
 11
157.3
 21
215.225814
 31
0.0
  0
LINE
  5
2FC
330
1F
100
AcDbEntity
  8
Mechanical3
100
AcDbLine
 10
161.2
 20
219.125813
 30
0.0
 11
161.200003
 21
228.232689
 31
0.0
  0
LINE
  5
2FD
330
1F
100
AcDbEntity
  8
Mechanical3
100
AcDbLine
 10
162.199996
 20
229.229499
 30
0.0
 11
162.200001
 21
229.229499
 31
0.0
  0
LINE
  5
2FE
330
1F
100
AcDbEntity
  8
Mechanical3
100
AcDbLine
 10
163.200001
 20
219.125813
 30
0.0
 11
163.200001
 21
228.229501
 31
0.0
  0
LINE
  5
2FF
330
1F
100
AcDbEntity
  8
Mechanical3
100
AcDbLine
 10
125.400001
 20
200.222128
 30
0.0
 11
125.400001
 21
209.325815
 31
0.0
  0
LINE
  5
300
330
1F
100
AcDbEntity
  8
Mechanical3
100
AcDbLine
 10
124.399995
 20
199.22213
 30
0.0
 11
124.4
 21
199.22213
 31
0.0
  0
LINE
  5
301
330
1F
100
AcDbEntity
  8
Mechanical3
100
AcDbLine
 10
123.4
 20
209.325815
 30
0.0
 11
123.400002
 21
200.21894
 31
0.0
  0
LINE
  5
302
330
1F
100
AcDbEntity
  8
Mechanical3
100
AcDbLine
 10
108.499994
 20
213.225815
 30
0.0
 11
119.5
 21
213.225815
 31
0.0
  0
LINE
  5
303
330
1F
100
AcDbEntity
  8
Mechanical3
100
AcDbLine
 10
129.3
 20
213.225815
 30
0.0
 11
140.300006
 21
213.225815
 31
0.0
  0
LINE
  5
304
330
1F
100
AcDbEntity
  8
Mechanical3
100
AcDbLine
 10
129.3
 20
215.225814
 30
0.0
 11
140.300006
 21
215.225814
 31
0.0
  0
LINE
  5
305
330
1F
100
AcDbEntity
  8
Mechanical3
100
AcDbLine
 10
108.499994
 20
215.225814
 30
0.0
 11
119.5
 21
215.225814
 31
0.0
  0
LINE
  5
306
330
1F
100
AcDbEntity
  8
Mechanical3
100
AcDbLine
 10
123.4
 20
219.125813
 30
0.0
 11
123.400002
 21
228.232689
 31
0.0
  0
LINE
  5
307
330
1F
100
AcDbEntity
  8
Mechanical3
100
AcDbLine
 10
124.399995
 20
229.229499
 30
0.0
 11
124.4
 21
229.229499
 31
0.0
  0
LINE
  5
308
330
1F
100
AcDbEntity
  8
Mechanical3
100
AcDbLine
 10
125.400001
 20
219.125813
 30
0.0
 11
125.400001
 21
228.229501
 31
0.0
  0
LINE
  5
309
330
1F
100
AcDbEntity
  8
Mechanical3
100
AcDbLine
 10
87.6
 20
200.22213
 30
0.0
 11
87.6
 21
209.325818
 31
0.0
  0
LINE
  5
30A
330
1F
100
AcDbEntity
  8
Mechanical3
100
AcDbLine
 10
86.599994
 20
199.222132
 30
0.0
 11
86.6
 21
199.222132
 31
0.0
  0
LINE
  5
30B
330
1F
100
AcDbEntity
  8
Mechanical3
100
AcDbLine
 10
85.599999
 20
209.325818
 30
0.0
 11
85.600002
 21
200.218942
 31
0.0
  0
LINE
  5
30C
330
1F
100
AcDbEntity
  8
Mechanical3
100
AcDbLine
 10
70.699993
 20
213.225818
 30
0.0
 11
81.699999
 21
213.225818
 31
0.0
  0
LINE
  5
30D
330
1F
100
AcDbEntity
  8
Mechanical3
100
AcDbLine
 10
91.5
 20
213.225818
 30
0.0
 11
102.500006
 21
213.225818
 31
0.0
  0
LINE
  5
30E
330
1F
100
AcDbEntity
  8
Mechanical3
100
AcDbLine
 10
91.5
 20
215.225816
 30
0.0
 11
102.500006
 21
215.225816
 31
0.0
  0
LINE
  5
30F
330
1F
100
AcDbEntity
  8
Mechanical3
100
AcDbLine
 10
70.699993
 20
215.225816
 30
0.0
 11
81.699999
 21
215.225816
 31
0.0
  0
LINE
  5
310
330
1F
100
AcDbEntity
  8
Mechanical3
100
AcDbLine
 10
85.599999
 20
219.125816
 30
0.0
 11
85.600002
 21
228.232691
 31
0.0
  0
LINE
  5
311
330
1F
100
AcDbEntity
  8
Mechanical3
100
AcDbLine
 10
86.599994
 20
229.229502
 30
0.0
 11
86.6
 21
229.229502
 31
0.0
  0
LINE
  5
312
330
1F
100
AcDbEntity
  8
Mechanical3
100
AcDbLine
 10
87.6
 20
219.125816
 30
0.0
 11
87.6
 21
228.229504
 31
0.0
  0
LINE
  5
313
330
1F
100
AcDbEntity
  8
Mechanical3
100
AcDbLine
 10
49.799999
 20
200.222133
 30
0.0
 11
49.799999
 21
209.32582
 31
0.0
  0
LINE
  5
314
330
1F
100
AcDbEntity
  8
Mechanical3
100
AcDbLine
 10
48.799994
 20
199.222135
 30
0.0
 11
48.799999
 21
199.222135
 31
0.0
  0
LINE
  5
315
330
1F
100
AcDbEntity
  8
Mechanical3
100
AcDbLine
 10
47.799998
 20
209.32582
 30
0.0
 11
47.800001
 21
200.218945
 31
0.0
  0
LINE
  5
316
330
1F
100
AcDbEntity
  8
Mechanical3
100
AcDbLine
 10
32.899993
 20
213.22582
 30
0.0
 11
43.899999
 21
213.22582
 31
0.0
  0
LINE
  5
317
330
1F
100
AcDbEntity
  8
Mechanical3
100
AcDbLine
 10
53.699999
 20
213.22582
 30
0.0
 11
64.700005
 21
213.22582
 31
0.0
  0
LINE
  5
318
330
1F
100
AcDbEntity
  8
Mechanical3
100
AcDbLine
 10
53.699999
 20
215.225819
 30
0.0
 11
64.700005
 21
215.225819
 31
0.0
  0
LINE
  5
319
330
1F
100
AcDbEntity
  8
Mechanical3
100
AcDbLine
 10
32.899993
 20
215.225819
 30
0.0
 11
43.899999
 21
215.225819
 31
0.0
  0
LINE
  5
31A
330
1F
100
AcDbEntity
  8
Mechanical3
100
AcDbLine
 10
47.799998
 20
219.125819
 30
0.0
 11
47.800001
 21
228.232694
 31
0.0
  0
LINE
  5
31B
330
1F
100
AcDbEntity
  8
Mechanical3
100
AcDbLine
 10
48.799994
 20
229.229504
 30
0.0
 11
48.799999
 21
229.229504
 31
0.0
  0
LINE
  5
31C
330
1F
100
AcDbEntity
  8
Mechanical3
100
AcDbLine
 10
49.799999
 20
219.125819
 30
0.0
 11
49.799999
 21
228.229506
 31
0.0
  0
LINE
  5
31D
330
1F
100
AcDbEntity
  8
Mechanical3
100
AcDbLine
 10
184.099995
 20
157.425817
 30
0.0
 11
195.100001
 21
157.425817
 31
0.0
  0
LINE
  5
31E
330
1F
100
AcDbEntity
  8
Mechanical3
100
AcDbLine
 10
199.999994
 20
175.429505
 30
0.0
 11
199.999999
 21
175.429505
 31
0.0
  0
LINE
  5
31F
330
1F
100
AcDbEntity
  8
Mechanical3
100
AcDbLine
 10
199.000001
 20
161.325817
 30
0.0
 11
199.000003
 21
170.432693
 31
0.0
  0
LINE
  5
320
330
1F
100
AcDbEntity
  8
Mechanical3
100
AcDbLine
 10
199.999996
 20
171.429503
 30
0.0
 11
200.000001
 21
171.429503
 31
0.0
  0
LINE
  5
321
330
1F
100
AcDbEntity
  8
Mechanical3
100
AcDbLine
 10
201.000002
 20
161.075142
 30
0.0
 11
201.000002
 21
170.429505
 31
0.0
  0
LINE
  5
322
330
1F
100
AcDbEntity
  8
Mechanical3
100
AcDbLine
 10
184.099995
 20
155.425819
 30
0.0
 11
195.350679
 21
155.425819
 31
0.0
  0
LINE
  5
323
330
1F
100
AcDbEntity
  8
Mechanical3
100
AcDbLine
 10
184.099995
 20
215.225816
 30
0.0
 11
195.100001
 21
215.225816
 31
0.0
  0
LINE
  5
324
330
1F
100
AcDbEntity
  8
Mechanical3
100
AcDbLine
 10
201.000002
 20
200.22213
 30
0.0
 11
201.000002
 21
228.229506
 31
0.0
  0
LINE
  5
325
330
1F
100
AcDbEntity
  8
Mechanical3
100
AcDbLine
 10
199.999996
 20
199.222132
 30
0.0
 11
200.000001
 21
199.222132
 31
0.0
  0
LINE
  5
326
330
1F
100
AcDbEntity
  8
Mechanical3
100
AcDbLine
 10
199.000001
 20
209.325818
 30
0.0
 11
199.000003
 21
200.218942
 31
0.0
  0
LINE
  5
327
330
1F
100
AcDbEntity
  8
Mechanical3
100
AcDbLine
 10
199.999994
 20
195.22213
 30
0.0
 11
199.999999
 21
195.22213
 31
0.0
  0
LINE
  5
328
330
1F
100
AcDbEntity
  8
Mechanical3
100
AcDbLine
 10
184.099995
 20
213.225818
 30
0.0
 11
195.100001
 21
213.225818
 31
0.0
  0
LINE
  5
329
330
1F
100
AcDbEntity
  8
Mechanical3
100
AcDbLine
 10
200.999997
 20
176.429503
 30
0.0
 11
200.999997
 21
194.222132
 31
0.0
  0
LINE
  5
32A
330
1F
100
AcDbEntity
  8
Mechanical3
100
AcDbLine
 10
198.999996
 20
176.429503
 30
0.0
 11
198.999996
 21
194.222132
 31
0.0
  0
LINE
  5
32B
330
1F
100
AcDbEntity
  8
Mechanical3
100
AcDbLine
 10
199.000001
 20
219.125819
 30
0.0
 11
199.000003
 21
228.232694
 31
0.0
  0
LINE
  5
32C
330
1F
100
AcDbEntity
  8
Mechanical3
100
AcDbLine
 10
199.999996
 20
229.229504
 30
0.0
 11
200.000001
 21
229.229504
 31
0.0
  0
LINE
  5
32D
330
1F
100
AcDbEntity
  8
Mechanical3
100
AcDbLine
 10
146.299994
 20
155.425816
 30
0.0
 11
178.100007
 21
155.425816
 31
0.0
  0
LINE
  5
32E
330
1F
100
AcDbEntity
  8
Mechanical3
100
AcDbLine
 10
163.200001
 20
161.325815
 30
0.0
 11
163.200001
 21
170.429502
 31
0.0
  0
LINE
  5
32F
330
1F
100
AcDbEntity
  8
Mechanical3
100
AcDbLine
 10
162.199996
 20
171.4295
 30
0.0
 11
162.200001
 21
171.4295
 31
0.0
  0
LINE
  5
330
330
1F
100
AcDbEntity
  8
Mechanical3
100
AcDbLine
 10
161.2
 20
161.325815
 30
0.0
 11
161.200003
 21
170.43269
 31
0.0
  0
LINE
  5
331
330
1F
100
AcDbEntity
  8
Mechanical3
100
AcDbLine
 10
162.199993
 20
175.429503
 30
0.0
 11
162.199998
 21
175.429503
 31
0.0
  0
LINE
  5
332
330
1F
100
AcDbEntity
  8
Mechanical3
100
AcDbLine
 10
146.299994
 20
157.425815
 30
0.0
 11
157.3
 21
157.425815
 31
0.0
  0
LINE
  5
333
330
1F
100
AcDbEntity
  8
Mechanical3
100
AcDbLine
 10
167.100001
 20
157.425815
 30
0.0
 11
178.100007
 21
157.425815
 31
0.0
  0
LINE
  5
334
330
1F
100
AcDbEntity
  8
Mechanical3
100
AcDbLine
 10
162.199993
 20
195.222127
 30
0.0
 11
162.199998
 21
195.222127
 31
0.0
  0
LINE
  5
335
330
1F
100
AcDbEntity
  8
Mechanical3
100
AcDbLine
 10
161.199995
 20
176.429501
 30
0.0
 11
161.199995
 21
194.222129
 31
0.0
  0
LINE
  5
336
330
1F
100
AcDbEntity
  8
Mechanical3
100
AcDbLine
 10
163.199996
 20
176.429501
 30
0.0
 11
163.199996
 21
194.222129
 31
0.0
  0
LINE
  5
337
330
1F
100
AcDbEntity
  8
Mechanical3
100
AcDbLine
 10
108.499994
 20
155.425816
 30
0.0
 11
140.300006
 21
155.425816
 31
0.0
  0
LINE
  5
338
330
1F
100
AcDbEntity
  8
Mechanical3
100
AcDbLine
 10
125.400001
 20
161.325815
 30
0.0
 11
125.400001
 21
170.429502
 31
0.0
  0
LINE
  5
339
330
1F
100
AcDbEntity
  8
Mechanical3
100
AcDbLine
 10
124.399995
 20
171.4295
 30
0.0
 11
124.4
 21
171.4295
 31
0.0
  0
LINE
  5
33A
330
1F
100
AcDbEntity
  8
Mechanical3
100
AcDbLine
 10
123.4
 20
161.325815
 30
0.0
 11
123.400002
 21
170.43269
 31
0.0
  0
LINE
  5
33B
330
1F
100
AcDbEntity
  8
Mechanical3
100
AcDbLine
 10
124.399992
 20
175.429503
 30
0.0
 11
124.399998
 21
175.429503
 31
0.0
  0
LINE
  5
33C
330
1F
100
AcDbEntity
  8
Mechanical3
100
AcDbLine
 10
108.499994
 20
157.425815
 30
0.0
 11
119.5
 21
157.425815
 31
0.0
  0
LINE
  5
33D
330
1F
100
AcDbEntity
  8
Mechanical3
100
AcDbLine
 10
129.3
 20
157.425815
 30
0.0
 11
140.300006
 21
157.425815
 31
0.0
  0
LINE
  5
33E
330
1F
100
AcDbEntity
  8
Mechanical3
100
AcDbLine
 10
124.399992
 20
195.222127
 30
0.0
 11
124.399998
 21
195.222127
 31
0.0
  0
LINE
  5
33F
330
1F
100
AcDbEntity
  8
Mechanical3
100
AcDbLine
 10
123.399995
 20
176.429501
 30
0.0
 11
123.399995
 21
194.222129
 31
0.0
  0
LINE
  5
340
330
1F
100
AcDbEntity
  8
Mechanical3
100
AcDbLine
 10
125.399996
 20
176.429501
 30
0.0
 11
125.399996
 21
194.222129
 31
0.0
  0
LINE
  5
341
330
1F
100
AcDbEntity
  8
Mechanical3
100
AcDbLine
 10
70.699993
 20
155.425819
 30
0.0
 11
102.500006
 21
155.425819
 31
0.0
  0
LINE
  5
342
330
1F
100
AcDbEntity
  8
Mechanical3
100
AcDbLine
 10
87.6
 20
161.325817
 30
0.0
 11
87.6
 21
170.429505
 31
0.0
  0
LINE
  5
343
330
1F
100
AcDbEntity
  8
Mechanical3
100
AcDbLine
 10
86.599994
 20
171.429503
 30
0.0
 11
86.6
 21
171.429503
 31
0.0
  0
LINE
  5
344
330
1F
100
AcDbEntity
  8
Mechanical3
100
AcDbLine
 10
85.599999
 20
161.325817
 30
0.0
 11
85.600002
 21
170.432693
 31
0.0
  0
LINE
  5
345
330
1F
100
AcDbEntity
  8
Mechanical3
100
AcDbLine
 10
86.599992
 20
175.429505
 30
0.0
 11
86.599997
 21
175.429505
 31
0.0
  0
LINE
  5
346
330
1F
100
AcDbEntity
  8
Mechanical3
100
AcDbLine
 10
70.699993
 20
157.425817
 30
0.0
 11
81.699999
 21
157.425817
 31
0.0
  0
LINE
  5
347
330
1F
100
AcDbEntity
  8
Mechanical3
100
AcDbLine
 10
91.5
 20
157.425817
 30
0.0
 11
102.500006
 21
157.425817
 31
0.0
  0
LINE
  5
348
330
1F
100
AcDbEntity
  8
Mechanical3
100
AcDbLine
 10
86.599992
 20
195.22213
 30
0.0
 11
86.599997
 21
195.22213
 31
0.0
  0
LINE
  5
349
330
1F
100
AcDbEntity
  8
Mechanical3
100
AcDbLine
 10
85.599994
 20
176.429503
 30
0.0
 11
85.599994
 21
194.222132
 31
0.0
  0
LINE
  5
34A
330
1F
100
AcDbEntity
  8
Mechanical3
100
AcDbLine
 10
87.599995
 20
176.429503
 30
0.0
 11
87.599995
 21
194.222132
 31
0.0
  0
LINE
  5
34B
330
1F
100
AcDbEntity
  8
Mechanical3
100
AcDbLine
 10
10.999998
 20
229.229507
 30
0.0
 11
11.000003
 21
229.229507
 31
0.0
  0
LINE
  5
34C
330
1F
100
AcDbEntity
  8
Mechanical3
100
AcDbLine
 10
11.999996
 20
228.232696
 30
0.0
 11
11.999999
 21
219.125821
 31
0.0
  0
LINE
  5
34D
330
1F
100
AcDbEntity
  8
Mechanical3
100
AcDbLine
 10
49.799994
 20
176.429506
 30
0.0
 11
49.799994
 21
194.222135
 31
0.0
  0
LINE
  5
34E
330
1F
100
AcDbEntity
  8
Mechanical3
100
AcDbLine
 10
47.799993
 20
176.429506
 30
0.0
 11
47.799993
 21
194.222135
 31
0.0
  0
LINE
  5
34F
330
1F
100
AcDbEntity
  8
Mechanical3
100
AcDbLine
 10
12.000004
 20
176.429506
 30
0.0
 11
12.000004
 21
194.222135
 31
0.0
  0
LINE
  5
350
330
1F
100
AcDbEntity
  8
Mechanical3
100
AcDbLine
 10
10.000003
 20
176.429506
 30
0.0
 11
10.000003
 21
194.222135
 31
0.0
  0
LINE
  5
351
330
1F
100
AcDbEntity
  8
Mechanical3
100
AcDbLine
 10
15.899999
 20
213.22582
 30
0.0
 11
26.900005
 21
213.22582
 31
0.0
  0
LINE
  5
352
330
1F
100
AcDbEntity
  8
Mechanical3
100
AcDbLine
 10
11.000001
 20
195.222133
 30
0.0
 11
11.000006
 21
195.222133
 31
0.0
  0
LINE
  5
353
330
1F
100
AcDbEntity
  8
Mechanical3
100
AcDbLine
 10
11.999996
 20
200.218945
 30
0.0
 11
11.999999
 21
209.32582
 31
0.0
  0
LINE
  5
354
330
1F
100
AcDbEntity
  8
Mechanical3
100
AcDbLine
 10
10.999998
 20
199.222135
 30
0.0
 11
11.000003
 21
199.222135
 31
0.0
  0
LINE
  5
355
330
1F
100
AcDbEntity
  8
Mechanical3
100
AcDbLine
 10
9.999998
 20
200.222133
 30
0.0
 11
9.999998
 21
228.229509
 31
0.0
  0
LINE
  5
356
330
1F
100
AcDbEntity
  8
Mechanical3
100
AcDbLine
 10
15.899999
 20
215.225819
 30
0.0
 11
26.900005
 21
215.225819
 31
0.0
  0
LINE
  5
357
330
1F
100
AcDbEntity
  8
Mechanical3
100
AcDbLine
 10
48.799991
 20
195.222133
 30
0.0
 11
48.799996
 21
195.222133
 31
0.0
  0
LINE
  5
358
330
1F
100
AcDbEntity
  8
Mechanical3
100
AcDbLine
 10
53.699999
 20
157.42582
 30
0.0
 11
64.700005
 21
157.42582
 31
0.0
  0
LINE
  5
359
330
1F
100
AcDbEntity
  8
Mechanical3
100
AcDbLine
 10
32.899993
 20
157.42582
 30
0.0
 11
43.899999
 21
157.42582
 31
0.0
  0
LINE
  5
35A
330
1F
100
AcDbEntity
  8
Mechanical3
100
AcDbLine
 10
48.799991
 20
175.429508
 30
0.0
 11
48.799996
 21
175.429508
 31
0.0
  0
LINE
  5
35B
330
1F
100
AcDbEntity
  8
Mechanical3
100
AcDbLine
 10
47.799998
 20
161.32582
 30
0.0
 11
47.800001
 21
170.432695
 31
0.0
  0
LINE
  5
35C
330
1F
100
AcDbEntity
  8
Mechanical3
100
AcDbLine
 10
48.799994
 20
171.429506
 30
0.0
 11
48.799999
 21
171.429506
 31
0.0
  0
LINE
  5
35D
330
1F
100
AcDbEntity
  8
Mechanical3
100
AcDbLine
 10
49.799999
 20
161.32582
 30
0.0
 11
49.799999
 21
170.429508
 31
0.0
  0
LINE
  5
35E
330
1F
100
AcDbEntity
  8
Mechanical3
100
AcDbLine
 10
32.899993
 20
155.425821
 30
0.0
 11
64.700005
 21
155.425821
 31
0.0
  0
LINE
  5
35F
330
1F
100
AcDbEntity
  8
Mechanical3
100
AcDbLine
 10
15.649321
 20
155.425821
 30
0.0
 11
26.900005
 21
155.425821
 31
0.0
  0
LINE
  5
360
330
1F
100
AcDbEntity
  8
Mechanical3
100
AcDbLine
 10
9.999998
 20
161.075145
 30
0.0
 11
9.999998
 21
170.429508
 31
0.0
  0
LINE
  5
361
330
1F
100
AcDbEntity
  8
Mechanical3
100
AcDbLine
 10
10.999998
 20
171.429506
 30
0.0
 11
11.000003
 21
171.429506
 31
0.0
  0
LINE
  5
362
330
1F
100
AcDbEntity
  8
Mechanical3
100
AcDbLine
 10
11.999996
 20
170.432695
 30
0.0
 11
11.999999
 21
161.32582
 31
0.0
  0
LINE
  5
363
330
1F
100
AcDbEntity
  8
Mechanical3
100
AcDbLine
 10
11.000001
 20
175.429508
 30
0.0
 11
11.000006
 21
175.429508
 31
0.0
  0
LINE
  5
364
330
1F
100
AcDbEntity
  8
Mechanical3
100
AcDbLine
 10
15.899999
 20
157.42582
 30
0.0
 11
26.900005
 21
157.42582
 31
0.0
  0
ARC
  5
38D
330
1F
100
AcDbEntity
  8
Mechanical3
100
AcDbCircle
 10
15.899999
 20
267.125822
 30
0.0
 40
3.89999982
100
AcDbArc
 50
90.0
 51
180.0
  0
ARC
  5
38E
330
1F
100
AcDbEntity
  8
Mechanical3
100
AcDbCircle
 10
26.900005
 20
272.025822
 30
0.0
 40
0.999998
100
AcDbArc
 50
0.0
 51
90.0
  0
ARC
  5
38F
330
1F
100
AcDbEntity
  8
Mechanical3
100
AcDbCircle
 10
26.900005
 20
272.025819
 30
0.0
 40
0.999998
100
AcDbArc
 50
270.0
 51
0.0
  0
ARC
  5
390
330
1F
100
AcDbEntity
  8
Mechanical3
100
AcDbCircle
 10
11.000006
 20
252.022136
 30
0.0
 40
0.999998
100
AcDbArc
 50
0.0
 51
90.0
  0
ARC
  5
391
330
1F
100
AcDbEntity
  8
Mechanical3
100
AcDbCircle
 10
11.000001
 20
252.022136
 30
0.0
 40
0.999998
100
AcDbArc
 50
90.0
 51
180.0
  0
ARC
  5
392
330
1F
100
AcDbEntity
  8
Mechanical3
100
AcDbCircle
 10
11.000003
 20
258.022134
 30
0.0
 40
0.999998
100
AcDbArc
 50
270.0
 51
0.0
  0
ARC
  5
393
330
1F
100
AcDbEntity
  8
Mechanical3
100
AcDbCircle
 10
10.999998
 20
258.022134
 30
0.0
 40
0.999998
100
AcDbArc
 50
180.0
 51
270.0
  0
ARC
  5
394
330
1F
100
AcDbEntity
  8
Mechanical3
100
AcDbCircle
 10
15.649321
 20
267.376497
 30
0.0
 40
5.64932322
100
AcDbArc
 50
90.0
 51
180.0
  0
ARC
  5
395
330
1F
100
AcDbEntity
  8
Mechanical3
100
AcDbCircle
 10
48.799999
 20
258.022134
 30
0.0
 40
0.999998
100
AcDbArc
 50
270.0
 51
0.0
  0
ARC
  5
396
330
1F
100
AcDbEntity
  8
Mechanical3
100
AcDbCircle
 10
48.799994
 20
258.022134
 30
0.0
 40
0.999998
100
AcDbArc
 50
180.0
 51
270.0
  0
ARC
  5
397
330
1F
100
AcDbEntity
  8
Mechanical3
100
AcDbCircle
 10
48.799996
 20
252.022136
 30
0.0
 40
0.999998
100
AcDbArc
 50
0.0
 51
90.0
  0
ARC
  5
398
330
1F
100
AcDbEntity
  8
Mechanical3
100
AcDbCircle
 10
48.799991
 20
252.022136
 30
0.0
 40
0.999998
100
AcDbArc
 50
90.0
 51
180.0
  0
ARC
  5
399
330
1F
100
AcDbEntity
  8
Mechanical3
100
AcDbCircle
 10
32.899993
 20
272.025819
 30
0.0
 40
0.999998
100
AcDbArc
 50
180.0
 51
270.0
  0
ARC
  5
39A
330
1F
100
AcDbEntity
  8
Mechanical3
100
AcDbCircle
 10
32.899993
 20
272.025822
 30
0.0
 40
0.999998
100
AcDbArc
 50
90.0
 51
180.0
  0
ARC
  5
39B
330
1F
100
AcDbEntity
  8
Mechanical3
100
AcDbCircle
 10
43.899999
 20
267.125822
 30
0.0
 40
3.89999982
100
AcDbArc
 50
0.0
 51
90.0
  0
ARC
  5
39C
330
1F
100
AcDbEntity
  8
Mechanical3
100
AcDbCircle
 10
53.699999
 20
267.125822
 30
0.0
 40
3.89999982
100
AcDbArc
 50
90.0
 51
180.0
  0
ARC
  5
39D
330
1F
100
AcDbEntity
  8
Mechanical3
100
AcDbCircle
 10
64.700005
 20
272.025822
 30
0.0
 40
0.999998
100
AcDbArc
 50
0.0
 51
90.0
  0
ARC
  5
39E
330
1F
100
AcDbEntity
  8
Mechanical3
100
AcDbCircle
 10
64.700005
 20
272.025819
 30
0.0
 40
0.999998
100
AcDbArc
 50
270.0
 51
0.0
  0
ARC
  5
39F
330
1F
100
AcDbEntity
  8
Mechanical3
100
AcDbCircle
 10
48.799991
 20
234.229507
 30
0.0
 40
0.999998
100
AcDbArc
 50
180.0
 51
270.0
  0
ARC
  5
3A0
330
1F
100
AcDbEntity
  8
Mechanical3
100
AcDbCircle
 10
48.799996
 20
234.229507
 30
0.0
 40
0.999998
100
AcDbArc
 50
270.0
 51
0.0
  0
ARC
  5
3A1
330
1F
100
AcDbEntity
  8
Mechanical3
100
AcDbCircle
 10
11.000001
 20
234.229507
 30
0.0
 40
0.999998
100
AcDbArc
 50
180.0
 51
270.0
  0
ARC
  5
3A2
330
1F
100
AcDbEntity
  8
Mechanical3
100
AcDbCircle
 10
11.000006
 20
234.229507
 30
0.0
 40
0.999998
100
AcDbArc
 50
270.0
 51
0.0
  0
ARC
  5
3A3
330
1F
100
AcDbEntity
  8
Mechanical3
100
AcDbCircle
 10
86.599997
 20
234.229509
 30
0.0
 40
0.999998
100
AcDbArc
 50
270.0
 51
0.0
  0
ARC
  5
3A4
330
1F
100
AcDbEntity
  8
Mechanical3
100
AcDbCircle
 10
86.599992
 20
234.229509
 30
0.0
 40
0.999998
100
AcDbArc
 50
180.0
 51
270.0
  0
ARC
  5
3A5
330
1F
100
AcDbEntity
  8
Mechanical3
100
AcDbCircle
 10
102.500006
 20
272.025822
 30
0.0
 40
0.999998
100
AcDbArc
 50
270.0
 51
0.0
  0
ARC
  5
3A6
330
1F
100
AcDbEntity
  8
Mechanical3
100
AcDbCircle
 10
102.500006
 20
272.025825
 30
0.0
 40
0.999998
100
AcDbArc
 50
0.0
 51
90.0
  0
ARC
  5
3A7
330
1F
100
AcDbEntity
  8
Mechanical3
100
AcDbCircle
 10
91.5
 20
267.125824
 30
0.0
 40
3.89999982
100
AcDbArc
 50
90.0
 51
180.0
  0
ARC
  5
3A8
330
1F
100
AcDbEntity
  8
Mechanical3
100
AcDbCircle
 10
81.699999
 20
267.125824
 30
0.0
 40
3.89999982
100
AcDbArc
 50
0.0
 51
90.0
  0
ARC
  5
3A9
330
1F
100
AcDbEntity
  8
Mechanical3
100
AcDbCircle
 10
70.699993
 20
272.025825
 30
0.0
 40
0.999998
100
AcDbArc
 50
90.0
 51
180.0
  0
ARC
  5
3AA
330
1F
100
AcDbEntity
  8
Mechanical3
100
AcDbCircle
 10
70.699993
 20
272.025822
 30
0.0
 40
0.999998
100
AcDbArc
 50
180.0
 51
270.0
  0
ARC
  5
3AB
330
1F
100
AcDbEntity
  8
Mechanical3
100
AcDbCircle
 10
86.599992
 20
252.022138
 30
0.0
 40
0.999998
100
AcDbArc
 50
90.0
 51
180.0
  0
ARC
  5
3AC
330
1F
100
AcDbEntity
  8
Mechanical3
100
AcDbCircle
 10
86.599997
 20
252.022138
 30
0.0
 40
0.999998
100
AcDbArc
 50
0.0
 51
90.0
  0
ARC
  5
3AD
330
1F
100
AcDbEntity
  8
Mechanical3
100
AcDbCircle
 10
86.599994
 20
258.022136
 30
0.0
 40
0.999998
100
AcDbArc
 50
180.0
 51
270.0
  0
ARC
  5
3AE
330
1F
100
AcDbEntity
  8
Mechanical3
100
AcDbCircle
 10
86.6
 20
258.022136
 30
0.0
 40
0.999998
100
AcDbArc
 50
270.0
 51
0.0
  0
ARC
  5
3AF
330
1F
100
AcDbEntity
  8
Mechanical3
100
AcDbCircle
 10
124.399998
 20
234.229512
 30
0.0
 40
0.999998
100
AcDbArc
 50
270.0
 51
0.0
  0
ARC
  5
3B0
330
1F
100
AcDbEntity
  8
Mechanical3
100
AcDbCircle
 10
124.399992
 20
234.229512
 30
0.0
 40
0.999998
100
AcDbArc
 50
180.0
 51
270.0
  0
ARC
  5
3B1
330
1F
100
AcDbEntity
  8
Mechanical3
100
AcDbCircle
 10
140.300006
 20
272.025825
 30
0.0
 40
0.999998
100
AcDbArc
 50
270.0
 51
0.0
  0
ARC
  5
3B2
330
1F
100
AcDbEntity
  8
Mechanical3
100
AcDbCircle
 10
140.300006
 20
272.025827
 30
0.0
 40
0.999998
100
AcDbArc
 50
0.0
 51
90.0
  0
ARC
  5
3B3
330
1F
100
AcDbEntity
  8
Mechanical3
100
AcDbCircle
 10
129.3
 20
267.125827
 30
0.0
 40
3.89999982
100
AcDbArc
 50
90.0
 51
180.0
  0
ARC
  5
3B4
330
1F
100
AcDbEntity
  8
Mechanical3
100
AcDbCircle
 10
119.5
 20
267.125827
 30
0.0
 40
3.89999982
100
AcDbArc
 50
0.0
 51
90.0
  0
ARC
  5
3B5
330
1F
100
AcDbEntity
  8
Mechanical3
100
AcDbCircle
 10
108.499994
 20
272.025827
 30
0.0
 40
0.999998
100
AcDbArc
 50
90.0
 51
180.0
  0
ARC
  5
3B6
330
1F
100
AcDbEntity
  8
Mechanical3
100
AcDbCircle
 10
108.499994
 20
272.025825
 30
0.0
 40
0.999998
100
AcDbArc
 50
180.0
 51
270.0
  0
ARC
  5
3B7
330
1F
100
AcDbEntity
  8
Mechanical3
100
AcDbCircle
 10
124.399992
 20
252.022141
 30
0.0
 40
0.999998
100
AcDbArc
 50
90.0
 51
180.0
  0
ARC
  5
3B8
330
1F
100
AcDbEntity
  8
Mechanical3
100
AcDbCircle
 10
124.399998
 20
252.022141
 30
0.0
 40
0.999998
100
AcDbArc
 50
0.0
 51
90.0
  0
ARC
  5
3B9
330
1F
100
AcDbEntity
  8
Mechanical3
100
AcDbCircle
 10
124.399995
 20
258.022139
 30
0.0
 40
0.999998
100
AcDbArc
 50
180.0
 51
270.0
  0
ARC
  5
3BA
330
1F
100
AcDbEntity
  8
Mechanical3
100
AcDbCircle
 10
124.4
 20
258.022139
 30
0.0
 40
0.999998
100
AcDbArc
 50
270.0
 51
0.0
  0
ARC
  5
3BB
330
1F
100
AcDbEntity
  8
Mechanical3
100
AcDbCircle
 10
162.199998
 20
234.229512
 30
0.0
 40
0.999998
100
AcDbArc
 50
270.0
 51
0.0
  0
ARC
  5
3BC
330
1F
100
AcDbEntity
  8
Mechanical3
100
AcDbCircle
 10
162.199993
 20
234.229512
 30
0.0
 40
0.999998
100
AcDbArc
 50
180.0
 51
270.0
  0
ARC
  5
3BD
330
1F
100
AcDbEntity
  8
Mechanical3
100
AcDbCircle
 10
178.100007
 20
272.025825
 30
0.0
 40
0.999998
100
AcDbArc
 50
270.0
 51
0.0
  0
ARC
  5
3BE
330
1F
100
AcDbEntity
  8
Mechanical3
100
AcDbCircle
 10
178.100007
 20
272.025827
 30
0.0
 40
0.999998
100
AcDbArc
 50
0.0
 51
90.0
  0
ARC
  5
3BF
330
1F
100
AcDbEntity
  8
Mechanical3
100
AcDbCircle
 10
167.100001
 20
267.125827
 30
0.0
 40
3.89999982
100
AcDbArc
 50
90.0
 51
180.0
  0
ARC
  5
3C0
330
1F
100
AcDbEntity
  8
Mechanical3
100
AcDbCircle
 10
157.3
 20
267.125827
 30
0.0
 40
3.89999982
100
AcDbArc
 50
0.0
 51
90.0
  0
ARC
  5
3C1
330
1F
100
AcDbEntity
  8
Mechanical3
100
AcDbCircle
 10
146.299994
 20
272.025827
 30
0.0
 40
0.999998
100
AcDbArc
 50
90.0
 51
180.0
  0
ARC
  5
3C2
330
1F
100
AcDbEntity
  8
Mechanical3
100
AcDbCircle
 10
146.299994
 20
272.025825
 30
0.0
 40
0.999998
100
AcDbArc
 50
180.0
 51
270.0
  0
ARC
  5
3C3
330
1F
100
AcDbEntity
  8
Mechanical3
100
AcDbCircle
 10
162.199993
 20
252.022141
 30
0.0
 40
0.999998
100
AcDbArc
 50
90.0
 51
180.0
  0
ARC
  5
3C4
330
1F
100
AcDbEntity
  8
Mechanical3
100
AcDbCircle
 10
162.199998
 20
252.022141
 30
0.0
 40
0.999998
100
AcDbArc
 50
0.0
 51
90.0
  0
ARC
  5
3C5
330
1F
100
AcDbEntity
  8
Mechanical3
100
AcDbCircle
 10
162.199996
 20
258.022139
 30
0.0
 40
0.999998
100
AcDbArc
 50
180.0
 51
270.0
  0
ARC
  5
3C6
330
1F
100
AcDbEntity
  8
Mechanical3
100
AcDbCircle
 10
162.200001
 20
258.022139
 30
0.0
 40
0.999998
100
AcDbArc
 50
270.0
 51
0.0
  0
ARC
  5
3C7
330
1F
100
AcDbEntity
  8
Mechanical3
100
AcDbCircle
 10
199.999994
 20
234.229509
 30
0.0
 40
0.999998
100
AcDbArc
 50
180.0
 51
270.0
  0
ARC
  5
3C8
330
1F
100
AcDbEntity
  8
Mechanical3
100
AcDbCircle
 10
199.999999
 20
234.229509
 30
0.0
 40
0.999998
100
AcDbArc
 50
270.0
 51
0.0
  0
ARC
  5
3C9
330
1F
100
AcDbEntity
  8
Mechanical3
100
AcDbCircle
 10
195.350679
 20
267.376499
 30
0.0
 40
5.64932322
100
AcDbArc
 50
0.0
 51
90.0
  0
ARC
  5
3CA
330
1F
100
AcDbEntity
  8
Mechanical3
100
AcDbCircle
 10
200.000001
 20
258.022136
 30
0.0
 40
0.999998
100
AcDbArc
 50
270.0
 51
0.0
  0
ARC
  5
3CB
330
1F
100
AcDbEntity
  8
Mechanical3
100
AcDbCircle
 10
199.999996
 20
258.022136
 30
0.0
 40
0.999998
100
AcDbArc
 50
180.0
 51
270.0
  0
ARC
  5
3CC
330
1F
100
AcDbEntity
  8
Mechanical3
100
AcDbCircle
 10
199.999999
 20
252.022138
 30
0.0
 40
0.999998
100
AcDbArc
 50
0.0
 51
90.0
  0
ARC
  5
3CD
330
1F
100
AcDbEntity
  8
Mechanical3
100
AcDbCircle
 10
199.999994
 20
252.022138
 30
0.0
 40
0.999998
100
AcDbArc
 50
90.0
 51
180.0
  0
ARC
  5
3CE
330
1F
100
AcDbEntity
  8
Mechanical3
100
AcDbCircle
 10
184.099995
 20
272.025822
 30
0.0
 40
0.999998
100
AcDbArc
 50
180.0
 51
270.0
  0
ARC
  5
3CF
330
1F
100
AcDbEntity
  8
Mechanical3
100
AcDbCircle
 10
184.099995
 20
272.025825
 30
0.0
 40
0.999998
100
AcDbArc
 50
90.0
 51
180.0
  0
ARC
  5
3D0
330
1F
100
AcDbEntity
  8
Mechanical3
100
AcDbCircle
 10
195.100001
 20
267.125824
 30
0.0
 40
3.89999982
100
AcDbArc
 50
0.0
 51
90.0
  0
ARC
  5
3D1
330
1F
100
AcDbEntity
  8
Mechanical3
100
AcDbCircle
 10
162.200001
 20
200.222128
 30
0.0
 40
0.999998
100
AcDbArc
 50
270.0
 51
0.0
  0
ARC
  5
3D2
330
1F
100
AcDbEntity
  8
Mechanical3
100
AcDbCircle
 10
162.199996
 20
200.222128
 30
0.0
 40
0.999998
100
AcDbArc
 50
180.0
 51
270.0
  0
ARC
  5
3D3
330
1F
100
AcDbEntity
  8
Mechanical3
100
AcDbCircle
 10
146.299994
 20
214.225813
 30
0.0
 40
0.999998
100
AcDbArc
 50
180.0
 51
270.0
  0
ARC
  5
3D4
330
1F
100
AcDbEntity
  8
Mechanical3
100
AcDbCircle
 10
146.299994
 20
214.225816
 30
0.0
 40
0.999998
100
AcDbArc
 50
90.0
 51
180.0
  0
ARC
  5
3D5
330
1F
100
AcDbEntity
  8
Mechanical3
100
AcDbCircle
 10
157.3
 20
209.325815
 30
0.0
 40
3.89999982
100
AcDbArc
 50
0.0
 51
90.0
  0
ARC
  5
3D6
330
1F
100
AcDbEntity
  8
Mechanical3
100
AcDbCircle
 10
167.100001
 20
209.325815
 30
0.0
 40
3.89999982
100
AcDbArc
 50
90.0
 51
180.0
  0
ARC
  5
3D7
330
1F
100
AcDbEntity
  8
Mechanical3
100
AcDbCircle
 10
178.100007
 20
214.225816
 30
0.0
 40
0.999998
100
AcDbArc
 50
0.0
 51
90.0
  0
ARC
  5
3D8
330
1F
100
AcDbEntity
  8
Mechanical3
100
AcDbCircle
 10
178.100007
 20
214.225813
 30
0.0
 40
0.999998
100
AcDbArc
 50
270.0
 51
0.0
  0
ARC
  5
3D9
330
1F
100
AcDbEntity
  8
Mechanical3
100
AcDbCircle
 10
167.100001
 20
219.125813
 30
0.0
 40
3.89999982
100
AcDbArc
 50
180.0
 51
270.0
  0
ARC
  5
3DA
330
1F
100
AcDbEntity
  8
Mechanical3
100
AcDbCircle
 10
157.3
 20
219.125813
 30
0.0
 40
3.89999982
100
AcDbArc
 50
270.0
 51
0.0
  0
ARC
  5
3DB
330
1F
100
AcDbEntity
  8
Mechanical3
100
AcDbCircle
 10
162.199996
 20
228.229501
 30
0.0
 40
0.999998
100
AcDbArc
 50
90.0
 51
180.0
  0
ARC
  5
3DC
330
1F
100
AcDbEntity
  8
Mechanical3
100
AcDbCircle
 10
162.200001
 20
228.229501
 30
0.0
 40
0.999998
100
AcDbArc
 50
0.0
 51
90.0
  0
ARC
  5
3DD
330
1F
100
AcDbEntity
  8
Mechanical3
100
AcDbCircle
 10
124.4
 20
200.222128
 30
0.0
 40
0.999998
100
AcDbArc
 50
270.0
 51
0.0
  0
ARC
  5
3DE
330
1F
100
AcDbEntity
  8
Mechanical3
100
AcDbCircle
 10
124.399995
 20
200.222128
 30
0.0
 40
0.999998
100
AcDbArc
 50
180.0
 51
270.0
  0
ARC
  5
3DF
330
1F
100
AcDbEntity
  8
Mechanical3
100
AcDbCircle
 10
108.499994
 20
214.225813
 30
0.0
 40
0.999998
100
AcDbArc
 50
180.0
 51
270.0
  0
ARC
  5
3E0
330
1F
100
AcDbEntity
  8
Mechanical3
100
AcDbCircle
 10
108.499994
 20
214.225816
 30
0.0
 40
0.999998
100
AcDbArc
 50
90.0
 51
180.0
  0
ARC
  5
3E1
330
1F
100
AcDbEntity
  8
Mechanical3
100
AcDbCircle
 10
119.5
 20
209.325815
 30
0.0
 40
3.89999982
100
AcDbArc
 50
0.0
 51
90.0
  0
ARC
  5
3E2
330
1F
100
AcDbEntity
  8
Mechanical3
100
AcDbCircle
 10
129.3
 20
209.325815
 30
0.0
 40
3.89999982
100
AcDbArc
 50
90.0
 51
180.0
  0
ARC
  5
3E3
330
1F
100
AcDbEntity
  8
Mechanical3
100
AcDbCircle
 10
140.300006
 20
214.225816
 30
0.0
 40
0.999998
100
AcDbArc
 50
0.0
 51
90.0
  0
ARC
  5
3E4
330
1F
100
AcDbEntity
  8
Mechanical3
100
AcDbCircle
 10
140.300006
 20
214.225813
 30
0.0
 40
0.999998
100
AcDbArc
 50
270.0
 51
0.0
  0
ARC
  5
3E5
330
1F
100
AcDbEntity
  8
Mechanical3
100
AcDbCircle
 10
129.3
 20
219.125813
 30
0.0
 40
3.89999982
100
AcDbArc
 50
180.0
 51
270.0
  0
ARC
  5
3E6
330
1F
100
AcDbEntity
  8
Mechanical3
100
AcDbCircle
 10
119.5
 20
219.125813
 30
0.0
 40
3.89999982
100
AcDbArc
 50
270.0
 51
0.0
  0
ARC
  5
3E7
330
1F
100
AcDbEntity
  8
Mechanical3
100
AcDbCircle
 10
124.399995
 20
228.229501
 30
0.0
 40
0.999998
100
AcDbArc
 50
90.0
 51
180.0
  0
ARC
  5
3E8
330
1F
100
AcDbEntity
  8
Mechanical3
100
AcDbCircle
 10
124.4
 20
228.229501
 30
0.0
 40
0.999998
100
AcDbArc
 50
0.0
 51
90.0
  0
ARC
  5
3E9
330
1F
100
AcDbEntity
  8
Mechanical3
100
AcDbCircle
 10
86.6
 20
200.22213
 30
0.0
 40
0.999998
100
AcDbArc
 50
270.0
 51
0.0
  0
ARC
  5
3EA
330
1F
100
AcDbEntity
  8
Mechanical3
100
AcDbCircle
 10
86.599994
 20
200.22213
 30
0.0
 40
0.999998
100
AcDbArc
 50
180.0
 51
270.0
  0
ARC
  5
3EB
330
1F
100
AcDbEntity
  8
Mechanical3
100
AcDbCircle
 10
70.699993
 20
214.225816
 30
0.0
 40
0.999998
100
AcDbArc
 50
180.0
 51
270.0
  0
ARC
  5
3EC
330
1F
100
AcDbEntity
  8
Mechanical3
100
AcDbCircle
 10
70.699993
 20
214.225818
 30
0.0
 40
0.999998
100
AcDbArc
 50
90.0
 51
180.0
  0
ARC
  5
3ED
330
1F
100
AcDbEntity
  8
Mechanical3
100
AcDbCircle
 10
81.699999
 20
209.325818
 30
0.0
 40
3.89999982
100
AcDbArc
 50
0.0
 51
90.0
  0
ARC
  5
3EE
330
1F
100
AcDbEntity
  8
Mechanical3
100
AcDbCircle
 10
91.5
 20
209.325818
 30
0.0
 40
3.89999982
100
AcDbArc
 50
90.0
 51
180.0
  0
ARC
  5
3EF
330
1F
100
AcDbEntity
  8
Mechanical3
100
AcDbCircle
 10
102.500006
 20
214.225818
 30
0.0
 40
0.999998
100
AcDbArc
 50
0.0
 51
90.0
  0
ARC
  5
3F0
330
1F
100
AcDbEntity
  8
Mechanical3
100
AcDbCircle
 10
102.500006
 20
214.225816
 30
0.0
 40
0.999998
100
AcDbArc
 50
270.0
 51
0.0
  0
ARC
  5
3F1
330
1F
100
AcDbEntity
  8
Mechanical3
100
AcDbCircle
 10
91.5
 20
219.125816
 30
0.0
 40
3.89999982
100
AcDbArc
 50
180.0
 51
270.0
  0
ARC
  5
3F2
330
1F
100
AcDbEntity
  8
Mechanical3
100
AcDbCircle
 10
81.699999
 20
219.125816
 30
0.0
 40
3.89999982
100
AcDbArc
 50
270.0
 51
0.0
  0
ARC
  5
3F3
330
1F
100
AcDbEntity
  8
Mechanical3
100
AcDbCircle
 10
86.599994
 20
228.229504
 30
0.0
 40
0.999998
100
AcDbArc
 50
90.0
 51
180.0
  0
ARC
  5
3F4
330
1F
100
AcDbEntity
  8
Mechanical3
100
AcDbCircle
 10
86.6
 20
228.229504
 30
0.0
 40
0.999998
100
AcDbArc
 50
0.0
 51
90.0
  0
ARC
  5
3F5
330
1F
100
AcDbEntity
  8
Mechanical3
100
AcDbCircle
 10
48.799999
 20
200.222133
 30
0.0
 40
0.999998
100
AcDbArc
 50
270.0
 51
0.0
  0
ARC
  5
3F6
330
1F
100
AcDbEntity
  8
Mechanical3
100
AcDbCircle
 10
48.799994
 20
200.222133
 30
0.0
 40
0.999998
100
AcDbArc
 50
180.0
 51
270.0
  0
ARC
  5
3F7
330
1F
100
AcDbEntity
  8
Mechanical3
100
AcDbCircle
 10
32.899993
 20
214.225818
 30
0.0
 40
0.999998
100
AcDbArc
 50
180.0
 51
270.0
  0
ARC
  5
3F8
330
1F
100
AcDbEntity
  8
Mechanical3
100
AcDbCircle
 10
32.899993
 20
214.225821
 30
0.0
 40
0.999998
100
AcDbArc
 50
90.0
 51
180.0
  0
ARC
  5
3F9
330
1F
100
AcDbEntity
  8
Mechanical3
100
AcDbCircle
 10
43.899999
 20
209.32582
 30
0.0
 40
3.89999982
100
AcDbArc
 50
0.0
 51
90.0
  0
ARC
  5
3FA
330
1F
100
AcDbEntity
  8
Mechanical3
100
AcDbCircle
 10
53.699999
 20
209.32582
 30
0.0
 40
3.89999982
100
AcDbArc
 50
90.0
 51
180.0
  0
ARC
  5
3FB
330
1F
100
AcDbEntity
  8
Mechanical3
100
AcDbCircle
 10
64.700005
 20
214.225821
 30
0.0
 40
0.999998
100
AcDbArc
 50
0.0
 51
90.0
  0
ARC
  5
3FC
330
1F
100
AcDbEntity
  8
Mechanical3
100
AcDbCircle
 10
64.700005
 20
214.225818
 30
0.0
 40
0.999998
100
AcDbArc
 50
270.0
 51
0.0
  0
ARC
  5
3FD
330
1F
100
AcDbEntity
  8
Mechanical3
100
AcDbCircle
 10
53.699999
 20
219.125819
 30
0.0
 40
3.89999982
100
AcDbArc
 50
180.0
 51
270.0
  0
ARC
  5
3FE
330
1F
100
AcDbEntity
  8
Mechanical3
100
AcDbCircle
 10
43.899999
 20
219.125819
 30
0.0
 40
3.89999982
100
AcDbArc
 50
270.0
 51
0.0
  0
ARC
  5
3FF
330
1F
100
AcDbEntity
  8
Mechanical3
100
AcDbCircle
 10
48.799994
 20
228.229506
 30
0.0
 40
0.999998
100
AcDbArc
 50
90.0
 51
180.0
  0
ARC
  5
400
330
1F
100
AcDbEntity
  8
Mechanical3
100
AcDbCircle
 10
48.799999
 20
228.229506
 30
0.0
 40
0.999998
100
AcDbArc
 50
0.0
 51
90.0
  0
ARC
  5
401
330
1F
100
AcDbEntity
  8
Mechanical3
100
AcDbCircle
 10
195.100001
 20
161.325817
 30
0.0
 40
3.89999982
100
AcDbArc
 50
270.0
 51
0.0
  0
ARC
  5
402
330
1F
100
AcDbEntity
  8
Mechanical3
100
AcDbCircle
 10
184.099995
 20
156.425817
 30
0.0
 40
0.999998
100
AcDbArc
 50
180.0
 51
270.0
  0
ARC
  5
403
330
1F
100
AcDbEntity
  8
Mechanical3
100
AcDbCircle
 10
184.099995
 20
156.425819
 30
0.0
 40
0.999998
100
AcDbArc
 50
90.0
 51
180.0
  0
ARC
  5
404
330
1F
100
AcDbEntity
  8
Mechanical3
100
AcDbCircle
 10
199.999994
 20
176.429503
 30
0.0
 40
0.999998
100
AcDbArc
 50
180.0
 51
270.0
  0
ARC
  5
405
330
1F
100
AcDbEntity
  8
Mechanical3
100
AcDbCircle
 10
199.999999
 20
176.429503
 30
0.0
 40
0.999998
100
AcDbArc
 50
270.0
 51
0.0
  0
ARC
  5
406
330
1F
100
AcDbEntity
  8
Mechanical3
100
AcDbCircle
 10
199.999996
 20
170.429505
 30
0.0
 40
0.999998
100
AcDbArc
 50
90.0
 51
180.0
  0
ARC
  5
407
330
1F
100
AcDbEntity
  8
Mechanical3
100
AcDbCircle
 10
200.000001
 20
170.429505
 30
0.0
 40
0.999998
100
AcDbArc
 50
0.0
 51
90.0
  0
ARC
  5
408
330
1F
100
AcDbEntity
  8
Mechanical3
100
AcDbCircle
 10
195.350679
 20
161.075142
 30
0.0
 40
5.64932322
100
AcDbArc
 50
270.0
 51
0.0
  0
ARC
  5
409
330
1F
100
AcDbEntity
  8
Mechanical3
100
AcDbCircle
 10
200.000001
 20
200.22213
 30
0.0
 40
0.999998
100
AcDbArc
 50
270.0
 51
0.0
  0
ARC
  5
40A
330
1F
100
AcDbEntity
  8
Mechanical3
100
AcDbCircle
 10
199.999996
 20
200.22213
 30
0.0
 40
0.999998
100
AcDbArc
 50
180.0
 51
270.0
  0
ARC
  5
40B
330
1F
100
AcDbEntity
  8
Mechanical3
100
AcDbCircle
 10
199.999999
 20
194.222132
 30
0.0
 40
0.999998
100
AcDbArc
 50
0.0
 51
90.0
  0
ARC
  5
40C
330
1F
100
AcDbEntity
  8
Mechanical3
100
AcDbCircle
 10
199.999994
 20
194.222132
 30
0.0
 40
0.999998
100
AcDbArc
 50
90.0
 51
180.0
  0
ARC
  5
40D
330
1F
100
AcDbEntity
  8
Mechanical3
100
AcDbCircle
 10
184.099995
 20
214.225816
 30
0.0
 40
0.999998
100
AcDbArc
 50
180.0
 51
270.0
  0
ARC
  5
40E
330
1F
100
AcDbEntity
  8
Mechanical3
100
AcDbCircle
 10
184.099995
 20
214.225818
 30
0.0
 40
0.999998
100
AcDbArc
 50
90.0
 51
180.0
  0
ARC
  5
40F
330
1F
100
AcDbEntity
  8
Mechanical3
100
AcDbCircle
 10
195.100001
 20
209.325818
 30
0.0
 40
3.89999982
100
AcDbArc
 50
0.0
 51
90.0
  0
ARC
  5
410
330
1F
100
AcDbEntity
  8
Mechanical3
100
AcDbCircle
 10
195.100001
 20
219.125819
 30
0.0
 40
3.89999982
100
AcDbArc
 50
270.0
 51
0.0
  0
ARC
  5
411
330
1F
100
AcDbEntity
  8
Mechanical3
100
AcDbCircle
 10
199.999996
 20
228.229506
 30
0.0
 40
0.999998
100
AcDbArc
 50
90.0
 51
180.0
  0
ARC
  5
412
330
1F
100
AcDbEntity
  8
Mechanical3
100
AcDbCircle
 10
200.000001
 20
228.229506
 30
0.0
 40
0.999998
100
AcDbArc
 50
0.0
 51
90.0
  0
ARC
  5
413
330
1F
100
AcDbEntity
  8
Mechanical3
100
AcDbCircle
 10
162.200001
 20
170.429502
 30
0.0
 40
0.999998
100
AcDbArc
 50
0.0
 51
90.0
  0
ARC
  5
414
330
1F
100
AcDbEntity
  8
Mechanical3
100
AcDbCircle
 10
162.199996
 20
170.429502
 30
0.0
 40
0.999998
100
AcDbArc
 50
90.0
 51
180.0
  0
ARC
  5
415
330
1F
100
AcDbEntity
  8
Mechanical3
100
AcDbCircle
 10
162.199998
 20
176.429501
 30
0.0
 40
0.999998
100
AcDbArc
 50
270.0
 51
0.0
  0
ARC
  5
416
330
1F
100
AcDbEntity
  8
Mechanical3
100
AcDbCircle
 10
162.199993
 20
176.429501
 30
0.0
 40
0.999998
100
AcDbArc
 50
180.0
 51
270.0
  0
ARC
  5
417
330
1F
100
AcDbEntity
  8
Mechanical3
100
AcDbCircle
 10
146.299994
 20
156.425817
 30
0.0
 40
0.999998
100
AcDbArc
 50
90.0
 51
180.0
  0
ARC
  5
418
330
1F
100
AcDbEntity
  8
Mechanical3
100
AcDbCircle
 10
146.299994
 20
156.425814
 30
0.0
 40
0.999998
100
AcDbArc
 50
180.0
 51
270.0
  0
ARC
  5
419
330
1F
100
AcDbEntity
  8
Mechanical3
100
AcDbCircle
 10
157.3
 20
161.325815
 30
0.0
 40
3.89999982
100
AcDbArc
 50
270.0
 51
0.0
  0
ARC
  5
41A
330
1F
100
AcDbEntity
  8
Mechanical3
100
AcDbCircle
 10
167.100001
 20
161.325815
 30
0.0
 40
3.89999982
100
AcDbArc
 50
180.0
 51
270.0
  0
ARC
  5
41B
330
1F
100
AcDbEntity
  8
Mechanical3
100
AcDbCircle
 10
178.100007
 20
156.425814
 30
0.0
 40
0.999998
100
AcDbArc
 50
270.0
 51
0.0
  0
ARC
  5
41C
330
1F
100
AcDbEntity
  8
Mechanical3
100
AcDbCircle
 10
178.100007
 20
156.425817
 30
0.0
 40
0.999998
100
AcDbArc
 50
0.0
 51
90.0
  0
ARC
  5
41D
330
1F
100
AcDbEntity
  8
Mechanical3
100
AcDbCircle
 10
162.199993
 20
194.222129
 30
0.0
 40
0.999998
100
AcDbArc
 50
90.0
 51
180.0
  0
ARC
  5
41E
330
1F
100
AcDbEntity
  8
Mechanical3
100
AcDbCircle
 10
162.199998
 20
194.222129
 30
0.0
 40
0.999998
100
AcDbArc
 50
0.0
 51
90.0
  0
ARC
  5
41F
330
1F
100
AcDbEntity
  8
Mechanical3
100
AcDbCircle
 10
124.4
 20
170.429502
 30
0.0
 40
0.999998
100
AcDbArc
 50
0.0
 51
90.0
  0
ARC
  5
420
330
1F
100
AcDbEntity
  8
Mechanical3
100
AcDbCircle
 10
124.399995
 20
170.429502
 30
0.0
 40
0.999998
100
AcDbArc
 50
90.0
 51
180.0
  0
ARC
  5
421
330
1F
100
AcDbEntity
  8
Mechanical3
100
AcDbCircle
 10
124.399998
 20
176.429501
 30
0.0
 40
0.999998
100
AcDbArc
 50
270.0
 51
0.0
  0
ARC
  5
422
330
1F
100
AcDbEntity
  8
Mechanical3
100
AcDbCircle
 10
124.399992
 20
176.429501
 30
0.0
 40
0.999998
100
AcDbArc
 50
180.0
 51
270.0
  0
ARC
  5
423
330
1F
100
AcDbEntity
  8
Mechanical3
100
AcDbCircle
 10
108.499994
 20
156.425817
 30
0.0
 40
0.999998
100
AcDbArc
 50
90.0
 51
180.0
  0
ARC
  5
424
330
1F
100
AcDbEntity
  8
Mechanical3
100
AcDbCircle
 10
108.499994
 20
156.425814
 30
0.0
 40
0.999998
100
AcDbArc
 50
180.0
 51
270.0
  0
ARC
  5
425
330
1F
100
AcDbEntity
  8
Mechanical3
100
AcDbCircle
 10
119.5
 20
161.325815
 30
0.0
 40
3.89999982
100
AcDbArc
 50
270.0
 51
0.0
  0
ARC
  5
426
330
1F
100
AcDbEntity
  8
Mechanical3
100
AcDbCircle
 10
129.3
 20
161.325815
 30
0.0
 40
3.89999982
100
AcDbArc
 50
180.0
 51
270.0
  0
ARC
  5
427
330
1F
100
AcDbEntity
  8
Mechanical3
100
AcDbCircle
 10
140.300006
 20
156.425814
 30
0.0
 40
0.999998
100
AcDbArc
 50
270.0
 51
0.0
  0
ARC
  5
428
330
1F
100
AcDbEntity
  8
Mechanical3
100
AcDbCircle
 10
140.300006
 20
156.425817
 30
0.0
 40
0.999998
100
AcDbArc
 50
0.0
 51
90.0
  0
ARC
  5
429
330
1F
100
AcDbEntity
  8
Mechanical3
100
AcDbCircle
 10
124.399992
 20
194.222129
 30
0.0
 40
0.999998
100
AcDbArc
 50
90.0
 51
180.0
  0
ARC
  5
42A
330
1F
100
AcDbEntity
  8
Mechanical3
100
AcDbCircle
 10
124.399998
 20
194.222129
 30
0.0
 40
0.999998
100
AcDbArc
 50
0.0
 51
90.0
  0
ARC
  5
42B
330
1F
100
AcDbEntity
  8
Mechanical3
100
AcDbCircle
 10
86.6
 20
170.429505
 30
0.0
 40
0.999998
100
AcDbArc
 50
0.0
 51
90.0
  0
ARC
  5
42C
330
1F
100
AcDbEntity
  8
Mechanical3
100
AcDbCircle
 10
86.599994
 20
170.429505
 30
0.0
 40
0.999998
100
AcDbArc
 50
90.0
 51
180.0
  0
ARC
  5
42D
330
1F
100
AcDbEntity
  8
Mechanical3
100
AcDbCircle
 10
86.599997
 20
176.429503
 30
0.0
 40
0.999998
100
AcDbArc
 50
270.0
 51
0.0
  0
ARC
  5
42E
330
1F
100
AcDbEntity
  8
Mechanical3
100
AcDbCircle
 10
86.599992
 20
176.429503
 30
0.0
 40
0.999998
100
AcDbArc
 50
180.0
 51
270.0
  0
ARC
  5
42F
330
1F
100
AcDbEntity
  8
Mechanical3
100
AcDbCircle
 10
70.699993
 20
156.425819
 30
0.0
 40
0.999998
100
AcDbArc
 50
90.0
 51
180.0
  0
ARC
  5
430
330
1F
100
AcDbEntity
  8
Mechanical3
100
AcDbCircle
 10
70.699993
 20
156.425817
 30
0.0
 40
0.999998
100
AcDbArc
 50
180.0
 51
270.0
  0
ARC
  5
431
330
1F
100
AcDbEntity
  8
Mechanical3
100
AcDbCircle
 10
81.699999
 20
161.325817
 30
0.0
 40
3.89999982
100
AcDbArc
 50
270.0
 51
0.0
  0
ARC
  5
432
330
1F
100
AcDbEntity
  8
Mechanical3
100
AcDbCircle
 10
91.5
 20
161.325817
 30
0.0
 40
3.89999982
100
AcDbArc
 50
180.0
 51
270.0
  0
ARC
  5
433
330
1F
100
AcDbEntity
  8
Mechanical3
100
AcDbCircle
 10
102.500006
 20
156.425817
 30
0.0
 40
0.999998
100
AcDbArc
 50
270.0
 51
0.0
  0
ARC
  5
434
330
1F
100
AcDbEntity
  8
Mechanical3
100
AcDbCircle
 10
102.500006
 20
156.425819
 30
0.0
 40
0.999998
100
AcDbArc
 50
0.0
 51
90.0
  0
ARC
  5
435
330
1F
100
AcDbEntity
  8
Mechanical3
100
AcDbCircle
 10
86.599992
 20
194.222132
 30
0.0
 40
0.999998
100
AcDbArc
 50
90.0
 51
180.0
  0
ARC
  5
436
330
1F
100
AcDbEntity
  8
Mechanical3
100
AcDbCircle
 10
86.599997
 20
194.222132
 30
0.0
 40
0.999998
100
AcDbArc
 50
0.0
 51
90.0
  0
ARC
  5
437
330
1F
100
AcDbEntity
  8
Mechanical3
100
AcDbCircle
 10
10.999998
 20
228.229509
 30
0.0
 40
0.999998
100
AcDbArc
 50
90.0
 51
180.0
  0
ARC
  5
438
330
1F
100
AcDbEntity
  8
Mechanical3
100
AcDbCircle
 10
11.000003
 20
228.229509
 30
0.0
 40
0.999998
100
AcDbArc
 50
0.0
 51
90.0
  0
ARC
  5
439
330
1F
100
AcDbEntity
  8
Mechanical3
100
AcDbCircle
 10
15.899999
 20
219.125821
 30
0.0
 40
3.89999982
100
AcDbArc
 50
180.0
 51
270.0
  0
ARC
  5
43A
330
1F
100
AcDbEntity
  8
Mechanical3
100
AcDbCircle
 10
15.899999
 20
209.32582
 30
0.0
 40
3.89999982
100
AcDbArc
 50
90.0
 51
180.0
  0
ARC
  5
43B
330
1F
100
AcDbEntity
  8
Mechanical3
100
AcDbCircle
 10
26.900005
 20
214.225821
 30
0.0
 40
0.999998
100
AcDbArc
 50
0.0
 51
90.0
  0
ARC
  5
43C
330
1F
100
AcDbEntity
  8
Mechanical3
100
AcDbCircle
 10
26.900005
 20
214.225818
 30
0.0
 40
0.999998
100
AcDbArc
 50
270.0
 51
0.0
  0
ARC
  5
43D
330
1F
100
AcDbEntity
  8
Mechanical3
100
AcDbCircle
 10
11.000006
 20
194.222135
 30
0.0
 40
0.999998
100
AcDbArc
 50
0.0
 51
90.0
  0
ARC
  5
43E
330
1F
100
AcDbEntity
  8
Mechanical3
100
AcDbCircle
 10
11.000001
 20
194.222135
 30
0.0
 40
0.999998
100
AcDbArc
 50
90.0
 51
180.0
  0
ARC
  5
43F
330
1F
100
AcDbEntity
  8
Mechanical3
100
AcDbCircle
 10
11.000003
 20
200.222133
 30
0.0
 40
0.999998
100
AcDbArc
 50
270.0
 51
0.0
  0
ARC
  5
440
330
1F
100
AcDbEntity
  8
Mechanical3
100
AcDbCircle
 10
10.999998
 20
200.222133
 30
0.0
 40
0.999998
100
AcDbArc
 50
180.0
 51
270.0
  0
ARC
  5
441
330
1F
100
AcDbEntity
  8
Mechanical3
100
AcDbCircle
 10
48.799996
 20
194.222135
 30
0.0
 40
0.999998
100
AcDbArc
 50
0.0
 51
90.0
  0
ARC
  5
442
330
1F
100
AcDbEntity
  8
Mechanical3
100
AcDbCircle
 10
48.799991
 20
194.222135
 30
0.0
 40
0.999998
100
AcDbArc
 50
90.0
 51
180.0
  0
ARC
  5
443
330
1F
100
AcDbEntity
  8
Mechanical3
100
AcDbCircle
 10
64.700005
 20
156.425822
 30
0.0
 40
0.999998
100
AcDbArc
 50
0.0
 51
90.0
  0
ARC
  5
444
330
1F
100
AcDbEntity
  8
Mechanical3
100
AcDbCircle
 10
64.700005
 20
156.425819
 30
0.0
 40
0.999998
100
AcDbArc
 50
270.0
 51
0.0
  0
ARC
  5
445
330
1F
100
AcDbEntity
  8
Mechanical3
100
AcDbCircle
 10
53.699999
 20
161.32582
 30
0.0
 40
3.89999982
100
AcDbArc
 50
180.0
 51
270.0
  0
ARC
  5
446
330
1F
100
AcDbEntity
  8
Mechanical3
100
AcDbCircle
 10
43.899999
 20
161.32582
 30
0.0
 40
3.89999982
100
AcDbArc
 50
270.0
 51
0.0
  0
ARC
  5
447
330
1F
100
AcDbEntity
  8
Mechanical3
100
AcDbCircle
 10
32.899993
 20
156.425819
 30
0.0
 40
0.999998
100
AcDbArc
 50
180.0
 51
270.0
  0
ARC
  5
448
330
1F
100
AcDbEntity
  8
Mechanical3
100
AcDbCircle
 10
32.899993
 20
156.425822
 30
0.0
 40
0.999998
100
AcDbArc
 50
90.0
 51
180.0
  0
ARC
  5
449
330
1F
100
AcDbEntity
  8
Mechanical3
100
AcDbCircle
 10
48.799991
 20
176.429506
 30
0.0
 40
0.999998
100
AcDbArc
 50
180.0
 51
270.0
  0
ARC
  5
44A
330
1F
100
AcDbEntity
  8
Mechanical3
100
AcDbCircle
 10
48.799996
 20
176.429506
 30
0.0
 40
0.999998
100
AcDbArc
 50
270.0
 51
0.0
  0
ARC
  5
44B
330
1F
100
AcDbEntity
  8
Mechanical3
100
AcDbCircle
 10
48.799994
 20
170.429508
 30
0.0
 40
0.999998
100
AcDbArc
 50
90.0
 51
180.0
  0
ARC
  5
44C
330
1F
100
AcDbEntity
  8
Mechanical3
100
AcDbCircle
 10
48.799999
 20
170.429508
 30
0.0
 40
0.999998
100
AcDbArc
 50
0.0
 51
90.0
  0
ARC
  5
44D
330
1F
100
AcDbEntity
  8
Mechanical3
100
AcDbCircle
 10
15.649321
 20
161.075145
 30
0.0
 40
5.64932322
100
AcDbArc
 50
180.0
 51
270.0
  0
ARC
  5
44E
330
1F
100
AcDbEntity
  8
Mechanical3
100
AcDbCircle
 10
10.999998
 20
170.429508
 30
0.0
 40
0.999998
100
AcDbArc
 50
90.0
 51
180.0
  0
ARC
  5
44F
330
1F
100
AcDbEntity
  8
Mechanical3
100
AcDbCircle
 10
11.000003
 20
170.429508
 30
0.0
 40
0.999998
100
AcDbArc
 50
0.0
 51
90.0
  0
ARC
  5
450
330
1F
100
AcDbEntity
  8
Mechanical3
100
AcDbCircle
 10
11.000001
 20
176.429506
 30
0.0
 40
0.999998
100
AcDbArc
 50
180.0
 51
270.0
  0
ARC
  5
451
330
1F
100
AcDbEntity
  8
Mechanical3
100
AcDbCircle
 10
11.000006
 20
176.429506
 30
0.0
 40
0.999998
100
AcDbArc
 50
270.0
 51
0.0
  0
ARC
  5
452
330
1F
100
AcDbEntity
  8
Mechanical3
100
AcDbCircle
 10
26.900005
 20
156.425822
 30
0.0
 40
0.999998
100
AcDbArc
 50
0.0
 51
90.0
  0
ARC
  5
453
330
1F
100
AcDbEntity
  8
Mechanical3
100
AcDbCircle
 10
26.900005
 20
156.425819
 30
0.0
 40
0.999998
100
AcDbArc
 50
270.0
 51
0.0
  0
ARC
  5
454
330
1F
100
AcDbEntity
  8
Mechanical3
100
AcDbCircle
 10
15.899999
 20
161.32582
 30
0.0
 40
3.89999982
100
AcDbArc
 50
180.0
 51
270.0
  0
ENDSEC
  0
SECTION
  2
OBJECTS
  0
DICTIONARY
  5
C
330
0
100
AcDbDictionary
281
     1
  3
ACAD_GROUP
350
D
  3
ACAD_IMAGE_DICT
350
47D
  3
ACAD_LAYOUT
350
1A
  3
ACAD_MATERIAL
350
43
  3
ACAD_MLEADERSTYLE
350
6B
  3
ACAD_MLINESTYLE
350
17
  3
ACAD_PLOTSETTINGS
350
19
  3
ACAD_PLOTSTYLENAME
350
E
  3
ACAD_SCALELIST
350
47
  3
ACAD_TABLESTYLE
350
69
  3
ACAD_VISUALSTYLE
350
2A
  3
AcDbVariableDictionary
350
238
  3
AEC_ISOLATED_OBJECTS
350
47E
  3
DWGPROPS
350
484
  3
MCS_STREAM_DICT
350
282
  0
DICTIONARY
  5
485
330
8
100
AcDbDictionary
280
     1
281
     1
  3
ACAD_XREC_ROUNDTRIP
360
486
  0
DICTIONARY
  5
28B
330
2
100
AcDbDictionary
280
     1
281
     1
  3
ACAD_LAYERSTATES
360
28C
  0
DICTIONARY
  5
D
102
{ACAD_REACTORS
330
C
102
}
330
C
100
AcDbDictionary
281
     1
  0
DICTIONARY
  5
47D
102
{ACAD_REACTORS
330
C
102
}
330
C
100
AcDbDictionary
281
     1
  0
DICTIONARY
  5
1A
102
{ACAD_REACTORS
330
C
102
}
330
C
100
AcDbDictionary
281
     1
  3
Layout1
350
1E
  3
Layout2
350
26
  3
Model
350
22
  0
DICTIONARY
  5
43
102
{ACAD_REACTORS
330
C
102
}
330
C
100
AcDbDictionary
281
     1
  3
ByBlock
350
45
  3
ByLayer
350
44
  3
Global
350
46
  0
DICTIONARY
  5
6B
102
{ACAD_REACTORS
330
C
102
}
330
C
100
AcDbDictionary
281
     1
  3
Standard
350
6C
  0
DICTIONARY
  5
17
102
{ACAD_REACTORS
330
C
102
}
330
C
100
AcDbDictionary
281
     1
  3
Standard
350
18
  0
DICTIONARY
  5
19
102
{ACAD_REACTORS
330
C
102
}
330
C
100
AcDbDictionary
281
     1
  0
ACDBDICTIONARYWDFLT
  5
E
102
{ACAD_REACTORS
330
C
102
}
330
C
100
AcDbDictionary
281
     1
  3
Normal
350
F
100
AcDbDictionaryWithDefault
340
F
  0
DICTIONARY
  5
47
102
{ACAD_REACTORS
330
C
102
}
330
C
100
AcDbDictionary
281
     1
  3
A0
350
48
  3
A1
350
49
  3
A2
350
4A
  3
A3
350
4B
  3
A4
350
4C
  3
A5
350
4D
  3
A6
350
4E
  3
A7
350
4F
  3
A8
350
50
  3
A9
350
51
  3
B0
350
52
  3
B1
350
53
  3
B2
350
54
  3
B3
350
55
  3
B4
350
56
  3
B5
350
57
  3
B6
350
58
  3
B7
350
59
  3
B8
350
5A
  3
B9
350
5B
  3
C0
350
5C
  3
C1
350
5D
  3
C2
350
5E
  3
C3
350
5F
  3
C4
350
60
  3
C5
350
61
  3
C6
350
62
  3
C7
350
63
  3
C8
350
64
  3
C9
350
65
  3
D0
350
66
  3
D1
350
67
  3
D2
350
68
  0
DICTIONARY
  5
69
102
{ACAD_REACTORS
330
C
102
}
330
C
100
AcDbDictionary
281
     1
  3
Standard
350
6A
  0
DICTIONARY
  5
2A
102
{ACAD_REACTORS
330
C
102
}
330
C
100
AcDbDictionary
281
     1
  3
2dWireframe
350
2F
  3
Basic
350
32
  3
Brighten
350
36
  3
ColorChange
350
3A
  3
Conceptual
350
34
  3
Dim
350
35
  3
EdgeColorOff
350
3D
  3
Facepattern
350
39
  3
Flat
350
2B
  3
FlatWithEdges
350
2C
  3
Gouraud
350
2D
  3
GouraudWithEdges
350
2E
  3
Hidden
350
31
  3
JitterOff
350
3B
  3
Linepattern
350
38
  3
OverhangOff
350
3C
  3
Realistic
350
33
  3
Shaded
350
42
  3
Shaded with edges
350
41
  3
Shades of Gray
350
3E
  3
Sketchy
350
3F
  3
Thicken
350
37
  3
Wireframe
350
30
  3
X-Ray
350
40
  0
DICTIONARY
  5
238
102
{ACAD_REACTORS
330
C
102
}
330
C
100
AcDbDictionary
281
     1
  3
CANNOSCALE
350
487
  3
CMLEADERSTYLE
350
23A
  3
CTABLESTYLE
350
239
  3
DIMASSOC
350
23F
  3
HIDETEXT
350
240
  3
MSLTSCALE
350
244
  3
PSOLHEIGHT
350
481
  3
PSOLWIDTH
350
480
  0
DICTIONARY
  5
47E
102
{ACAD_REACTORS
330
C
102
}
330
C
100
AcDbDictionary
281
     1
  3
AEC_ISOLATED_OBJECTS_XRECORD
350
47F
  0
XRECORD
  5
484
102
{ACAD_REACTORS
330
C
102
}
330
C
100
AcDbXrecord
280
     1
  1
DWGPROPS COOKIE
  2

  3

  4

  6

  7

  8
nikishkin_ms
  9

300
=
301
=
302
=
303
=
304
=
305
=
306
=
307
=
308
=
309
=
 40
0.0
 41
2461292.112599
 42
2461292.115227
  1

 90
        0
  0
DICTIONARY
  5
282
102
{ACAD_REACTORS
330
C
102
}
330
C
100
AcDbDictionary
281
     1
  3
MC_VERSION_DATA
350
289
  3
MCS_DOCUMENT_ID
350
283
  3
MCS_PARAMS_DATA
350
287
  0
XRECORD
  5
486
102
{ACAD_REACTORS
330
485
102
}
330
485
100
AcDbXrecord
280
     1
102
VTR_0.000_0.000_1.000_1.000_VISUALSTYLE
340
2F
102
VTR_0.000_0.000_1.000_1.000_GRIDDISPLAY
 70
     3
102
VTR_0.000_0.000_1.000_1.000_GRIDMAJOR
 70
     5
102
VTR_0.000_0.000_1.000_1.000_DEFAULTLIGHTING
280
     1
102
VTR_0.000_0.000_1.000_1.000_DEFAULTLIGHTINGTYPE
 70
     1
102
VTR_0.000_0.000_1.000_1.000_BRIGHTNESS
141
0.0
102
VTR_0.000_0.000_1.000_1.000_CONTRAST
142
0.0
  0
DICTIONARY
  5
28C
102
{ACAD_REACTORS
330
28B
102
}
330
28B
100
AcDbDictionary
281
     1
  0
LAYOUT
  5
1E
102
{ACAD_REACTORS
330
1A
102
}
330
1A
100
AcDbPlotSettings
  1

  2
none_device
  4

  6

 40
0.0
 41
0.0
 42
0.0
 43
0.0
 44
0.0
 45
0.0
 46
0.0
 47
0.0
 48
0.0
 49
0.0
140
0.0
141
0.0
142
1.0
143
1.0
 70
   688
 72
     1
 73
     0
 74
     5
  7

 75
    16
147
1.0
148
0.0
149
0.0
100
AcDbLayout
  1
Layout1
 70
     0
 71
     1
 10
0.0
 20
0.0
 11
420.0
 21
297.0
 12
0.0
 22
0.0
 32
0.0
 14
1.000000E+20
 24
1.000000E+20
 34
1.000000E+20
 15
-1.000000E+20
 25
-1.000000E+20
 35
-1.000000E+20
146
0.0
 13
0.0
 23
0.0
 33
0.0
 16
1.0
 26
0.0
 36
0.0
 17
0.0
 27
1.0
 37
0.0
 76
     0
330
1B
  0
LAYOUT
  5
26
102
{ACAD_REACTORS
330
1A
102
}
330
1A
100
AcDbPlotSettings
  1

  2
none_device
  4

  6

 40
0.0
 41
0.0
 42
0.0
 43
0.0
 44
0.0
 45
0.0
 46
0.0
 47
0.0
 48
0.0
 49
0.0
140
0.0
141
0.0
142
1.0
143
1.0
 70
   688
 72
     1
 73
     0
 74
     5
  7

 75
    16
147
1.0
148
0.0
149
0.0
100
AcDbLayout
  1
Layout2
 70
     1
 71
     2
 10
0.0
 20
0.0
 11
0.0
 21
0.0
 12
0.0
 22
0.0
 32
0.0
 14
0.0
 24
0.0
 34
0.0
 15
0.0
 25
0.0
 35
0.0
146
0.0
 13
0.0
 23
0.0
 33
0.0
 16
1.0
 26
0.0
 36
0.0
 17
0.0
 27
1.0
 37
0.0
 76
     0
330
23
  0
LAYOUT
  5
22
102
{ACAD_REACTORS
330
1A
102
}
330
1A
100
AcDbPlotSettings
  1

  2
none_device
  4
Letter_(8.50_x_11.00_Inches)
  6

 40
6.35
 41
6.35
 42
6.350005
 43
6.350005
 44
215.9
 45
279.4
 46
0.0
 47
0.0
 48
0.0
 49
0.0
140
0.0
141
0.0
142
1.0
143
1.0
 70
  1712
 72
     1
 73
     0
 74
     0
  7

 75
     0
147
1.0
148
0.0
149
0.0
100
AcDbLayout
  1
Model
 70
     1
 71
     0
 10
-0.05
 20
-0.05
 11
211.05
 21
138.050001
 12
0.0
 22
0.0
 32
0.0
 14
1.000000E+20
 24
1.000000E+20
 34
1.000000E+20
 15
-1.000000E+20
 25
-1.000000E+20
 35
-1.000000E+20
146
0.0
 13
0.0
 23
0.0
 33
0.0
 16
1.0
 26
0.0
 36
0.0
 17
0.0
 27
1.0
 37
0.0
 76
     0
330
1F
331
29
  0
MATERIAL
  5
45
102
{ACAD_REACTORS
330
43
102
}
102
{ACAD_XDICTIONARY
360
488
102
}
330
43
100
AcDbMaterial
  1
ByBlock
  0
MATERIAL
  5
44
102
{ACAD_REACTORS
330
43
102
}
102
{ACAD_XDICTIONARY
360
48A
102
}
330
43
100
AcDbMaterial
  1
ByLayer
  0
MATERIAL
  5
46
102
{ACAD_REACTORS
330
43
102
}
102
{ACAD_XDICTIONARY
360
48C
102
}
330
43
100
AcDbMaterial
  1
Global
  0
MLEADERSTYLE
  5
6C
102
{ACAD_REACTORS
330
6B
102
}
102
{ACAD_XDICTIONARY
360
48E
102
}
330
6B
100
AcDbMLeaderStyle
170
     2
171
     1
172
     0
 90
        2
 40
0.0
 41
0.0
173
     1
 91
-1056964608
340
14
 92
       -2
290
     1
 42
2.0
291
     1
 43
8.0
  3
Standard
341
0
 44
4.0
300

342
11
174
     1
178
     6
175
     1
176
     0
 93
-1056964608
 45
4.0
292
     0
297
     0
 46
4.0
343
0
 94
-1056964608
 47
1.0
 49
1.0
140
1.0
293
     1
141
0.0
294
     1
177
     0
142
1.0
295
     0
296
     0
143
3.75
1001
ACAD_MLEADERVER
1070
     2
  0
MLINESTYLE
  5
18
102
{ACAD_REACTORS
330
17
102
}
330
17
100
AcDbMlineStyle
  2
Standard
 70
     0
  3

 62
   256
 51
90.0
 52
90.0
 71
     2
 49
0.5
 62
   256
  6
BYLAYER
 49
-0.5
 62
   256
  6
BYLAYER
  0
ACDBPLACEHOLDER
  5
F
102
{ACAD_REACTORS
330
E
102
}
330
E
  0
SCALE
  5
48
102
{ACAD_REACTORS
330
47
102
}
330
47
100
AcDbScale
 70
     0
300
1:1
140
1.0
141
1.0
290
     1
  0
SCALE
  5
49
102
{ACAD_REACTORS
330
47
102
}
330
47
100
AcDbScale
 70
     0
300
1:2
140
1.0
141
2.0
290
     0
  0
SCALE
  5
4A
102
{ACAD_REACTORS
330
47
102
}
330
47
100
AcDbScale
 70
     0
300
1:4
140
1.0
141
4.0
290
     0
  0
SCALE
  5
4B
102
{ACAD_REACTORS
330
47
102
}
330
47
100
AcDbScale
 70
     0
300
1:5
140
1.0
141
5.0
290
     0
  0
SCALE
  5
4C
102
{ACAD_REACTORS
330
47
102
}
330
47
100
AcDbScale
 70
     0
300
1:8
140
1.0
141
8.0
290
     0
  0
SCALE
  5
4D
102
{ACAD_REACTORS
330
47
102
}
330
47
100
AcDbScale
 70
     0
300
1:10
140
1.0
141
10.0
290
     0
  0
SCALE
  5
4E
102
{ACAD_REACTORS
330
47
102
}
330
47
100
AcDbScale
 70
     0
300
1:16
140
1.0
141
16.0
290
     0
  0
SCALE
  5
4F
102
{ACAD_REACTORS
330
47
102
}
330
47
100
AcDbScale
 70
     0
300
1:20
140
1.0
141
20.0
290
     0
  0
SCALE
  5
50
102
{ACAD_REACTORS
330
47
102
}
330
47
100
AcDbScale
 70
     0
300
1:30
140
1.0
141
30.0
290
     0
  0
SCALE
  5
51
102
{ACAD_REACTORS
330
47
102
}
330
47
100
AcDbScale
 70
     0
300
1:40
140
1.0
141
40.0
290
     0
  0
SCALE
  5
52
102
{ACAD_REACTORS
330
47
102
}
330
47
100
AcDbScale
 70
     0
300
1:50
140
1.0
141
50.0
290
     0
  0
SCALE
  5
53
102
{ACAD_REACTORS
330
47
102
}
330
47
100
AcDbScale
 70
     0
300
1:100
140
1.0
141
100.0
290
     0
  0
SCALE
  5
54
102
{ACAD_REACTORS
330
47
102
}
330
47
100
AcDbScale
 70
     0
300
2:1
140
2.0
141
1.0
290
     0
  0
SCALE
  5
55
102
{ACAD_REACTORS
330
47
102
}
330
47
100
AcDbScale
 70
     0
300
4:1
140
4.0
141
1.0
290
     0
  0
SCALE
  5
56
102
{ACAD_REACTORS
330
47
102
}
330
47
100
AcDbScale
 70
     0
300
8:1
140
8.0
141
1.0
290
     0
  0
SCALE
  5
57
102
{ACAD_REACTORS
330
47
102
}
330
47
100
AcDbScale
 70
     0
300
10:1
140
10.0
141
1.0
290
     0
  0
SCALE
  5
58
102
{ACAD_REACTORS
330
47
102
}
330
47
100
AcDbScale
 70
     0
300
100:1
140
100.0
141
1.0
290
     0
  0
SCALE
  5
59
102
{ACAD_REACTORS
330
47
102
}
330
47
100
AcDbScale
 70
     0
300
1/128" = 1'-0"
140
0.007812
141
12.0
290
     0
  0
SCALE
  5
5A
102
{ACAD_REACTORS
330
47
102
}
330
47
100
AcDbScale
 70
     0
300
1/64" = 1'-0"
140
0.015625
141
12.0
290
     0
  0
SCALE
  5
5B
102
{ACAD_REACTORS
330
47
102
}
330
47
100
AcDbScale
 70
     0
300
1/32" = 1'-0"
140
0.03125
141
12.0
290
     0
  0
SCALE
  5
5C
102
{ACAD_REACTORS
330
47
102
}
330
47
100
AcDbScale
 70
     0
300
1/16" = 1'-0"
140
0.0625
141
12.0
290
     0
  0
SCALE
  5
5D
102
{ACAD_REACTORS
330
47
102
}
330
47
100
AcDbScale
 70
     0
300
3/32" = 1'-0"
140
0.09375
141
12.0
290
     0
  0
SCALE
  5
5E
102
{ACAD_REACTORS
330
47
102
}
330
47
100
AcDbScale
 70
     0
300
1/8" = 1'-0"
140
0.125
141
12.0
290
     0
  0
SCALE
  5
5F
102
{ACAD_REACTORS
330
47
102
}
330
47
100
AcDbScale
 70
     0
300
3/16" = 1'-0"
140
0.1875
141
12.0
290
     0
  0
SCALE
  5
60
102
{ACAD_REACTORS
330
47
102
}
330
47
100
AcDbScale
 70
     0
300
1/4" = 1'-0"
140
0.25
141
12.0
290
     0
  0
SCALE
  5
61
102
{ACAD_REACTORS
330
47
102
}
330
47
100
AcDbScale
 70
     0
300
3/8" = 1'-0"
140
0.375
141
12.0
290
     0
  0
SCALE
  5
62
102
{ACAD_REACTORS
330
47
102
}
330
47
100
AcDbScale
 70
     0
300
1/2" = 1'-0"
140
0.5
141
12.0
290
     0
  0
SCALE
  5
63
102
{ACAD_REACTORS
330
47
102
}
330
47
100
AcDbScale
 70
     0
300
3/4" = 1'-0"
140
0.75
141
12.0
290
     0
  0
SCALE
  5
64
102
{ACAD_REACTORS
330
47
102
}
330
47
100
AcDbScale
 70
     0
300
1" = 1'-0"
140
1.0
141
12.0
290
     0
  0
SCALE
  5
65
102
{ACAD_REACTORS
330
47
102
}
330
47
100
AcDbScale
 70
     0
300
1-1/2" = 1'-0"
140
1.5
141
12.0
290
     0
  0
SCALE
  5
66
102
{ACAD_REACTORS
330
47
102
}
330
47
100
AcDbScale
 70
     0
300
3" = 1'-0"
140
3.0
141
12.0
290
     0
  0
SCALE
  5
67
102
{ACAD_REACTORS
330
47
102
}
330
47
100
AcDbScale
 70
     0
300
6" = 1'-0"
140
6.0
141
12.0
290
     0
  0
SCALE
  5
68
102
{ACAD_REACTORS
330
47
102
}
330
47
100
AcDbScale
 70
     0
300
1'-0" = 1'-0"
140
12.0
141
12.0
290
     0
  0
TABLESTYLE
  5
6A
102
{ACAD_REACTORS
330
69
102
}
330
69
100
AcDbTableStyle
  3
Standard
 70
     0
 71
     0
 40
1.5
 41
1.5
280
     0
281
     0
  7
Standard
140
4.5
170
     2
 62
     0
 63
   257
283
     0
274
    -2
284
     1
 64
     0
275
    -2
285
     1
 65
     0
276
    -2
286
     1
 66
     0
277
    -2
287
     1
 67
     0
278
    -2
288
     1
 68
     0
279
    -2
289
     1
 69
     0
  7
Standard
140
6.0
170
     5
 62
     0
 63
   257
283
     0
274
    -2
284
     1
 64
     0
275
    -2
285
     1
 65
     0
276
    -2
286
     1
 66
     0
277
    -2
287
     1
 67
     0
278
    -2
288
     1
 68
     0
279
    -2
289
     1
 69
     0
  7
Standard
140
4.5
170
     5
 62
     0
 63
   257
283
     0
274
    -2
284
     1
 64
     0
275
    -2
285
     1
 65
     0
276
    -2
286
     1
 66
     0
277
    -2
287
     1
 67
     0
278
    -2
288
     1
 68
     0
279
    -2
289
     1
 69
     0
  0
VISUALSTYLE
  5
2F
102
{ACAD_REACTORS
330
2A
102
}
102
{ACAD_XDICTIONARY
360
490
102
}
330
2A
100
AcDbVisualStyle
  2
2dWireframe
 70
     4
 71
     0
 72
     2
 73
     0
 90
        0
 40
0.6
 41
30.0
 62
     5
 63
     7
 74
     1
 91
        4
 64
     7
 65
   257
 75
     1
175
     1
 42
1.0
 92
        0
 66
   257
 43
1.0
 76
     1
 77
     6
 78
     2
 67
     7
 79
     5
170
     0
171
     0
290
     0
174
     0
 93
        1
 44
0.0
173
     0
291
     0
 45
0.0
1001
ACAD
1000
AcDbSavedByObjectVersion
1070
     0
  0
VISUALSTYLE
  5
32
102
{ACAD_REACTORS
330
2A
102
}
102
{ACAD_XDICTIONARY
360
492
102
}
330
2A
100
AcDbVisualStyle
  2
Basic
 70
     7
 71
     1
 72
     0
 73
     1
 90
        0
 40
0.6
 41
30.0
 62
     5
 63
     7
 74
     0
 91
        4
 64
     7
 65
   257
 75
     1
175
     1
 42
1.0
 92
        8
 66
     7
 43
1.0
 76
     1
 77
     6
 78
     2
 67
     7
 79
     5
170
     0
171
     0
290
     0
174
     0
 93
        1
 44
0.0
173
     0
291
     1
 45
0.0
1001
ACAD
1000
AcDbSavedByObjectVersion
1070
     0
  0
VISUALSTYLE
  5
36
102
{ACAD_REACTORS
330
2A
102
}
102
{ACAD_XDICTIONARY
360
494
102
}
330
2A
100
AcDbVisualStyle
  2
Brighten
 70
    12
 71
     2
 72
     2
 73
     0
 90
        0
 40
0.6
 41
30.0
 62
     5
 63
     7
 74
     1
 91
        4
 64
     7
 65
   257
 75
     1
175
     1
 42
1.0
 92
        8
 66
     7
 43
1.0
 76
     1
 77
     6
 78
     2
 67
     7
 79
     5
170
     0
171
     0
290
     0
174
     0
 93
        1
 44
50.0
173
     0
291
     1
 45
0.0
1001
ACAD
1000
AcDbSavedByObjectVersion
1070
     0
  0
VISUALSTYLE
  5
3A
102
{ACAD_REACTORS
330
2A
102
}
102
{ACAD_XDICTIONARY
360
496
102
}
330
2A
100
AcDbVisualStyle
  2
ColorChange
 70
    16
 71
     2
 72
     2
 73
     3
 90
        0
 40
0.6
 41
30.0
 62
     5
 63
     8
 74
     1
 91
        4
 64
     7
 65
   257
 75
     1
175
     1
 42
1.0
 92
        8
 66
     8
 43
1.0
 76
     1
 77
     6
 78
     2
 67
     7
 79
     5
170
     0
171
     0
290
     0
174
     0
 93
        1
 44
0.0
173
     0
291
     1
 45
0.0
1001
ACAD
1000
AcDbSavedByObjectVersion
1070
     0
  0
VISUALSTYLE
  5
34
102
{ACAD_REACTORS
330
2A
102
}
102
{ACAD_XDICTIONARY
360
498
102
}
330
2A
100
AcDbVisualStyle
  2
Conceptual
 70
     9
 71
     3
 72
     2
 73
     0
 90
        0
 40
0.6
 41
30.0
 62
     5
 63
     7
 74
     2
 91
        2
 64
     7
 65
   257
 75
     1
175
     1
 42
179.0
 92
        8
 66
     7
 43
1.0
 76
     1
 77
     6
 78
     2
 67
     7
 79
     3
170
     0
171
     0
290
     0
174
     0
 93
        1
 44
0.0
173
     0
291
     0
 45
0.0
1001
ACAD
1000
AcDbSavedByObjectVersion
1070
     0
  0
VISUALSTYLE
  5
35
102
{ACAD_REACTORS
330
2A
102
}
102
{ACAD_XDICTIONARY
360
49A
102
}
330
2A
100
AcDbVisualStyle
  2
Dim
 70
    11
 71
     2
 72
     2
 73
     0
 90
        0
 40
0.6
 41
30.0
 62
     5
 63
     7
 74
     1
 91
        4
 64
     7
 65
   257
 75
     1
175
     1
 42
1.0
 92
        8
 66
     7
 43
1.0
 76
     1
 77
     6
 78
     2
 67
     7
 79
     5
170
     0
171
     0
290
     0
174
     0
 93
        1
 44
-50.0
173
     0
291
     1
 45
0.0
1001
ACAD
1000
AcDbSavedByObjectVersion
1070
     0
  0
VISUALSTYLE
  5
3D
102
{ACAD_REACTORS
330
2A
102
}
102
{ACAD_XDICTIONARY
360
49C
102
}
330
2A
100
AcDbVisualStyle
  2
EdgeColorOff
 70
    22
 71
     2
 72
     2
 73
     0
 90
        0
 40
0.6
 41
30.0
 62
     5
 63
     7
 74
     1
 91
        4
 64
     7
 65
   257
 75
     1
175
     1
 42
1.0
 92
        8
 66
     7
 43
1.0
 76
     1
 77
     6
 78
     2
 67
     7
 79
     5
170
     0
171
     0
290
     0
174
     0
 93
        1
 44
0.0
173
     0
291
     1
 45
0.0
1001
ACAD
1000
AcDbSavedByObjectVersion
1070
     0
  0
VISUALSTYLE
  5
39
102
{ACAD_REACTORS
330
2A
102
}
102
{ACAD_XDICTIONARY
360
49E
102
}
330
2A
100
AcDbVisualStyle
  2
Facepattern
 70
    15
 71
     2
 72
     2
 73
     0
 90
        0
 40
0.6
 41
30.0
 62
     5
 63
     7
 74
     1
 91
        4
 64
     7
 65
   257
 75
     1
175
     1
 42
1.0
 92
        8
 66
     7
 43
1.0
 76
     1
 77
     6
 78
     2
 67
     7
 79
     5
170
     0
171
     0
290
     0
174
     0
 93
        1
 44
0.0
173
     0
291
     1
 45
0.0
1001
ACAD
1000
AcDbSavedByObjectVersion
1070
     0
  0
VISUALSTYLE
  5
2B
102
{ACAD_REACTORS
330
2A
102
}
102
{ACAD_XDICTIONARY
360
4A0
102
}
330
2A
100
AcDbVisualStyle
  2
Flat
 70
     0
 71
     2
 72
     1
 73
     1
 90
        2
 40
0.6
 41
30.0
 62
     5
 63
     7
 74
     0
 91
        0
 64
     7
 65
   257
 75
     1
175
     1
 42
1.0
 92
        8
 66
     7
 43
1.0
 76
     1
 77
     6
 78
     2
 67
     7
 79
     5
170
     0
171
     0
290
     0
174
     0
 93
       13
 44
0.0
173
     0
291
     1
 45
0.0
1001
ACAD
1000
AcDbSavedByObjectVersion
1070
     0
  0
VISUALSTYLE
  5
2C
102
{ACAD_REACTORS
330
2A
102
}
102
{ACAD_XDICTIONARY
360
4A2
102
}
330
2A
100
AcDbVisualStyle
  2
FlatWithEdges
 70
     1
 71
     2
 72
     1
 73
     1
 90
        2
 40
0.6
 41
30.0
 62
     5
 63
     7
 74
     1
 91
        0
 64
     7
 65
   257
 75
     1
175
     1
 42
1.0
 92
        0
 66
   257
 43
1.0
 76
     1
 77
     6
 78
     2
 67
     7
 79
     5
170
     0
171
     0
290
     0
174
     0
 93
       13
 44
0.0
173
     0
291
     1
 45
0.0
1001
ACAD
1000
AcDbSavedByObjectVersion
1070
     0
  0
VISUALSTYLE
  5
2D
102
{ACAD_REACTORS
330
2A
102
}
102
{ACAD_XDICTIONARY
360
4A4
102
}
330
2A
100
AcDbVisualStyle
  2
Gouraud
 70
     2
 71
     2
 72
     2
 73
     1
 90
        2
 40
0.6
 41
30.0
 62
     5
 63
     7
 74
     0
 91
        0
 64
     7
 65
   257
 75
     1
175
     1
 42
1.0
 92
        0
 66
     7
 43
1.0
 76
     1
 77
     6
 78
     2
 67
     7
 79
     5
170
     0
171
     0
290
     0
174
     0
 93
       13
 44
0.0
173
     0
291
     1
 45
0.0
1001
ACAD
1000
AcDbSavedByObjectVersion
1070
     0
  0
VISUALSTYLE
  5
2E
102
{ACAD_REACTORS
330
2A
102
}
102
{ACAD_XDICTIONARY
360
4A6
102
}
330
2A
100
AcDbVisualStyle
  2
GouraudWithEdges
 70
     3
 71
     2
 72
     2
 73
     1
 90
        2
 40
0.6
 41
30.0
 62
     5
 63
     7
 74
     1
 91
        0
 64
     7
 65
   257
 75
     1
175
     1
 42
1.0
 92
        0
 66
   257
 43
1.0
 76
     1
 77
     6
 78
     2
 67
     7
 79
     5
170
     0
171
     0
290
     0
174
     0
 93
       13
 44
0.0
173
     0
291
     1
 45
0.0
1001
ACAD
1000
AcDbSavedByObjectVersion
1070
     0
  0
VISUALSTYLE
  5
31
102
{ACAD_REACTORS
330
2A
102
}
102
{ACAD_XDICTIONARY
360
4A8
102
}
330
2A
100
AcDbVisualStyle
  2
Hidden
 70
     6
 71
     1
 72
     2
 73
     2
 90
        0
 40
0.6
 41
30.0
 62
     5
 63
     7
 74
     2
 91
        2
 64
     7
 65
   257
 75
     2
175
     1
 42
40.0
 92
        0
 66
   257
 43
1.0
 76
     1
 77
     6
 78
     2
 67
     7
 79
     3
170
     0
171
     0
290
     0
174
     0
 93
        1
 44
0.0
173
     0
291
     0
 45
0.0
1001
ACAD
1000
AcDbSavedByObjectVersion
1070
     0
  0
VISUALSTYLE
  5
3B
102
{ACAD_REACTORS
330
2A
102
}
102
{ACAD_XDICTIONARY
360
4AA
102
}
330
2A
100
AcDbVisualStyle
  2
JitterOff
 70
    20
 71
     2
 72
     2
 73
     0
 90
        0
 40
0.6
 41
30.0
 62
     5
 63
     7
 74
     1
 91
        4
 64
     7
 65
   257
 75
     1
175
     1
 42
1.0
 92
       10
 66
     7
 43
1.0
 76
     1
 77
     6
 78
     2
 67
     7
 79
     5
170
     0
171
     0
290
     0
174
     0
 93
        1
 44
0.0
173
     0
291
     1
 45
0.0
1001
ACAD
1000
AcDbSavedByObjectVersion
1070
     0
  0
VISUALSTYLE
  5
38
102
{ACAD_REACTORS
330
2A
102
}
102
{ACAD_XDICTIONARY
360
4AC
102
}
330
2A
100
AcDbVisualStyle
  2
Linepattern
 70
    14
 71
     2
 72
     2
 73
     0
 90
        0
 40
0.6
 41
30.0
 62
     5
 63
     7
 74
     1
 91
        4
 64
     7
 65
   257
 75
     7
175
     7
 42
1.0
 92
        8
 66
     7
 43
1.0
 76
     1
 77
     6
 78
     2
 67
     7
 79
     5
170
     0
171
     0
290
     0
174
     0
 93
        1
 44
0.0
173
     0
291
     1
 45
0.0
1001
ACAD
1000
AcDbSavedByObjectVersion
1070
     0
  0
VISUALSTYLE
  5
3C
102
{ACAD_REACTORS
330
2A
102
}
102
{ACAD_XDICTIONARY
360
4AE
102
}
330
2A
100
AcDbVisualStyle
  2
OverhangOff
 70
    21
 71
     2
 72
     2
 73
     0
 90
        0
 40
0.6
 41
30.0
 62
     5
 63
     7
 74
     1
 91
        4
 64
     7
 65
   257
 75
     1
175
     1
 42
1.0
 92
        9
 66
     7
 43
1.0
 76
     1
 77
     6
 78
     2
 67
     7
 79
     5
170
     0
171
     0
290
     0
174
     0
 93
        1
 44
0.0
173
     0
291
     1
 45
0.0
1001
ACAD
1000
AcDbSavedByObjectVersion
1070
     0
  0
VISUALSTYLE
  5
33
102
{ACAD_REACTORS
330
2A
102
}
102
{ACAD_XDICTIONARY
360
4B0
102
}
330
2A
100
AcDbVisualStyle
  2
Realistic
 70
     8
 71
     2
 72
     3
 73
     0
 90
        2
 40
0.6
 41
30.0
 62
     5
 63
     7
 74
     0
 91
        0
 64
     7
 65
   257
 75
     1
175
     1
 42
1.0
 92
        8
 66
   257
 43
1.0
 76
     1
 77
     6
 78
     2
 67
     7
 79
     3
170
     0
171
     0
290
     0
174
     0
 93
       13
 44
0.0
173
     0
291
     0
 45
0.0
1001
ACAD
1000
AcDbSavedByObjectVersion
1070
     0
  0
VISUALSTYLE
  5
42
102
{ACAD_REACTORS
330
2A
102
}
102
{ACAD_XDICTIONARY
360
4B2
102
}
330
2A
100
AcDbVisualStyle
  2
Shaded
 70
    27
 71
     2
 72
     2
 73
     1
 90
        2
 40
0.6
 41
30.0
 62
     5
 63
     7
 74
     0
 91
        4
 64
     7
 65
   257
 75
     1
175
     1
 42
1.0
 92
        8
 66
   257
 43
1.0
 76
     1
 77
     6
 78
     2
 67
     8
 79
     3
170
     0
171
     0
290
     0
174
     0
 93
        5
 44
0.0
173
     0
291
     0
 45
0.0
1001
ACAD
1000
AcDbSavedByObjectVersion
1070
     0
  0
VISUALSTYLE
  5
41
102
{ACAD_REACTORS
330
2A
102
}
102
{ACAD_XDICTIONARY
360
4B4
102
}
330
2A
100
AcDbVisualStyle
  2
Shaded with edges
 70
    26
 71
     2
 72
     2
 73
     1
 90
        2
 40
0.6
 41
30.0
 62
     5
 63
     7
 74
     1
 91
       10
 64
     7
 65
   257
 75
     2
175
     1
 42
1.0
 92
        8
 66
   257
 43
1.0
 76
     1
 77
     6
 78
     2
 67
     7
 79
     3
170
     0
171
     0
290
     0
174
     0
 93
        5
 44
0.0
173
     0
291
     0
 45
0.0
1001
ACAD
1000
AcDbSavedByObjectVersion
1070
     0
  0
VISUALSTYLE
  5
3E
102
{ACAD_REACTORS
330
2A
102
}
102
{ACAD_XDICTIONARY
360
4B6
102
}
330
2A
100
AcDbVisualStyle
  2
Shades of Gray
 70
    23
 71
     2
 72
     2
 73
     3
 90
        0
 40
0.6
 41
30.0
 62
     5
 63
     7
 74
     2
 91
        2
 64
     7
 65
     7
 75
     1
175
     1
 42
40.0
 92
        8
 66
     7
 43
1.0
 76
     1
 77
     6
 78
     2
 67
     7
 79
     3
170
     0
171
     0
290
     0
174
     0
 93
        1
 44
0.0
173
     0
291
     0
 45
0.0
1001
ACAD
1000
AcDbSavedByObjectVersion
1070
     0
  0
VISUALSTYLE
  5
3F
102
{ACAD_REACTORS
330
2A
102
}
102
{ACAD_XDICTIONARY
360
4B8
102
}
330
2A
100
AcDbVisualStyle
  2
Sketchy
 70
    24
 71
     1
 72
     2
 73
     2
 90
        0
 40
0.6
 41
30.0
 62
     5
 63
     7
 74
     2
 91
        2
 64
     7
 65
     7
 75
     1
175
     1
 42
40.0
 92
       11
 66
     7
 43
1.0
 76
     1
 77
     6
 78
     2
 67
     7
 79
     6
170
     0
171
     0
290
     0
174
     0
 93
        1
 44
0.0
173
     0
291
     0
 45
0.0
1001
ACAD
1000
AcDbSavedByObjectVersion
1070
     0
  0
VISUALSTYLE
  5
37
102
{ACAD_REACTORS
330
2A
102
}
102
{ACAD_XDICTIONARY
360
4BA
102
}
330
2A
100
AcDbVisualStyle
  2
Thicken
 70
    13
 71
     2
 72
     2
 73
     0
 90
        0
 40
0.6
 41
30.0
 62
     5
 63
     7
 74
     1
 91
        4
 64
     7
 65
   257
 75
     1
175
     1
 42
1.0
 92
       12
 66
     7
 43
1.0
 76
     1
 77
     6
 78
     2
 67
     7
 79
     5
170
     0
171
     0
290
     0
174
     0
 93
        1
 44
0.0
173
     0
291
     1
 45
0.0
1001
ACAD
1000
AcDbSavedByObjectVersion
1070
     0
  0
VISUALSTYLE
  5
30
102
{ACAD_REACTORS
330
2A
102
}
102
{ACAD_XDICTIONARY
360
4BC
102
}
330
2A
100
AcDbVisualStyle
  2
Wireframe
 70
     5
 71
     0
 72
     2
 73
     0
 90
        0
 40
0.6
 41
30.0
 62
     5
 63
     7
 74
     1
 91
        4
 64
     7
 65
   257
 75
     1
175
     1
 42
1.0
 92
        0
 66
   257
 43
1.0
 76
     1
 77
     6
 78
     2
 67
     7
 79
     3
170
     0
171
     0
290
     0
174
     0
 93
        1
 44
0.0
173
     0
291
     0
 45
0.0
1001
ACAD
1000
AcDbSavedByObjectVersion
1070
     0
  0
VISUALSTYLE
  5
40
102
{ACAD_REACTORS
330
2A
102
}
102
{ACAD_XDICTIONARY
360
4BE
102
}
330
2A
100
AcDbVisualStyle
  2
X-Ray
 70
    25
 71
     2
 72
     2
 73
     1
 90
        1
 40
0.5
 41
30.0
 62
     5
 63
     7
 74
     1
 91
        0
 64
     7
 65
   257
 75
     1
175
     1
 42
1.0
 92
        8
 66
     7
 43
1.0
 76
     1
 77
     6
 78
     2
 67
     7
 79
     3
170
     0
171
     0
290
     0
174
     0
 93
       13
 44
0.0
173
     0
291
     0
 45
0.0
1001
ACAD
1000
AcDbSavedByObjectVersion
1070
     0
  0
DICTIONARYVAR
  5
487
102
{ACAD_REACTORS
330
238
102
}
330
238
100
DictionaryVariables
280
     0
  1
1:1
  0
DICTIONARYVAR
  5
23A
102
{ACAD_REACTORS
330
238
102
}
330
238
100
DictionaryVariables
280
     0
  1
Standard
  0
DICTIONARYVAR
  5
239
102
{ACAD_REACTORS
330
238
102
}
330
238
100
DictionaryVariables
280
     0
  1
Standard
  0
DICTIONARYVAR
  5
23F
102
{ACAD_REACTORS
330
238
102
}
330
238
100
DictionaryVariables
280
     0
  1
2
  0
DICTIONARYVAR
  5
240
102
{ACAD_REACTORS
330
238
102
}
330
238
100
DictionaryVariables
280
     0
  1
1
  0
DICTIONARYVAR
  5
244
102
{ACAD_REACTORS
330
238
102
}
330
238
100
DictionaryVariables
280
     0
  1
1
  0
DICTIONARYVAR
  5
481
102
{ACAD_REACTORS
330
238
102
}
330
238
100
DictionaryVariables
280
     0
  1
80.000000
  0
DICTIONARYVAR
  5
480
102
{ACAD_REACTORS
330
238
102
}
330
238
100
DictionaryVariables
280
     0
  1
5.000000
  0
XRECORD
  5
47F
102
{ACAD_REACTORS
330
47E
102
}
330
47E
100
AcDbXrecord
280
     1
  0
XRECORD
  5
289
102
{ACAD_REACTORS
330
282
102
}
330
282
100
AcDbXrecord
280
     1
300
MC_VERSION_DATA
 90
       98
310
0600000002000000730000001C000000E304000000000000000000007801936764E538A834538881811BCE606662626666706066656060E5E164127BC7249C979897EFECE8A2506166A2105094AFE0995702570E6710A74F0A008D6E160B73000000
  0
XRECORD
  5
283
102
{ACAD_REACTORS
330
282
102
}
330
282
100
AcDbXrecord
280
     1
300
MCS_DOCUMENT_ID
 90
       60
310
0600000002000000150000001C000000E304000000000000000000007801E3CD98F0CDAEC78ACB6D71D0FC55859E1B9CFE03010065E10B3615000000
  0
XRECORD
  5
287
102
{ACAD_REACTORS
330
282
102
}
330
282
100
AcDbXrecord
280
     1
300
MCS_PARAMS_DATA
 90
     6829
310
0600000002000000746D01001C000000E304000000000000000000007801ED5DF9975DC5719EB97D9F669E2483160406E258C146800562B4819CD8C79A0D3462661ECC8C2C8B9C4447010C0A48236088ACAC931FB2AFBFDA599C633B8B9DF54FE09CACCEE6C4243876088E43F6E5254EBC608C35A9EAFBEE7BDDAFABBAEA6A
310
1E91C26D9D13A3A8BF5BB7EED75F5757D55DDECEAD4D93E5C65C3F6CCCC1FC36935D67F2B5AB73938D9A6C786B369A0DC37F4D9699C6D0D0D09A69ACC1FF6ECDF6E3BF8D6CCC7667A699ED6867DB2697CF9C3BB572FADB4E3F717AE5C2CE33CB0F3FD2CC36B43373E291A79B59A39D65F3CB6064C0F6F2C1DA33AB43033638
310
34E02B3643039E123334680E874607CCE15D28CA314F9457A1FA9A85C05AEF7DAF2FCD5B3AD27C334A132508886636D2CEF2BD77EE1DEBFEED8095E3802C018983B1642538205328BE419902D90DCAD4E0B842A90DC8AB2F181059C313D926D4D1B0D5D6455F611BECC84D56400A145CB08CB213AF80E1A46A6030611A98CE
310
37245A61ED8B2189CD8244B336C4532862C0490963E91341489E0C02EA6490C627A44DB4F4A5441A2614E59A322AD25E4EA45527EDCB89B4EAA47D2591569DB4ED98B2F9BBA91407B13610319AA08B39BC64C85C891BC15793D2AA2BED95445A75D25E45D23678C96E59E6BF834FD324082C4E01E2D5D7CC99ECD294ECB855
310
306B47E10FE61AD2B9BEC69375BD4C1607719C63201E591C06E35879012CC66919B018853F2E599C9D8B892CA8196F32368B15270677497A19DE2A2B8B833833C9403C65711857592CC651168B51F8E32A8BB3B39694A557D630AF2C66E5BAAD590EE2CC2403F194C5615C65B11847592C46E18FAB2CCECE353C590FCBCB90
310
8338CE31108F2C0EE392C5621CB2588CC21F972CCE8EE1C962F8ADB1B2B244963E665D8B64E55E523A82CDC3D12CD23A141020FA38C2AE4101824B5082C00A9420B22FB8FE042B1B91A49D1E49B67136B29B8F547100B815055886E208244840003F0242F403D989DBD886E48C78E45C830A821B459BDB59F3D8FCFDB3ADA5
310
A5E9299EAA2A7070B802DCD258058FA456C203C595F015FD47FAABD8FFD408B79C8B5B2ADD3BC9764E2165C67DA2A37E0E012EC711EE72668CD8FA52B082E5A504917D719633E7CB9B9A40D28D9E626DD16076816EBDFBED2E4B12045C1320962709D34D3D786F7AB7A36318853FC895E4CFE751517B1359BDDA3242FAA791
310
ACCC23CBDE29351B3EF07EFCF3F177F1FAD20161565540AB351D1215A744C20A5522D57EA2067536DF8CCBD62757106F3709E6A72C532C93EEF329BC995EFF2C8601FA048F7B0F86C4EC2896EDDDB82BFBCF1495C1CC8B70B7E2560D4F14EDC4C7361AF681A1E2F18DC967569AD9C6763672FCF4B947969F59B13BC57A4D00
310
D9EB346175BD5E1BDDD40936C04B64C3C6E075FB31003E70FDACD78FCF8461ABD4E9469FA0F24CEECAE220CECA6220DE86C861DC0D91C5382B8BC528FC713744CECE8DA96202C9751235A648CC7FA01556055B3A55C1683B6B1C1F9F9D5DE4A5A585C2942AA1566A5A2C4A4E8D05E9A9B115FC45292AEDE6DF60D9F6EFFC6E
310
44B6874DFEE28B2FF23CCB20F05804596E6514B2AA40019F0A94CA2FE450B495FF60D26AEF09E332C0DB4444A93F9B1A2BB1F94D49ABEE13DD3DBE555AFD2142ABD775E2EAD5ED6C33C6D593AD89A3D3934B91F05AF108586BD58EB001A1E221181DAA1E02A1A2EA21D5AF058348B5B3E46F491A5F87C67F98D0B81B5DA65A
310
AD8588B8B5505082121AE40E110F6C21A8B58B1D2F35B682BFFDB943C4DFFCAD11ADAEAD1E9673071E041E97BB2F0BF272071EE5E60E1194933B44502ABFDCDC81B595FF08A1D56D9D786C8BE799F9A9D6F1885AF560F05A0DB6ACEAD1C86E0534B05C015DC96F645D6D3BBF39A6DD35E8755351084BD7AE2C5990AB110EE4
310
6B974579DAE551AE767994CA2F4FBB9CADFC4705ED4EB6668FCDCD2BB51B07F769200A0EB41B47F76B5740F769574057F2BB5FBB51DBF9AE98765799BADAD32E0B7235C2817CEDB2284FBB3CCAD52E8F52F9E56997B395FF18A15D77275D9C1D9F8828570B058F9550CBA7168BACAAB1C0AD1A5BC15FE4596937BF25A2D54F
310
AEAECA719607399A60419E567994ABD508CAD16A04A5F2CBD52A6B2BBF9560AF7C54FED9C8421731E0A384B1D48920644E0601713248E313D22659CA6F23582BB7EDC3871579290F72E69605799AE351AEE6222847731194CA2F5773ACADFC6D047B25E5E9A54066D1E5BB09D64ACDD9B7F0A57C92073973CB823CCDF12857
310
731194A3B9084AE597AB39D6567E7B628FD287ED8E8A2ACAEF48ECAD83BD1FB7ECF94FA16DEDD4E1CD76B66171697C26D634526361BD68B17639ABC1B8AAF56058DC7A70159F71A96B2DE77B229A5D5D53E4853CC8894B2CC88B973CCA8D971194132F2328955F6EBC646DE53F9134CB2D497BF7492B431B60B5E0FCCEA459
310
31CEF29AFDC9A4D9CBA0D9B1A4D97568F6A792662F8366F726CDAE43B3FB22EC0D69EECAF120278361415E66C5A3DCCC2A827232AB084AE5979B59B1B6F2FD11F6D8BDCDEDADF320C74B16E4B1C7A35CF6222887BD084AE597CB1E6B2BFF69225EBA9DE285566B4ED95B8F41C163A555CBA7168BACAAB1C0AD1A5BC15FE459
310
69373F10D1EA90A6B7CE831C4DB0204FAB3CCAD56A04E568358252F9E56A95B5951F8CB0B7F35945979807395EB2208F3D1EE5B2174139EC45502ABF5CF6585BF95D047BA94B8C6D23F82A2BD726CFEF26582BFB7B6BCFDE20DF0DE341CEDCB2204F733CCAD55C04E5682E8252F9E56A8EB5951F8AB037B4AA78668307395E
310
B2208F3D1EE5B2174139EC45502ABF5CF6585BF9DB23ECADE153BC54CEE966363CC8F1920579ECF12897BD08CA612F8252F9E5B2C7DACABF31C2DEAA66AFE5418E972CC8638F47B9EC45500E7B1194CA2F973DD656FE41CB9EDF6377B39CD6D291E9055E815A2878AC845A3EB55864558D056ED5D80AFE22CF5ABB2F6E8217
310
F87CB2EDB3E2F01224BBC8E30070340AB074C61148A28000EA0484E807D214B7F1592487FC6A45E405EEF8BBE5F822681C61F9112048900401862488EC0B722458F95C224926E90524C97F4FD6BEFA083960DFB7F70F605E086FCADE8E6FCA6E6D67574D2DEF3CBBBCB2F3A947CE3D71EA21F8EE3EBED776FFF2E9B3F0DE2C
310
FE757E79E5A1C7EC5BB3833508DA18A8412BEBC15AC45530608BB068066C71E03CE2921CAC8F2FA138F77B9F1338D451E118AA707B3BDB72E0EEBBF7EDBFFBE08183FBA70EEC9B7CFBDEE2EDEDBBC6E02FF8F9957B4EAF3CBDF389D34FAFF0BBC6A04D02B1033669253A689B28D281DB04990EDCE66BC0274A75D07E3EFC46
310
6E4F661EB7C2B2A4B3857108B8F438C2DD931923EEA76758486F4F6621B22FCE9ECC59B91D494A591D99C19A3B901CFA031FC6FE58CE1A7C64DA26869D0F17D9686B7665C428CC163FDADBF2C883BD8F7984B6BDCFEF50C3F17377B709FADC6321099DCFA340690F7F5E7E1749858801A7248CA5450461DC9441B0A06490C6
310
27A44BB4F41D2169FCEC63DC898CC667CFFD160C35F751DBAFAD72CE8724D8C5626E2615C38E0101DC9855083B88CAE0074111FC60EC9CA800F6C8BDE14547E6363A3BEEA78088A9BD8267FECE4482317B1209C6BC2F9160CC8590042E7EE05EC08EC582124603EE409B3FF083AF4D20FCCEF0A2EB1708BF2B9160CC772712
310
8CF99E448231DF1B92D049A5F7DB3FCF456B091E038151B2E3D612AC211B28454BF8950C19A4F1C9A925789F3E745D2AD1B99B4CE6695494FFA131F9170A719355A060066594D5950286B5880606DAD2C074BEA1BE14D6569044FA1748D2D7FC3BBF746CD32768F3988790ACDD5E0FBCCC6B46C8BA36320AB3C88F5A654586
310
5151B16150526C387E6E544EE4E88F604CA23B638D2809C4A8E34838EA91400CBB2450C30E09D470FCDC2E09C4D1BFC8931096EBAFD726CF2F25128CF9E590844E82907AA45C93D83C19268365C4A9CFF2792A24812BD45F3FAD817378D1A3DE16BA1D6F23C32F746C6A67A38B2BA7CE3E7CEA29E6B78790860A6888F07AB4
310
DD6D2AC071F7A90287DDA80ABC9AEFB85B55B0FE618C597EE6DC7D6898FB4417722F83C06D116499965148B00205BC2A502ABF9045D9D6AF2079741218260AEED64F8C825B65DC0B47AFE4FCE7FDB88CC9B2E162CE3FDD61AF75D8B090920E1ED2E32482E92686314C991DC6300A7FBA7962C4CE47538AE0DE2DB7EFC84B39
310
92F958485AB95460BBC8F19D884ED7BBEF063C315ACEA3D9855B4DDFB13D49D1C35D3531C3A59098E1F8B9BBF2A18FFE289F22908F2DB879020D0077CA2483045836E20824444000270242F4039989DBF8222A243DBF424FE397901C7F8B97BB41281F050AE64E4659212960A8260D0C24A581E97C437129AC7D19492477B9
310
2C35C7FA9B6317F9805D9F9A6E2D2441DAE970D1891890B584B10B4E04E1729341B0D86490C6275C68B2A570972BB7FAFA2867389100939D4830C684249489507FEEEAE67BC118AC4FEE382FCBEB3FF0B23C32F23206CED417121A60F65B64151A3D187E2BC0BF8A93909246BA8161CB5645D2F81524D1EF0F793B607E3828
310
41831480C2F46FB704264C012850900290A0FE148004697C0A5200CAD2CF63CC23336DB65904894C4DFB49AF2485B9CD9FB09F4429EC5524CDBF6DED2DCBF42E43F80096F95A485A9999878D348C6291518815FCA88D5C91618C59B1618856B1E1F8B93142458EFE0D3E1F237B2F6E524603C09D323323015E7A46239090B8
310
0D7C544D40887E2033711BBF8D0A494D387A927E07C949F9D4FAF2A9DF4512C9D42035E14C7F13EE8FF8805D9F56CA1F8724A4AD1EEF7C990DEC3349E64F42D2CA3DB13ECAF9D34482319F482418F36721096522D4DF2F73F3BD60CC49B1FAC7BC2C2F187413BC70D0C9EDC2C1D839DD8C2E38F2F7F0A25313EEF236E1FE00
310
27C14F1AC5879250823208742182AC286514AA538102992A502ABF50B8B2ADDF47F252F3CD862A7C630159F3721FAA35F281D47C83AFAC76D8B2494FE461AE0F2159718591C5202ED1FE99A081B01C5440BB5475485CAE4A242C592552ED272542F2D2CDC7C35DD7732635E98826DD1F86A495997B7D9A741F4B4DBACCDCCC
310
745AFE1C15929A7474CCF92492E3E75BF25D3E8CE60A1484481965E3B80286415C038308AE81E97CC3D8ADB0F61C92989A7445C2D54921B8F6A4F9341FB0EBD36AF94C4842DAEAA526DD5F87A4955B7D7D94F34222C1980361BE533F251C0C4978FD37E9FE02E59F9A7497B749F73C4E424A1A997A439934FE2592186FA5F4
310
B7A8A92E4A80211A13FD18B2771280A8B64908223A262148E313D527092CFD0CC63C32D34E4FCA05B7C33F15A60A29C99492CCBF0A492B538BFAF4933E8CCB2C1E9BC8760215A068201111482019AA682415AF182411B418A4DA4F2A7CD1367F95CFDBC80390D432B1A301E0641460498C23903C0101A40908D10F24296EE3
310
6F70F9A5661D39CFE6452427E55DEBCBBB3E8B24922904D7B2C2052874B5BA5FAC863D827939D62E42C14CEF7BF7113BF868AB680796A28881C528615E4ABBA131DF8701FB0EEFAB3D368871DF66EC066C1650064A0ED00BD82CA21BB0794419B07984E8473760B336BE1FC96163D2ABF45A45869CBE3A8702F76494E54A01
310
43C23430604D03D3F986FC29ACAD2289644C4A654D50D6FC2DC6A4D402BABC2DA0BF4FA9083C4D7C910E6FDA97253F872446CAACCD8A9725290CC426AFD02730366A8AA0A0A4A22C395F852E1EB026411A9F821A8AB2F4B32956EA9FD7FA3B4161C40371B8377BC2A030FDB34960428551A040612408F664C925FB72B80C82
310
FD5804FD0392965E96B4396EF960A0471AF1209AF9C790345B5C985DC457C7BA15153D0AEAE28FB5BA8A0CA3A262C365F5449EDAAA2876745933D147FF1AC6265F39D17647B75230CCC34B5857462D5836E208244440949502E786A545B001CCC411FF840A49AD1DBAB5F3CF480E5B463179465F19C5A140434E0DC2A0AC90
310
1430549306E69751DC498774BEF595519CB57F4112C9328A6BCA740311DF6F79BDB676DA29601BF3799E848DE4874ACABD81187576AD70D4DBB5886177D7A2869D5D8B1A8E9F1B970FEFB8F96F9E84FA3C57F53F3C09595409C4A8331BE1A8A70462D8550235EC28811A8E9FDB550271F4177812EA73F3F35F9184D45FBABC
310
FDA5FFC04948F9D0FAFA4BFF8624A6FE922D4BC84296EA2FFD5CEA2FE9FB4BFF2E288CE8E660CAED7513280CEC6212C6EEA32208775319047BAA0CD2F8147430898B33FF89A4F95D02EFEC447B25208DC2F43B486042D22850401A09EA278D04697C0A48A32CFD57485A99D2D62735F9F5D45FE2DFF3CB919CD45FA2FB4B0D
310
2427E553EBCBA736B0A941EA2F05B7E93787B1AA0CD8F5E92ABC2124216DF5D223D85785A4D54F395727128CD9924830666B484279A3ADFFFD182C13D83148C5B9315B16B083580EF0835006F083B17362DACF1E391B5E741903C2BE65F72E8ED9057555400A38C11F7B25B763E7421238C25E3F333F82179DDAAF97B7FDDA
310
C44948E5C2FACA85512431D27E257A43419F87C2F4F754084CD8E7A140419F8704F5F7794890C6A7A0CF4359FA209246DEC34F8F420735D646242B7512EDA64836F8A94EE2A690B4323DA84F27F1374312CAD4826C20B9F9050D70523D12E0E59834C24D341984936D3208D10F37EFA46D6C437252279126673B92935283F5
310
A506D72089E42E973A89C12EB703C94A15C1E5AD08AE4BCB7EFD2FFC5C8B24A68A80CFD7A88AE017D858992A822056BE11C94A1501AF30AA22B83E24AD7E15C147E4D844268454CB8206123D021248362F6824D5C16090441B8341AAFDA41A1AB4CDDF0A1596CA2DBC0F8855FBE31310B352B9452BE7DB911CB6DCE2BE9C00
310
776C9C97743814085D46D9D5A880E152D4C0601D6A603ADF70052AAC3D812492E5564A218214E20C9295CAADCB5B6E9DC5494895029FC75195C2728A9550A332D1BEFFA3141CECC9142BF5CFBFAF20597EB995F2BA32AF3B1792D379F86DBFFDF352F8732E4E31C1637AF9398B714B081EE4540F1150AF708880343E39E502
310
6FE9C47B40517E32BC1D096D36B34DED6C74F1BEE9A5C923D38B74FB19E9AB8006A7F5684B690538925B050E34578157F31DA9AF60FDC170126EEC4CC2F676B6E5786BE1BE99F97B4F4ECF4ECF4DCF2F4526E3128E820BAB7E949D9C4B380C27E9520E83C9BA94C32EEDDA70F2AA9FAD717268684B7C2D4D4F2ECDB4E623D3
310
E749268EEED763141DAEA5383C584B02BC7F2D09F06ABE076B296ABDF12DC534E4DEF713477035618F8D2C7A318C090870398EB0140B10A4558200951244F605298B5B697C2BA5D62D9DA033DACE1AEF9E993E1E91AA160ACE2AA196412D16A95463815335B682BFC8B2D26EE386A44A5B1008AAFCBA82A6D47FA20395B2A6
310
6ABCA9A0317D43960CF78DAF2FE8490D3AEF17D4B8D664E3C648EC1AA285EAECA81CA2B78B31087747E520CE8ECA427A3B2A0B917D717654C64A637B84A69478949DB5C6AE82A614E2E995A30DF1B71434FA217E5B277FDBD8CE46262ECC9EBAF0C853F459707DEAC1B03CD460BB6AF5685CC015D0B0962BA02BF98D2B5C6D
310
BB716B413FB98564D7F0A4DBFBFC508B70107059805882250CD22A62804C11A3F0078913EC34F2486C64E2691DB790E1141BEDD2E1EE15A0D4E4DBAF8D8C8A8D7603E27E5600C51607C0428802ECB28C2370510A0858920242F403398ADA689848ECE2924024A8B3C859482F5670103776B1182776F1985EECE2310A7F9CD8
310
C5D9698C446257CAEBACD4E0A99AC66841D31EB7EF665E182A3212F3DC50DB7C62E8F0D85D138F8E77FE4C1CC2BF1CC1FF69CD4DE37F7A7F3AFFEF03130F9C7FDFA189F1F373E3E30FCCDD83E313E37393E38FCE4DDE33716872FCFCCC04FE7DF281C72727771F989C9C3E7A7069DFD1271F3C3E3F76EF69809E3F7162F6D8
310
C2B1DD178E9CBBFFC289C989C599D3F72DC27F1F98199F79B4B0B7FBB1C7278E2E1E7B707C12C78E4D4DC039EE3C3F3775E7F971F8B76367C61F9DBEB7F4EBC0D4A127661E5B3E05FE4C4C3DB6FC4E769BAFE775E75B6B79DD18D4EA79E110A96B7AE1C375BDF0BAAE7148146A29F5C6B648F6932AB76EF6734D4153EA6AD1
310
3991B6ABB5A3A0D1EF6A45AB995A556ED716F4D05DA7064DBD53B9C173DDE40D11F7270718885BB97166BC5F93E4ECB8BF26C9627A951B7F2EA7EBC4D869DC9462977BD39509D78DB750B1AB8985DBB0316BCC51282B1103F32861ACB04410F604641034056490C6276C0B48961A6FA562D58E4E07FE0DED6CE3E4F2D995D3
310
679F597EE66966D9C14555C283EB55F096DA4A0720CDD50E00CAAB1D50F51A702AAA9CA171732C46726D77B86EA185EDC648C68A1723398CD3DDE26E02183746B2768048C165BBF6054CE308B5F837168B3F5F5D5DE5A52B83C0451164499351489B02057254A0547EA1F0445B8D991404AC5CAB2C51FBEB5ED50EA81A048E
310
C68200932ED438519A2DE84ACF4C62DCC38849A6C98DB982A6D4E286A552CB6E082401B5BC6EDCA4EB79E19077D4F4C2538BBBD9ACD36D4BAC166A29F5C67CB1AD0FBB77AE8B4728F0BE36BCE1BAD6FFCE3AA68ADDD62F098012230AB0654F1C81258F8080724740887E609913B5D1787724398C34873A4FFA7308702C8EB0
310
0C0910A4488200471244F605598A5B691C2F68F2EF00484DA4D4457B4F419BDFF1AF521C228595F030DB55F05687950E4055563BE0CAEBA29D28A625DD69F05E91E0EE46341E2CE8F2B790B2F5B68FDF44240868558058794A1854A48801118A18853F182A053B8D6F4E74D90E2B7C8C4A43D76D055DFED6E23C07CBFC3E39
310
4646050AE6544659992960A8340D0CC4A681E97C430E656B8DB71534A6AD06B507DF77D0DCA3FA3FE8D5EE2EA6256D357E3060BAD48DDB0BBA52AF36DEAB1D4B34B9F7FEB996F6DE82A6D4D286CDB296DD8FD4D286ADB05E7DBE9A2A1DEF53D77289630E57D30BAF6B4BFB9B8A6D3D558C74EBC566468A8AF11D058DA962BC
310
B22AC67716D3922A465DC5385ED045568CDCED1968E3C4EF77E0F39071C4FFB71B381354CC4C37706CA3927F0EBC319962E495F804E4548A9156B97D2D76A6AB86D01D454774EF9EB19D67CEEC9C596CDD64B2879BD9B5ED6CFBD2C2F4F8127E7AF5E491997B8FCCC2FF2DC1C302F05C40767F33EB7D2C315F5B837F7A4733
310
C3EFEF1C9F999F6AC11714ED3F5E6C14C6C7F6ECED1987166CB39D6D585C1A9F597070DE6777F3A1575E317834F91DD87CEDD9C376147D383E3E3BEB98D9D1CEB64DC2D74697168ED9CF8E9E9C9D9987EFF8E20B1DD9F585D78BB3E313CE1157B7B3CD68E4646BE2287C63D319D9D6CEAE9E5A18874BBAF7E4446B616A7A61
310
11C8012B9BDB59F3D8FCFDB3ADA5A5E929933FFFFCF3D69DABDAD9A6B13DFB0EF6AE15B0D86E1EDB53FE5BC14BB6AFF064A1D59A73CE8797D35A3A32BDD0630F299D6CCD1E9B83EFA7762945DC54AB15B0577E21B4E3D00DFF0B277145C9746D0100
  0
DICTIONARY
  5
488
330
45
100
AcDbDictionary
280
     1
281
     1
  3
ACAD_XREC_ROUNDTRIP
360
489
  0
DICTIONARY
  5
48A
330
44
100
AcDbDictionary
280
     1
281
     1
  3
ACAD_XREC_ROUNDTRIP
360
48B
  0
DICTIONARY
  5
48C
330
46
100
AcDbDictionary
280
     1
281
     1
  3
ACAD_XREC_ROUNDTRIP
360
48D
  0
DICTIONARY
  5
48E
330
6C
100
AcDbDictionary
280
     1
281
     1
  3
ACAD_XREC_ROUNDTRIP
360
48F
  0
DICTIONARY
  5
490
330
2F
100
AcDbDictionary
280
     1
281
     1
  3
ACAD_XREC_ROUNDTRIP
360
491
  0
DICTIONARY
  5
492
330
32
100
AcDbDictionary
280
     1
281
     1
  3
ACAD_XREC_ROUNDTRIP
360
493
  0
DICTIONARY
  5
494
330
36
100
AcDbDictionary
280
     1
281
     1
  3
ACAD_XREC_ROUNDTRIP
360
495
  0
DICTIONARY
  5
496
330
3A
100
AcDbDictionary
280
     1
281
     1
  3
ACAD_XREC_ROUNDTRIP
360
497
  0
DICTIONARY
  5
498
330
34
100
AcDbDictionary
280
     1
281
     1
  3
ACAD_XREC_ROUNDTRIP
360
499
  0
DICTIONARY
  5
49A
330
35
100
AcDbDictionary
280
     1
281
     1
  3
ACAD_XREC_ROUNDTRIP
360
49B
  0
DICTIONARY
  5
49C
330
3D
100
AcDbDictionary
280
     1
281
     1
  3
ACAD_XREC_ROUNDTRIP
360
49D
  0
DICTIONARY
  5
49E
330
39
100
AcDbDictionary
280
     1
281
     1
  3
ACAD_XREC_ROUNDTRIP
360
49F
  0
DICTIONARY
  5
4A0
330
2B
100
AcDbDictionary
280
     1
281
     1
  3
ACAD_XREC_ROUNDTRIP
360
4A1
  0
DICTIONARY
  5
4A2
330
2C
100
AcDbDictionary
280
     1
281
     1
  3
ACAD_XREC_ROUNDTRIP
360
4A3
  0
DICTIONARY
  5
4A4
330
2D
100
AcDbDictionary
280
     1
281
     1
  3
ACAD_XREC_ROUNDTRIP
360
4A5
  0
DICTIONARY
  5
4A6
330
2E
100
AcDbDictionary
280
     1
281
     1
  3
ACAD_XREC_ROUNDTRIP
360
4A7
  0
DICTIONARY
  5
4A8
330
31
100
AcDbDictionary
280
     1
281
     1
  3
ACAD_XREC_ROUNDTRIP
360
4A9
  0
DICTIONARY
  5
4AA
330
3B
100
AcDbDictionary
280
     1
281
     1
  3
ACAD_XREC_ROUNDTRIP
360
4AB
  0
DICTIONARY
  5
4AC
330
38
100
AcDbDictionary
280
     1
281
     1
  3
ACAD_XREC_ROUNDTRIP
360
4AD
  0
DICTIONARY
  5
4AE
330
3C
100
AcDbDictionary
280
     1
281
     1
  3
ACAD_XREC_ROUNDTRIP
360
4AF
  0
DICTIONARY
  5
4B0
330
33
100
AcDbDictionary
280
     1
281
     1
  3
ACAD_XREC_ROUNDTRIP
360
4B1
  0
DICTIONARY
  5
4B2
330
42
100
AcDbDictionary
280
     1
281
     1
  3
ACAD_XREC_ROUNDTRIP
360
4B3
  0
DICTIONARY
  5
4B4
330
41
100
AcDbDictionary
280
     1
281
     1
  3
ACAD_XREC_ROUNDTRIP
360
4B5
  0
DICTIONARY
  5
4B6
330
3E
100
AcDbDictionary
280
     1
281
     1
  3
ACAD_XREC_ROUNDTRIP
360
4B7
  0
DICTIONARY
  5
4B8
330
3F
100
AcDbDictionary
280
     1
281
     1
  3
ACAD_XREC_ROUNDTRIP
360
4B9
  0
DICTIONARY
  5
4BA
330
37
100
AcDbDictionary
280
     1
281
     1
  3
ACAD_XREC_ROUNDTRIP
360
4BB
  0
DICTIONARY
  5
4BC
330
30
100
AcDbDictionary
280
     1
281
     1
  3
ACAD_XREC_ROUNDTRIP
360
4BD
  0
DICTIONARY
  5
4BE
330
40
100
AcDbDictionary
280
     1
281
     1
  3
ACAD_XREC_ROUNDTRIP
360
4BF
  0
XRECORD
  5
489
102
{ACAD_REACTORS
330
488
102
}
330
488
100
AcDbXrecord
280
     1
102
MATERIAL
148
0.0
149
0.0
149
0.0
 93
        0
 94
      127
282
     0
 72
     1
 77
     1
171
     1
175
     1
179
     1
273
     0
  0
XRECORD
  5
48B
102
{ACAD_REACTORS
330
48A
102
}
330
48A
100
AcDbXrecord
280
     1
102
MATERIAL
148
0.0
149
0.0
149
0.0
 93
        0
 94
      127
282
     0
 72
     1
 77
     1
171
     1
175
     1
179
     1
273
     0
  0
XRECORD
  5
48D
102
{ACAD_REACTORS
330
48C
102
}
330
48C
100
AcDbXrecord
280
     1
102
MATERIAL
148
0.0
149
0.0
149
0.0
 93
        0
 94
      127
282
     0
 72
     1
 77
     1
171
     1
175
     1
179
     1
273
     0
  0
XRECORD
  5
48F
102
{ACAD_REACTORS
330
48E
102
}
330
48E
100
AcDbXrecord
280
     1
102
ACAD_ROUNDTRIP_2010_MLEADER_STYLE
  0
XRECORD
  5
491
102
{ACAD_REACTORS
330
490
102
}
330
490
100
AcDbXrecord
280
     1
102
RTVSPropertyOp0
 70
     1
102
RTVSPropertyOp1
 70
     1
102
RTVSPropertyOp2
 70
     1
102
RTVSPropertyOp3
 70
     1
102
RTVSPropertyOp4
 70
     1
102
RTVSPropertyOp5
 70
     1
102
RTVSPropertyOp6
 70
     1
102
RTVSPropertyOp7
 70
     1
102
RTVSPropertyOp8
 70
     1
102
RTVSPropertyOp9
 70
     1
102
RTVSPropertyOp10
 70
     1
102
RTVSPropertyOp11
 70
     1
102
RTVSPropertyOp12
 70
     1
102
RTVSPropertyOp13
 70
     1
102
RTVSPropertyOp14
 70
     1
102
RTVSPropertyOp15
 70
     1
102
RTVSPropertyOp16
 70
     1
102
RTVSPropertyOp17
 70
     1
102
RTVSPropertyOp18
 70
     1
102
RTVSPropertyOp19
 70
     1
102
RTVSPropertyOp20
 70
     1
102
RTVSPropertyOp21
 70
     1
102
RTVSPropertyOp22
 70
     1
102
RTVSPropertyOp23
 70
     1
102
RTVSPropertyOp24
 70
     1
102
RTVSPropertyOp25
 70
     1
102
RTVSPropertyOp26
 70
     1
102
RTVSPropertyOp27
 70
     1
102
RTVSPropertyOp28
 70
     1
102
RTVSPropertyOp29
 70
     1
102
RTVSPropertyOp30
 70
     1
102
RTVSPropertyOp31
 70
     1
102
RTVSPropertyOp32
 70
     1
102
RTVSPropertyOp33
 70
     1
102
RTVSPropertyOp34
 70
     1
102
RTVSPropertyOp35
 70
     1
102
RTVSPropertyOp36
 70
     1
102
RTVSPropertyOp37
 70
     1
102
RTVSPropertyOp38
 70
     1
102
RTVSPropertyOp39
 70
     1
102
RTVSPropertyOp40
 70
     1
102
RTVSPropertyOp41
 70
     1
102
RTVSPropertyOp42
 70
     1
102
RTVSPropertyOp43
 70
     1
102
RTVSPropertyOp44
 70
     1
102
RTVSPropertyOp45
 70
     1
102
RTVSPropertyOp46
 70
     1
102
RTVSPropertyOp47
 70
     1
102
RTVSPropertyOp48
 70
     1
102
RTVSPropertyOp49
 70
     1
102
RTVSPropertyOp50
 70
     1
102
RTVSPropertyOp51
 70
     0
102
RTVSPropertyOp52
 70
     0
102
RTVSPropertyOp53
 70
     1
102
RTVSPropertyOp54
 70
     1
102
RTVSPropertyOp55
 70
     1
102
RTVSPropertyOp56
 70
     1
102
RTVSPropertyOp57
 70
     1
102
RTVSPost2010Prop28
280
     1
102
RTVSPost2010PropOp28
 70
     1
102
RTVSPost2010Prop29
280
     1
102
RTVSPost2010PropOp29
 70
     1
102
RTVSPost2010Prop30
280
     0
102
RTVSPost2010PropOp30
 70
     1
102
RTVSPost2010Prop31
280
     0
102
RTVSPost2010PropOp31
 70
     1
102
RTVSPost2010Prop32
280
     0
102
RTVSPost2010PropOp32
 70
     1
102
RTVSPost2010Prop33
280
     0
102
RTVSPost2010PropOp33
 70
     1
102
RTVSPost2010Prop34
280
     0
102
RTVSPost2010PropOp34
 70
     1
102
RTVSPost2010Prop35
280
     0
102
RTVSPost2010PropOp35
 70
     1
102
RTVSPost2010Prop36
280
     0
102
RTVSPost2010PropOp36
 70
     1
102
RTVSPost2010Prop37
 90
       50
102
RTVSPost2010PropOp37
 70
     1
102
RTVSPost2010Prop38
140
0.0
102
RTVSPost2010PropOp38
 70
     1
102
RTVSPost2010Prop39
140
1.0
102
RTVSPost2010PropOp39
 70
     1
102
RTVSPost2010Prop40
 90
        0
102
RTVSPost2010PropOp40
 70
     1
102
RTVSPost2010Prop41ColorIndex
 90
       18
102
RTVSPost2010Prop41ColorRGB
 90
        0
102
RTVSPost2010PropOp41
 70
     1
102
RTVSPost2010Prop42
 90
       50
102
RTVSPost2010PropOp42
 70
     1
102
RTVSPost2010Prop43
 90
        3
102
RTVSPost2010PropOp43
 70
     1
102
RTVSPost2010Prop44ColorIndex
 90
        5
102
RTVSPost2010Prop44ColorRGB
 90
      255
102
RTVSPost2010PropOp44
 70
     1
102
RTVSPost2010Prop45
280
     0
102
RTVSPost2010PropOp45
 70
     1
102
RTVSPost2010Prop46
 90
       50
102
RTVSPost2010PropOp46
 70
     1
102
RTVSPost2010Prop47
 90
       50
102
RTVSPost2010PropOp47
 70
     1
102
RTVSPost2010Prop48
 90
       50
102
RTVSPost2010PropOp48
 70
     1
102
RTVSPost2010Prop49
280
     0
102
RTVSPost2010PropOp49
 70
     1
102
RTVSPost2010Prop50
 90
       50
102
RTVSPost2010PropOp50
 70
     1
102
RTVSPost2010Prop51ColorIndex
 90
      256
102
RTVSPost2010Prop51ColorRGB
 90
-16777216
102
RTVSPost2010PropOp51
 70
     0
102
RTVSPost2010Prop52
140
1.0
102
RTVSPost2010PropOp52
 70
     0
102
RTVSPost2010Prop53
 90
        2
102
RTVSPost2010PropOp53
 70
     1
102
RTVSPost2010Prop54
  1
strokes_ogs.tif
102
RTVSPost2010PropOp54
 70
     1
102
RTVSPost2010Prop55
280
     0
102
RTVSPost2010PropOp55
 70
     1
102
RTVSPost2010Prop56
140
1.0
102
RTVSPost2010PropOp56
 70
     1
102
RTVSPost2010Prop57
140
1.0
102
RTVSPost2010PropOp57
 70
     1
  0
XRECORD
  5
493
102
{ACAD_REACTORS
330
492
102
}
330
492
100
AcDbXrecord
280
     1
102
RTVSPropertyOp0
 70
     1
102
RTVSPropertyOp1
 70
     1
102
RTVSPropertyOp2
 70
     1
102
RTVSPropertyOp3
 70
     1
102
RTVSPropertyOp4
 70
     1
102
RTVSPropertyOp5
 70
     1
102
RTVSPropertyOp6
 70
     1
102
RTVSPropertyOp7
 70
     1
102
RTVSPropertyOp8
 70
     1
102
RTVSPropertyOp9
 70
     1
102
RTVSPropertyOp10
 70
     1
102
RTVSPropertyOp11
 70
     1
102
RTVSPropertyOp12
 70
     1
102
RTVSPropertyOp13
 70
     1
102
RTVSPropertyOp14
 70
     1
102
RTVSPropertyOp15
 70
     1
102
RTVSPropertyOp16
 70
     1
102
RTVSPropertyOp17
 70
     1
102
RTVSPropertyOp18
 70
     1
102
RTVSPropertyOp19
 70
     1
102
RTVSPropertyOp20
 70
     1
102
RTVSPropertyOp21
 70
     1
102
RTVSPropertyOp22
 70
     1
102
RTVSPropertyOp23
 70
     1
102
RTVSPropertyOp24
 70
     1
102
RTVSPropertyOp25
 70
     1
102
RTVSPropertyOp26
 70
     1
102
RTVSPropertyOp27
 70
     1
102
RTVSPropertyOp28
 70
     1
102
RTVSPropertyOp29
 70
     1
102
RTVSPropertyOp30
 70
     1
102
RTVSPropertyOp31
 70
     1
102
RTVSPropertyOp32
 70
     1
102
RTVSPropertyOp33
 70
     1
102
RTVSPropertyOp34
 70
     1
102
RTVSPropertyOp35
 70
     1
102
RTVSPropertyOp36
 70
     1
102
RTVSPropertyOp37
 70
     1
102
RTVSPropertyOp38
 70
     1
102
RTVSPropertyOp39
 70
     1
102
RTVSPropertyOp40
 70
     1
102
RTVSPropertyOp41
 70
     1
102
RTVSPropertyOp42
 70
     1
102
RTVSPropertyOp43
 70
     1
102
RTVSPropertyOp44
 70
     1
102
RTVSPropertyOp45
 70
     1
102
RTVSPropertyOp46
 70
     1
102
RTVSPropertyOp47
 70
     1
102
RTVSPropertyOp48
 70
     1
102
RTVSPropertyOp49
 70
     1
102
RTVSPropertyOp50
 70
     1
102
RTVSPropertyOp51
 70
     0
102
RTVSPropertyOp52
 70
     0
102
RTVSPropertyOp53
 70
     1
102
RTVSPropertyOp54
 70
     1
102
RTVSPropertyOp55
 70
     1
102
RTVSPropertyOp56
 70
     1
102
RTVSPropertyOp57
 70
     1
102
RTVSPost2010Prop28
280
     0
102
RTVSPost2010PropOp28
 70
     1
102
RTVSPost2010Prop29
280
     1
102
RTVSPost2010PropOp29
 70
     1
102
RTVSPost2010Prop30
280
     1
102
RTVSPost2010PropOp30
 70
     1
102
RTVSPost2010Prop31
280
     0
102
RTVSPost2010PropOp31
 70
     1
102
RTVSPost2010Prop32
280
     0
102
RTVSPost2010PropOp32
 70
     1
102
RTVSPost2010Prop33
280
     0
102
RTVSPost2010PropOp33
 70
     1
102
RTVSPost2010Prop34
280
     0
102
RTVSPost2010PropOp34
 70
     1
102
RTVSPost2010Prop35
280
     0
102
RTVSPost2010PropOp35
 70
     1
102
RTVSPost2010Prop36
280
     0
102
RTVSPost2010PropOp36
 70
     1
102
RTVSPost2010Prop37
 90
       50
102
RTVSPost2010PropOp37
 70
     1
102
RTVSPost2010Prop38
140
0.0
102
RTVSPost2010PropOp38
 70
     1
102
RTVSPost2010Prop39
140
1.0
102
RTVSPost2010PropOp39
 70
     1
102
RTVSPost2010Prop40
 90
        0
102
RTVSPost2010PropOp40
 70
     1
102
RTVSPost2010Prop41ColorIndex
 90
       18
102
RTVSPost2010Prop41ColorRGB
 90
        0
102
RTVSPost2010PropOp41
 70
     1
102
RTVSPost2010Prop42
 90
       50
102
RTVSPost2010PropOp42
 70
     1
102
RTVSPost2010Prop43
 90
        3
102
RTVSPost2010PropOp43
 70
     1
102
RTVSPost2010Prop44ColorIndex
 90
        5
102
RTVSPost2010Prop44ColorRGB
 90
      255
102
RTVSPost2010PropOp44
 70
     1
102
RTVSPost2010Prop45
280
     0
102
RTVSPost2010PropOp45
 70
     1
102
RTVSPost2010Prop46
 90
       50
102
RTVSPost2010PropOp46
 70
     1
102
RTVSPost2010Prop47
 90
       50
102
RTVSPost2010PropOp47
 70
     1
102
RTVSPost2010Prop48
 90
       50
102
RTVSPost2010PropOp48
 70
     1
102
RTVSPost2010Prop49
280
     0
102
RTVSPost2010PropOp49
 70
     1
102
RTVSPost2010Prop50
 90
       50
102
RTVSPost2010PropOp50
 70
     1
102
RTVSPost2010Prop51ColorIndex
 90
      256
102
RTVSPost2010Prop51ColorRGB
 90
-16777216
102
RTVSPost2010PropOp51
 70
     0
102
RTVSPost2010Prop52
140
1.0
102
RTVSPost2010PropOp52
 70
     0
102
RTVSPost2010Prop53
 90
        2
102
RTVSPost2010PropOp53
 70
     1
102
RTVSPost2010Prop54
  1
strokes_ogs.tif
102
RTVSPost2010PropOp54
 70
     1
102
RTVSPost2010Prop55
280
     0
102
RTVSPost2010PropOp55
 70
     1
102
RTVSPost2010Prop56
140
1.0
102
RTVSPost2010PropOp56
 70
     1
102
RTVSPost2010Prop57
140
1.0
102
RTVSPost2010PropOp57
 70
     1
  0
XRECORD
  5
495
102
{ACAD_REACTORS
330
494
102
}
330
494
100
AcDbXrecord
280
     1
102
RTVSPropertyOp0
 70
     1
102
RTVSPropertyOp1
 70
     1
102
RTVSPropertyOp2
 70
     1
102
RTVSPropertyOp3
 70
     1
102
RTVSPropertyOp4
 70
     1
102
RTVSPropertyOp5
 70
     1
102
RTVSPropertyOp6
 70
     1
102
RTVSPropertyOp7
 70
     1
102
RTVSPropertyOp8
 70
     1
102
RTVSPropertyOp9
 70
     1
102
RTVSPropertyOp10
 70
     1
102
RTVSPropertyOp11
 70
     1
102
RTVSPropertyOp12
 70
     1
102
RTVSPropertyOp13
 70
     1
102
RTVSPropertyOp14
 70
     1
102
RTVSPropertyOp15
 70
     1
102
RTVSPropertyOp16
 70
     1
102
RTVSPropertyOp17
 70
     1
102
RTVSPropertyOp18
 70
     1
102
RTVSPropertyOp19
 70
     1
102
RTVSPropertyOp20
 70
     1
102
RTVSPropertyOp21
 70
     1
102
RTVSPropertyOp22
 70
     1
102
RTVSPropertyOp23
 70
     1
102
RTVSPropertyOp24
 70
     1
102
RTVSPropertyOp25
 70
     1
102
RTVSPropertyOp26
 70
     1
102
RTVSPropertyOp27
 70
     1
102
RTVSPropertyOp28
 70
     1
102
RTVSPropertyOp29
 70
     1
102
RTVSPropertyOp30
 70
     1
102
RTVSPropertyOp31
 70
     1
102
RTVSPropertyOp32
 70
     1
102
RTVSPropertyOp33
 70
     1
102
RTVSPropertyOp34
 70
     1
102
RTVSPropertyOp35
 70
     1
102
RTVSPropertyOp36
 70
     1
102
RTVSPropertyOp37
 70
     1
102
RTVSPropertyOp38
 70
     1
102
RTVSPropertyOp39
 70
     1
102
RTVSPropertyOp40
 70
     1
102
RTVSPropertyOp41
 70
     1
102
RTVSPropertyOp42
 70
     1
102
RTVSPropertyOp43
 70
     1
102
RTVSPropertyOp44
 70
     1
102
RTVSPropertyOp45
 70
     1
102
RTVSPropertyOp46
 70
     1
102
RTVSPropertyOp47
 70
     1
102
RTVSPropertyOp48
 70
     1
102
RTVSPropertyOp49
 70
     1
102
RTVSPropertyOp50
 70
     1
102
RTVSPropertyOp51
 70
     0
102
RTVSPropertyOp52
 70
     0
102
RTVSPropertyOp53
 70
     1
102
RTVSPropertyOp54
 70
     1
102
RTVSPropertyOp55
 70
     1
102
RTVSPropertyOp56
 70
     1
102
RTVSPropertyOp57
 70
     1
102
RTVSPost2010Prop28
280
     0
102
RTVSPost2010PropOp28
 70
     1
102
RTVSPost2010Prop29
280
     1
102
RTVSPost2010PropOp29
 70
     1
102
RTVSPost2010Prop30
280
     1
102
RTVSPost2010PropOp30
 70
     1
102
RTVSPost2010Prop31
280
     0
102
RTVSPost2010PropOp31
 70
     1
102
RTVSPost2010Prop32
280
     0
102
RTVSPost2010PropOp32
 70
     1
102
RTVSPost2010Prop33
280
     0
102
RTVSPost2010PropOp33
 70
     1
102
RTVSPost2010Prop34
280
     0
102
RTVSPost2010PropOp34
 70
     1
102
RTVSPost2010Prop35
280
     0
102
RTVSPost2010PropOp35
 70
     1
102
RTVSPost2010Prop36
280
     0
102
RTVSPost2010PropOp36
 70
     1
102
RTVSPost2010Prop37
 90
       50
102
RTVSPost2010PropOp37
 70
     1
102
RTVSPost2010Prop38
140
0.0
102
RTVSPost2010PropOp38
 70
     1
102
RTVSPost2010Prop39
140
1.0
102
RTVSPost2010PropOp39
 70
     1
102
RTVSPost2010Prop40
 90
        0
102
RTVSPost2010PropOp40
 70
     1
102
RTVSPost2010Prop41ColorIndex
 90
       18
102
RTVSPost2010Prop41ColorRGB
 90
        0
102
RTVSPost2010PropOp41
 70
     1
102
RTVSPost2010Prop42
 90
       50
102
RTVSPost2010PropOp42
 70
     1
102
RTVSPost2010Prop43
 90
        3
102
RTVSPost2010PropOp43
 70
     1
102
RTVSPost2010Prop44ColorIndex
 90
        5
102
RTVSPost2010Prop44ColorRGB
 90
      255
102
RTVSPost2010PropOp44
 70
     1
102
RTVSPost2010Prop45
280
     0
102
RTVSPost2010PropOp45
 70
     1
102
RTVSPost2010Prop46
 90
       50
102
RTVSPost2010PropOp46
 70
     1
102
RTVSPost2010Prop47
 90
       50
102
RTVSPost2010PropOp47
 70
     1
102
RTVSPost2010Prop48
 90
       50
102
RTVSPost2010PropOp48
 70
     1
102
RTVSPost2010Prop49
280
     0
102
RTVSPost2010PropOp49
 70
     1
102
RTVSPost2010Prop50
 90
       50
102
RTVSPost2010PropOp50
 70
     1
102
RTVSPost2010Prop51ColorIndex
 90
      256
102
RTVSPost2010Prop51ColorRGB
 90
-16777216
102
RTVSPost2010PropOp51
 70
     0
102
RTVSPost2010Prop52
140
1.0
102
RTVSPost2010PropOp52
 70
     0
102
RTVSPost2010Prop53
 90
        2
102
RTVSPost2010PropOp53
 70
     1
102
RTVSPost2010Prop54
  1
strokes_ogs.tif
102
RTVSPost2010PropOp54
 70
     1
102
RTVSPost2010Prop55
280
     0
102
RTVSPost2010PropOp55
 70
     1
102
RTVSPost2010Prop56
140
1.0
102
RTVSPost2010PropOp56
 70
     1
102
RTVSPost2010Prop57
140
1.0
102
RTVSPost2010PropOp57
 70
     1
  0
XRECORD
  5
497
102
{ACAD_REACTORS
330
496
102
}
330
496
100
AcDbXrecord
280
     1
102
RTVSPropertyOp0
 70
     1
102
RTVSPropertyOp1
 70
     1
102
RTVSPropertyOp2
 70
     1
102
RTVSPropertyOp3
 70
     1
102
RTVSPropertyOp4
 70
     1
102
RTVSPropertyOp5
 70
     1
102
RTVSPropertyOp6
 70
     1
102
RTVSPropertyOp7
 70
     1
102
RTVSPropertyOp8
 70
     1
102
RTVSPropertyOp9
 70
     1
102
RTVSPropertyOp10
 70
     1
102
RTVSPropertyOp11
 70
     1
102
RTVSPropertyOp12
 70
     1
102
RTVSPropertyOp13
 70
     1
102
RTVSPropertyOp14
 70
     1
102
RTVSPropertyOp15
 70
     1
102
RTVSPropertyOp16
 70
     1
102
RTVSPropertyOp17
 70
     1
102
RTVSPropertyOp18
 70
     1
102
RTVSPropertyOp19
 70
     1
102
RTVSPropertyOp20
 70
     1
102
RTVSPropertyOp21
 70
     1
102
RTVSPropertyOp22
 70
     1
102
RTVSPropertyOp23
 70
     1
102
RTVSPropertyOp24
 70
     1
102
RTVSPropertyOp25
 70
     1
102
RTVSPropertyOp26
 70
     1
102
RTVSPropertyOp27
 70
     1
102
RTVSPropertyOp28
 70
     1
102
RTVSPropertyOp29
 70
     1
102
RTVSPropertyOp30
 70
     1
102
RTVSPropertyOp31
 70
     1
102
RTVSPropertyOp32
 70
     1
102
RTVSPropertyOp33
 70
     1
102
RTVSPropertyOp34
 70
     1
102
RTVSPropertyOp35
 70
     1
102
RTVSPropertyOp36
 70
     1
102
RTVSPropertyOp37
 70
     1
102
RTVSPropertyOp38
 70
     1
102
RTVSPropertyOp39
 70
     1
102
RTVSPropertyOp40
 70
     1
102
RTVSPropertyOp41
 70
     1
102
RTVSPropertyOp42
 70
     1
102
RTVSPropertyOp43
 70
     1
102
RTVSPropertyOp44
 70
     1
102
RTVSPropertyOp45
 70
     1
102
RTVSPropertyOp46
 70
     1
102
RTVSPropertyOp47
 70
     1
102
RTVSPropertyOp48
 70
     1
102
RTVSPropertyOp49
 70
     1
102
RTVSPropertyOp50
 70
     1
102
RTVSPropertyOp51
 70
     0
102
RTVSPropertyOp52
 70
     0
102
RTVSPropertyOp53
 70
     1
102
RTVSPropertyOp54
 70
     1
102
RTVSPropertyOp55
 70
     1
102
RTVSPropertyOp56
 70
     1
102
RTVSPropertyOp57
 70
     1
102
RTVSPost2010Prop28
280
     0
102
RTVSPost2010PropOp28
 70
     1
102
RTVSPost2010Prop29
280
     1
102
RTVSPost2010PropOp29
 70
     1
102
RTVSPost2010Prop30
280
     1
102
RTVSPost2010PropOp30
 70
     1
102
RTVSPost2010Prop31
280
     0
102
RTVSPost2010PropOp31
 70
     1
102
RTVSPost2010Prop32
280
     0
102
RTVSPost2010PropOp32
 70
     1
102
RTVSPost2010Prop33
280
     0
102
RTVSPost2010PropOp33
 70
     1
102
RTVSPost2010Prop34
280
     0
102
RTVSPost2010PropOp34
 70
     1
102
RTVSPost2010Prop35
280
     0
102
RTVSPost2010PropOp35
 70
     1
102
RTVSPost2010Prop36
280
     0
102
RTVSPost2010PropOp36
 70
     1
102
RTVSPost2010Prop37
 90
       50
102
RTVSPost2010PropOp37
 70
     1
102
RTVSPost2010Prop38
140
0.0
102
RTVSPost2010PropOp38
 70
     1
102
RTVSPost2010Prop39
140
1.0
102
RTVSPost2010PropOp39
 70
     1
102
RTVSPost2010Prop40
 90
        0
102
RTVSPost2010PropOp40
 70
     1
102
RTVSPost2010Prop41ColorIndex
 90
       18
102
RTVSPost2010Prop41ColorRGB
 90
        0
102
RTVSPost2010PropOp41
 70
     1
102
RTVSPost2010Prop42
 90
       50
102
RTVSPost2010PropOp42
 70
     1
102
RTVSPost2010Prop43
 90
        3
102
RTVSPost2010PropOp43
 70
     1
102
RTVSPost2010Prop44ColorIndex
 90
        5
102
RTVSPost2010Prop44ColorRGB
 90
      255
102
RTVSPost2010PropOp44
 70
     1
102
RTVSPost2010Prop45
280
     0
102
RTVSPost2010PropOp45
 70
     1
102
RTVSPost2010Prop46
 90
       50
102
RTVSPost2010PropOp46
 70
     1
102
RTVSPost2010Prop47
 90
       50
102
RTVSPost2010PropOp47
 70
     1
102
RTVSPost2010Prop48
 90
       50
102
RTVSPost2010PropOp48
 70
     1
102
RTVSPost2010Prop49
280
     0
102
RTVSPost2010PropOp49
 70
     1
102
RTVSPost2010Prop50
 90
       50
102
RTVSPost2010PropOp50
 70
     1
102
RTVSPost2010Prop51ColorIndex
 90
      256
102
RTVSPost2010Prop51ColorRGB
 90
-16777216
102
RTVSPost2010PropOp51
 70
     0
102
RTVSPost2010Prop52
140
1.0
102
RTVSPost2010PropOp52
 70
     0
102
RTVSPost2010Prop53
 90
        2
102
RTVSPost2010PropOp53
 70
     1
102
RTVSPost2010Prop54
  1
strokes_ogs.tif
102
RTVSPost2010PropOp54
 70
     1
102
RTVSPost2010Prop55
280
     0
102
RTVSPost2010PropOp55
 70
     1
102
RTVSPost2010Prop56
140
1.0
102
RTVSPost2010PropOp56
 70
     1
102
RTVSPost2010Prop57
140
1.0
102
RTVSPost2010PropOp57
 70
     1
  0
XRECORD
  5
499
102
{ACAD_REACTORS
330
498
102
}
330
498
100
AcDbXrecord
280
     1
102
RTVSPropertyOp0
 70
     1
102
RTVSPropertyOp1
 70
     1
102
RTVSPropertyOp2
 70
     1
102
RTVSPropertyOp3
 70
     1
102
RTVSPropertyOp4
 70
     1
102
RTVSPropertyOp5
 70
     1
102
RTVSPropertyOp6
 70
     1
102
RTVSPropertyOp7
 70
     1
102
RTVSPropertyOp8
 70
     1
102
RTVSPropertyOp9
 70
     1
102
RTVSPropertyOp10
 70
     1
102
RTVSPropertyOp11
 70
     1
102
RTVSPropertyOp12
 70
     1
102
RTVSPropertyOp13
 70
     1
102
RTVSPropertyOp14
 70
     1
102
RTVSPropertyOp15
 70
     1
102
RTVSPropertyOp16
 70
     1
102
RTVSPropertyOp17
 70
     1
102
RTVSPropertyOp18
 70
     1
102
RTVSPropertyOp19
 70
     1
102
RTVSPropertyOp20
 70
     1
102
RTVSPropertyOp21
 70
     1
102
RTVSPropertyOp22
 70
     1
102
RTVSPropertyOp23
 70
     1
102
RTVSPropertyOp24
 70
     1
102
RTVSPropertyOp25
 70
     1
102
RTVSPropertyOp26
 70
     1
102
RTVSPropertyOp27
 70
     1
102
RTVSPropertyOp28
 70
     1
102
RTVSPropertyOp29
 70
     1
102
RTVSPropertyOp30
 70
     1
102
RTVSPropertyOp31
 70
     1
102
RTVSPropertyOp32
 70
     1
102
RTVSPropertyOp33
 70
     1
102
RTVSPropertyOp34
 70
     1
102
RTVSPropertyOp35
 70
     1
102
RTVSPropertyOp36
 70
     1
102
RTVSPropertyOp37
 70
     1
102
RTVSPropertyOp38
 70
     1
102
RTVSPropertyOp39
 70
     1
102
RTVSPropertyOp40
 70
     1
102
RTVSPropertyOp41
 70
     1
102
RTVSPropertyOp42
 70
     1
102
RTVSPropertyOp43
 70
     1
102
RTVSPropertyOp44
 70
     1
102
RTVSPropertyOp45
 70
     1
102
RTVSPropertyOp46
 70
     1
102
RTVSPropertyOp47
 70
     1
102
RTVSPropertyOp48
 70
     1
102
RTVSPropertyOp49
 70
     1
102
RTVSPropertyOp50
 70
     1
102
RTVSPropertyOp51
 70
     0
102
RTVSPropertyOp52
 70
     0
102
RTVSPropertyOp53
 70
     1
102
RTVSPropertyOp54
 70
     1
102
RTVSPropertyOp55
 70
     1
102
RTVSPropertyOp56
 70
     1
102
RTVSPropertyOp57
 70
     1
102
RTVSPost2010Prop28
280
     0
102
RTVSPost2010PropOp28
 70
     1
102
RTVSPost2010Prop29
280
     1
102
RTVSPost2010PropOp29
 70
     1
102
RTVSPost2010Prop30
280
     1
102
RTVSPost2010PropOp30
 70
     1
102
RTVSPost2010Prop31
280
     0
102
RTVSPost2010PropOp31
 70
     1
102
RTVSPost2010Prop32
280
     0
102
RTVSPost2010PropOp32
 70
     1
102
RTVSPost2010Prop33
280
     0
102
RTVSPost2010PropOp33
 70
     1
102
RTVSPost2010Prop34
280
     0
102
RTVSPost2010PropOp34
 70
     1
102
RTVSPost2010Prop35
280
     0
102
RTVSPost2010PropOp35
 70
     1
102
RTVSPost2010Prop36
280
     0
102
RTVSPost2010PropOp36
 70
     1
102
RTVSPost2010Prop37
 90
       50
102
RTVSPost2010PropOp37
 70
     1
102
RTVSPost2010Prop38
140
0.0
102
RTVSPost2010PropOp38
 70
     1
102
RTVSPost2010Prop39
140
1.0
102
RTVSPost2010PropOp39
 70
     1
102
RTVSPost2010Prop40
 90
        0
102
RTVSPost2010PropOp40
 70
     1
102
RTVSPost2010Prop41ColorIndex
 90
       18
102
RTVSPost2010Prop41ColorRGB
 90
        0
102
RTVSPost2010PropOp41
 70
     1
102
RTVSPost2010Prop42
 90
       50
102
RTVSPost2010PropOp42
 70
     1
102
RTVSPost2010Prop43
 90
        3
102
RTVSPost2010PropOp43
 70
     1
102
RTVSPost2010Prop44ColorIndex
 90
        5
102
RTVSPost2010Prop44ColorRGB
 90
      255
102
RTVSPost2010PropOp44
 70
     1
102
RTVSPost2010Prop45
280
     0
102
RTVSPost2010PropOp45
 70
     1
102
RTVSPost2010Prop46
 90
       50
102
RTVSPost2010PropOp46
 70
     1
102
RTVSPost2010Prop47
 90
       50
102
RTVSPost2010PropOp47
 70
     1
102
RTVSPost2010Prop48
 90
       50
102
RTVSPost2010PropOp48
 70
     1
102
RTVSPost2010Prop49
280
     0
102
RTVSPost2010PropOp49
 70
     1
102
RTVSPost2010Prop50
 90
       50
102
RTVSPost2010PropOp50
 70
     1
102
RTVSPost2010Prop51ColorIndex
 90
      256
102
RTVSPost2010Prop51ColorRGB
 90
-16777216
102
RTVSPost2010PropOp51
 70
     0
102
RTVSPost2010Prop52
140
1.0
102
RTVSPost2010PropOp52
 70
     0
102
RTVSPost2010Prop53
 90
        2
102
RTVSPost2010PropOp53
 70
     1
102
RTVSPost2010Prop54
  1
strokes_ogs.tif
102
RTVSPost2010PropOp54
 70
     1
102
RTVSPost2010Prop55
280
     0
102
RTVSPost2010PropOp55
 70
     1
102
RTVSPost2010Prop56
140
1.0
102
RTVSPost2010PropOp56
 70
     1
102
RTVSPost2010Prop57
140
1.0
102
RTVSPost2010PropOp57
 70
     1
  0
XRECORD
  5
49B
102
{ACAD_REACTORS
330
49A
102
}
330
49A
100
AcDbXrecord
280
     1
102
RTVSPropertyOp0
 70
     1
102
RTVSPropertyOp1
 70
     1
102
RTVSPropertyOp2
 70
     1
102
RTVSPropertyOp3
 70
     1
102
RTVSPropertyOp4
 70
     1
102
RTVSPropertyOp5
 70
     1
102
RTVSPropertyOp6
 70
     1
102
RTVSPropertyOp7
 70
     1
102
RTVSPropertyOp8
 70
     1
102
RTVSPropertyOp9
 70
     1
102
RTVSPropertyOp10
 70
     1
102
RTVSPropertyOp11
 70
     1
102
RTVSPropertyOp12
 70
     1
102
RTVSPropertyOp13
 70
     1
102
RTVSPropertyOp14
 70
     1
102
RTVSPropertyOp15
 70
     1
102
RTVSPropertyOp16
 70
     1
102
RTVSPropertyOp17
 70
     1
102
RTVSPropertyOp18
 70
     1
102
RTVSPropertyOp19
 70
     1
102
RTVSPropertyOp20
 70
     1
102
RTVSPropertyOp21
 70
     1
102
RTVSPropertyOp22
 70
     1
102
RTVSPropertyOp23
 70
     1
102
RTVSPropertyOp24
 70
     1
102
RTVSPropertyOp25
 70
     1
102
RTVSPropertyOp26
 70
     1
102
RTVSPropertyOp27
 70
     1
102
RTVSPropertyOp28
 70
     1
102
RTVSPropertyOp29
 70
     1
102
RTVSPropertyOp30
 70
     1
102
RTVSPropertyOp31
 70
     1
102
RTVSPropertyOp32
 70
     1
102
RTVSPropertyOp33
 70
     1
102
RTVSPropertyOp34
 70
     1
102
RTVSPropertyOp35
 70
     1
102
RTVSPropertyOp36
 70
     1
102
RTVSPropertyOp37
 70
     1
102
RTVSPropertyOp38
 70
     1
102
RTVSPropertyOp39
 70
     1
102
RTVSPropertyOp40
 70
     1
102
RTVSPropertyOp41
 70
     1
102
RTVSPropertyOp42
 70
     1
102
RTVSPropertyOp43
 70
     1
102
RTVSPropertyOp44
 70
     1
102
RTVSPropertyOp45
 70
     1
102
RTVSPropertyOp46
 70
     1
102
RTVSPropertyOp47
 70
     1
102
RTVSPropertyOp48
 70
     1
102
RTVSPropertyOp49
 70
     1
102
RTVSPropertyOp50
 70
     1
102
RTVSPropertyOp51
 70
     0
102
RTVSPropertyOp52
 70
     0
102
RTVSPropertyOp53
 70
     1
102
RTVSPropertyOp54
 70
     1
102
RTVSPropertyOp55
 70
     1
102
RTVSPropertyOp56
 70
     1
102
RTVSPropertyOp57
 70
     1
102
RTVSPost2010Prop28
280
     0
102
RTVSPost2010PropOp28
 70
     1
102
RTVSPost2010Prop29
280
     1
102
RTVSPost2010PropOp29
 70
     1
102
RTVSPost2010Prop30
280
     1
102
RTVSPost2010PropOp30
 70
     1
102
RTVSPost2010Prop31
280
     0
102
RTVSPost2010PropOp31
 70
     1
102
RTVSPost2010Prop32
280
     0
102
RTVSPost2010PropOp32
 70
     1
102
RTVSPost2010Prop33
280
     0
102
RTVSPost2010PropOp33
 70
     1
102
RTVSPost2010Prop34
280
     0
102
RTVSPost2010PropOp34
 70
     1
102
RTVSPost2010Prop35
280
     0
102
RTVSPost2010PropOp35
 70
     1
102
RTVSPost2010Prop36
280
     0
102
RTVSPost2010PropOp36
 70
     1
102
RTVSPost2010Prop37
 90
       50
102
RTVSPost2010PropOp37
 70
     1
102
RTVSPost2010Prop38
140
0.0
102
RTVSPost2010PropOp38
 70
     1
102
RTVSPost2010Prop39
140
1.0
102
RTVSPost2010PropOp39
 70
     1
102
RTVSPost2010Prop40
 90
        0
102
RTVSPost2010PropOp40
 70
     1
102
RTVSPost2010Prop41ColorIndex
 90
       18
102
RTVSPost2010Prop41ColorRGB
 90
        0
102
RTVSPost2010PropOp41
 70
     1
102
RTVSPost2010Prop42
 90
       50
102
RTVSPost2010PropOp42
 70
     1
102
RTVSPost2010Prop43
 90
        3
102
RTVSPost2010PropOp43
 70
     1
102
RTVSPost2010Prop44ColorIndex
 90
        5
102
RTVSPost2010Prop44ColorRGB
 90
      255
102
RTVSPost2010PropOp44
 70
     1
102
RTVSPost2010Prop45
280
     0
102
RTVSPost2010PropOp45
 70
     1
102
RTVSPost2010Prop46
 90
       50
102
RTVSPost2010PropOp46
 70
     1
102
RTVSPost2010Prop47
 90
       50
102
RTVSPost2010PropOp47
 70
     1
102
RTVSPost2010Prop48
 90
       50
102
RTVSPost2010PropOp48
 70
     1
102
RTVSPost2010Prop49
280
     0
102
RTVSPost2010PropOp49
 70
     1
102
RTVSPost2010Prop50
 90
       50
102
RTVSPost2010PropOp50
 70
     1
102
RTVSPost2010Prop51ColorIndex
 90
      256
102
RTVSPost2010Prop51ColorRGB
 90
-16777216
102
RTVSPost2010PropOp51
 70
     0
102
RTVSPost2010Prop52
140
1.0
102
RTVSPost2010PropOp52
 70
     0
102
RTVSPost2010Prop53
 90
        2
102
RTVSPost2010PropOp53
 70
     1
102
RTVSPost2010Prop54
  1
strokes_ogs.tif
102
RTVSPost2010PropOp54
 70
     1
102
RTVSPost2010Prop55
280
     0
102
RTVSPost2010PropOp55
 70
     1
102
RTVSPost2010Prop56
140
1.0
102
RTVSPost2010PropOp56
 70
     1
102
RTVSPost2010Prop57
140
1.0
102
RTVSPost2010PropOp57
 70
     1
  0
XRECORD
  5
49D
102
{ACAD_REACTORS
330
49C
102
}
330
49C
100
AcDbXrecord
280
     1
102
RTVSPropertyOp0
 70
     0
102
RTVSPropertyOp1
 70
     0
102
RTVSPropertyOp2
 70
     0
102
RTVSPropertyOp3
 70
     0
102
RTVSPropertyOp4
 70
     0
102
RTVSPropertyOp5
 70
     0
102
RTVSPropertyOp6
 70
     0
102
RTVSPropertyOp7
 70
     0
102
RTVSPropertyOp8
 70
     0
102
RTVSPropertyOp9
 70
     0
102
RTVSPropertyOp10
 70
     0
102
RTVSPropertyOp11
 70
     0
102
RTVSPropertyOp12
 70
     0
102
RTVSPropertyOp13
 70
     0
102
RTVSPropertyOp14
 70
     2
102
RTVSPropertyOp15
 70
     0
102
RTVSPropertyOp16
 70
     0
102
RTVSPropertyOp17
 70
     0
102
RTVSPropertyOp18
 70
     0
102
RTVSPropertyOp19
 70
     0
102
RTVSPropertyOp20
 70
     0
102
RTVSPropertyOp21
 70
     0
102
RTVSPropertyOp22
 70
     0
102
RTVSPropertyOp23
 70
     0
102
RTVSPropertyOp24
 70
     0
102
RTVSPropertyOp25
 70
     0
102
RTVSPropertyOp26
 70
     0
102
RTVSPropertyOp27
 70
     0
102
RTVSPropertyOp28
 70
     0
102
RTVSPropertyOp29
 70
     0
102
RTVSPropertyOp30
 70
     0
102
RTVSPropertyOp31
 70
     0
102
RTVSPropertyOp32
 70
     0
102
RTVSPropertyOp33
 70
     0
102
RTVSPropertyOp34
 70
     0
102
RTVSPropertyOp35
 70
     0
102
RTVSPropertyOp36
 70
     0
102
RTVSPropertyOp37
 70
     0
102
RTVSPropertyOp38
 70
     0
102
RTVSPropertyOp39
 70
     0
102
RTVSPropertyOp40
 70
     0
102
RTVSPropertyOp41
 70
     0
102
RTVSPropertyOp42
 70
     0
102
RTVSPropertyOp43
 70
     0
102
RTVSPropertyOp44
 70
     0
102
RTVSPropertyOp45
 70
     0
102
RTVSPropertyOp46
 70
     0
102
RTVSPropertyOp47
 70
     0
102
RTVSPropertyOp48
 70
     0
102
RTVSPropertyOp49
 70
     0
102
RTVSPropertyOp50
 70
     0
102
RTVSPropertyOp51
 70
     0
102
RTVSPropertyOp52
 70
     0
102
RTVSPropertyOp53
 70
     0
102
RTVSPropertyOp54
 70
     0
102
RTVSPropertyOp55
 70
     0
102
RTVSPropertyOp56
 70
     0
102
RTVSPropertyOp57
 70
     0
102
RTVSPost2010Prop28
280
     0
102
RTVSPost2010PropOp28
 70
     0
102
RTVSPost2010Prop29
280
     1
102
RTVSPost2010PropOp29
 70
     0
102
RTVSPost2010Prop30
280
     1
102
RTVSPost2010PropOp30
 70
     0
102
RTVSPost2010Prop31
280
     0
102
RTVSPost2010PropOp31
 70
     0
102
RTVSPost2010Prop32
280
     0
102
RTVSPost2010PropOp32
 70
     0
102
RTVSPost2010Prop33
280
     0
102
RTVSPost2010PropOp33
 70
     0
102
RTVSPost2010Prop34
280
     0
102
RTVSPost2010PropOp34
 70
     0
102
RTVSPost2010Prop35
280
     0
102
RTVSPost2010PropOp35
 70
     0
102
RTVSPost2010Prop36
280
     0
102
RTVSPost2010PropOp36
 70
     0
102
RTVSPost2010Prop37
 90
       50
102
RTVSPost2010PropOp37
 70
     0
102
RTVSPost2010Prop38
140
0.0
102
RTVSPost2010PropOp38
 70
     0
102
RTVSPost2010Prop39
140
1.0
102
RTVSPost2010PropOp39
 70
     0
102
RTVSPost2010Prop40
 90
        0
102
RTVSPost2010PropOp40
 70
     0
102
RTVSPost2010Prop41ColorIndex
 90
       18
102
RTVSPost2010Prop41ColorRGB
 90
        0
102
RTVSPost2010PropOp41
 70
     0
102
RTVSPost2010Prop42
 90
       50
102
RTVSPost2010PropOp42
 70
     0
102
RTVSPost2010Prop43
 90
        3
102
RTVSPost2010PropOp43
 70
     0
102
RTVSPost2010Prop44ColorIndex
 90
        5
102
RTVSPost2010Prop44ColorRGB
 90
      255
102
RTVSPost2010PropOp44
 70
     0
102
RTVSPost2010Prop45
280
     0
102
RTVSPost2010PropOp45
 70
     0
102
RTVSPost2010Prop46
 90
       50
102
RTVSPost2010PropOp46
 70
     0
102
RTVSPost2010Prop47
 90
       50
102
RTVSPost2010PropOp47
 70
     0
102
RTVSPost2010Prop48
 90
       50
102
RTVSPost2010PropOp48
 70
     0
102
RTVSPost2010Prop49
280
     0
102
RTVSPost2010PropOp49
 70
     0
102
RTVSPost2010Prop50
 90
       50
102
RTVSPost2010PropOp50
 70
     0
102
RTVSPost2010Prop51ColorIndex
 90
      256
102
RTVSPost2010Prop51ColorRGB
 90
-16777216
102
RTVSPost2010PropOp51
 70
     0
102
RTVSPost2010Prop52
140
1.0
102
RTVSPost2010PropOp52
 70
     0
102
RTVSPost2010Prop53
 90
        2
102
RTVSPost2010PropOp53
 70
     0
102
RTVSPost2010Prop54
  1
strokes_ogs.tif
102
RTVSPost2010PropOp54
 70
     0
102
RTVSPost2010Prop55
280
     0
102
RTVSPost2010PropOp55
 70
     0
102
RTVSPost2010Prop56
140
1.0
102
RTVSPost2010PropOp56
 70
     0
102
RTVSPost2010Prop57
140
1.0
102
RTVSPost2010PropOp57
 70
     0
  0
XRECORD
  5
49F
102
{ACAD_REACTORS
330
49E
102
}
330
49E
100
AcDbXrecord
280
     1
102
RTVSPropertyOp0
 70
     1
102
RTVSPropertyOp1
 70
     1
102
RTVSPropertyOp2
 70
     1
102
RTVSPropertyOp3
 70
     1
102
RTVSPropertyOp4
 70
     1
102
RTVSPropertyOp5
 70
     1
102
RTVSPropertyOp6
 70
     1
102
RTVSPropertyOp7
 70
     1
102
RTVSPropertyOp8
 70
     1
102
RTVSPropertyOp9
 70
     1
102
RTVSPropertyOp10
 70
     1
102
RTVSPropertyOp11
 70
     1
102
RTVSPropertyOp12
 70
     1
102
RTVSPropertyOp13
 70
     1
102
RTVSPropertyOp14
 70
     1
102
RTVSPropertyOp15
 70
     1
102
RTVSPropertyOp16
 70
     1
102
RTVSPropertyOp17
 70
     1
102
RTVSPropertyOp18
 70
     1
102
RTVSPropertyOp19
 70
     1
102
RTVSPropertyOp20
 70
     1
102
RTVSPropertyOp21
 70
     1
102
RTVSPropertyOp22
 70
     1
102
RTVSPropertyOp23
 70
     1
102
RTVSPropertyOp24
 70
     1
102
RTVSPropertyOp25
 70
     1
102
RTVSPropertyOp26
 70
     1
102
RTVSPropertyOp27
 70
     1
102
RTVSPropertyOp28
 70
     1
102
RTVSPropertyOp29
 70
     1
102
RTVSPropertyOp30
 70
     1
102
RTVSPropertyOp31
 70
     1
102
RTVSPropertyOp32
 70
     1
102
RTVSPropertyOp33
 70
     1
102
RTVSPropertyOp34
 70
     1
102
RTVSPropertyOp35
 70
     1
102
RTVSPropertyOp36
 70
     1
102
RTVSPropertyOp37
 70
     1
102
RTVSPropertyOp38
 70
     1
102
RTVSPropertyOp39
 70
     1
102
RTVSPropertyOp40
 70
     1
102
RTVSPropertyOp41
 70
     1
102
RTVSPropertyOp42
 70
     1
102
RTVSPropertyOp43
 70
     1
102
RTVSPropertyOp44
 70
     1
102
RTVSPropertyOp45
 70
     1
102
RTVSPropertyOp46
 70
     1
102
RTVSPropertyOp47
 70
     1
102
RTVSPropertyOp48
 70
     1
102
RTVSPropertyOp49
 70
     1
102
RTVSPropertyOp50
 70
     1
102
RTVSPropertyOp51
 70
     0
102
RTVSPropertyOp52
 70
     0
102
RTVSPropertyOp53
 70
     1
102
RTVSPropertyOp54
 70
     1
102
RTVSPropertyOp55
 70
     1
102
RTVSPropertyOp56
 70
     1
102
RTVSPropertyOp57
 70
     1
102
RTVSPost2010Prop28
280
     0
102
RTVSPost2010PropOp28
 70
     1
102
RTVSPost2010Prop29
280
     1
102
RTVSPost2010PropOp29
 70
     1
102
RTVSPost2010Prop30
280
     1
102
RTVSPost2010PropOp30
 70
     1
102
RTVSPost2010Prop31
280
     0
102
RTVSPost2010PropOp31
 70
     1
102
RTVSPost2010Prop32
280
     0
102
RTVSPost2010PropOp32
 70
     1
102
RTVSPost2010Prop33
280
     0
102
RTVSPost2010PropOp33
 70
     1
102
RTVSPost2010Prop34
280
     0
102
RTVSPost2010PropOp34
 70
     1
102
RTVSPost2010Prop35
280
     0
102
RTVSPost2010PropOp35
 70
     1
102
RTVSPost2010Prop36
280
     0
102
RTVSPost2010PropOp36
 70
     1
102
RTVSPost2010Prop37
 90
       50
102
RTVSPost2010PropOp37
 70
     1
102
RTVSPost2010Prop38
140
0.0
102
RTVSPost2010PropOp38
 70
     1
102
RTVSPost2010Prop39
140
1.0
102
RTVSPost2010PropOp39
 70
     1
102
RTVSPost2010Prop40
 90
        0
102
RTVSPost2010PropOp40
 70
     1
102
RTVSPost2010Prop41ColorIndex
 90
       18
102
RTVSPost2010Prop41ColorRGB
 90
        0
102
RTVSPost2010PropOp41
 70
     1
102
RTVSPost2010Prop42
 90
       50
102
RTVSPost2010PropOp42
 70
     1
102
RTVSPost2010Prop43
 90
        3
102
RTVSPost2010PropOp43
 70
     1
102
RTVSPost2010Prop44ColorIndex
 90
        5
102
RTVSPost2010Prop44ColorRGB
 90
      255
102
RTVSPost2010PropOp44
 70
     1
102
RTVSPost2010Prop45
280
     0
102
RTVSPost2010PropOp45
 70
     1
102
RTVSPost2010Prop46
 90
       50
102
RTVSPost2010PropOp46
 70
     1
102
RTVSPost2010Prop47
 90
       50
102
RTVSPost2010PropOp47
 70
     1
102
RTVSPost2010Prop48
 90
       50
102
RTVSPost2010PropOp48
 70
     1
102
RTVSPost2010Prop49
280
     0
102
RTVSPost2010PropOp49
 70
     1
102
RTVSPost2010Prop50
 90
       50
102
RTVSPost2010PropOp50
 70
     1
102
RTVSPost2010Prop51ColorIndex
 90
      256
102
RTVSPost2010Prop51ColorRGB
 90
-16777216
102
RTVSPost2010PropOp51
 70
     0
102
RTVSPost2010Prop52
140
1.0
102
RTVSPost2010PropOp52
 70
     0
102
RTVSPost2010Prop53
 90
        2
102
RTVSPost2010PropOp53
 70
     1
102
RTVSPost2010Prop54
  1
strokes_ogs.tif
102
RTVSPost2010PropOp54
 70
     1
102
RTVSPost2010Prop55
280
     0
102
RTVSPost2010PropOp55
 70
     1
102
RTVSPost2010Prop56
140
1.0
102
RTVSPost2010PropOp56
 70
     1
102
RTVSPost2010Prop57
140
1.0
102
RTVSPost2010PropOp57
 70
     1
  0
XRECORD
  5
4A1
102
{ACAD_REACTORS
330
4A0
102
}
330
4A0
100
AcDbXrecord
280
     1
102
RTVSPropertyOp0
 70
     1
102
RTVSPropertyOp1
 70
     1
102
RTVSPropertyOp2
 70
     1
102
RTVSPropertyOp3
 70
     1
102
RTVSPropertyOp4
 70
     1
102
RTVSPropertyOp5
 70
     1
102
RTVSPropertyOp6
 70
     1
102
RTVSPropertyOp7
 70
     1
102
RTVSPropertyOp8
 70
     1
102
RTVSPropertyOp9
 70
     1
102
RTVSPropertyOp10
 70
     1
102
RTVSPropertyOp11
 70
     1
102
RTVSPropertyOp12
 70
     1
102
RTVSPropertyOp13
 70
     1
102
RTVSPropertyOp14
 70
     1
102
RTVSPropertyOp15
 70
     1
102
RTVSPropertyOp16
 70
     1
102
RTVSPropertyOp17
 70
     1
102
RTVSPropertyOp18
 70
     1
102
RTVSPropertyOp19
 70
     1
102
RTVSPropertyOp20
 70
     1
102
RTVSPropertyOp21
 70
     1
102
RTVSPropertyOp22
 70
     1
102
RTVSPropertyOp23
 70
     1
102
RTVSPropertyOp24
 70
     1
102
RTVSPropertyOp25
 70
     1
102
RTVSPropertyOp26
 70
     1
102
RTVSPropertyOp27
 70
     1
102
RTVSPropertyOp28
 70
     1
102
RTVSPropertyOp29
 70
     1
102
RTVSPropertyOp30
 70
     1
102
RTVSPropertyOp31
 70
     1
102
RTVSPropertyOp32
 70
     1
102
RTVSPropertyOp33
 70
     1
102
RTVSPropertyOp34
 70
     1
102
RTVSPropertyOp35
 70
     1
102
RTVSPropertyOp36
 70
     1
102
RTVSPropertyOp37
 70
     1
102
RTVSPropertyOp38
 70
     1
102
RTVSPropertyOp39
 70
     1
102
RTVSPropertyOp40
 70
     1
102
RTVSPropertyOp41
 70
     1
102
RTVSPropertyOp42
 70
     1
102
RTVSPropertyOp43
 70
     1
102
RTVSPropertyOp44
 70
     1
102
RTVSPropertyOp45
 70
     1
102
RTVSPropertyOp46
 70
     1
102
RTVSPropertyOp47
 70
     1
102
RTVSPropertyOp48
 70
     1
102
RTVSPropertyOp49
 70
     1
102
RTVSPropertyOp50
 70
     1
102
RTVSPropertyOp51
 70
     0
102
RTVSPropertyOp52
 70
     0
102
RTVSPropertyOp53
 70
     1
102
RTVSPropertyOp54
 70
     1
102
RTVSPropertyOp55
 70
     1
102
RTVSPropertyOp56
 70
     1
102
RTVSPropertyOp57
 70
     1
102
RTVSPost2010Prop28
280
     0
102
RTVSPost2010PropOp28
 70
     1
102
RTVSPost2010Prop29
280
     1
102
RTVSPost2010PropOp29
 70
     1
102
RTVSPost2010Prop30
280
     1
102
RTVSPost2010PropOp30
 70
     1
102
RTVSPost2010Prop31
280
     0
102
RTVSPost2010PropOp31
 70
     1
102
RTVSPost2010Prop32
280
     0
102
RTVSPost2010PropOp32
 70
     1
102
RTVSPost2010Prop33
280
     0
102
RTVSPost2010PropOp33
 70
     1
102
RTVSPost2010Prop34
280
     0
102
RTVSPost2010PropOp34
 70
     1
102
RTVSPost2010Prop35
280
     0
102
RTVSPost2010PropOp35
 70
     1
102
RTVSPost2010Prop36
280
     0
102
RTVSPost2010PropOp36
 70
     1
102
RTVSPost2010Prop37
 90
       50
102
RTVSPost2010PropOp37
 70
     1
102
RTVSPost2010Prop38
140
0.0
102
RTVSPost2010PropOp38
 70
     1
102
RTVSPost2010Prop39
140
1.0
102
RTVSPost2010PropOp39
 70
     1
102
RTVSPost2010Prop40
 90
        0
102
RTVSPost2010PropOp40
 70
     1
102
RTVSPost2010Prop41ColorIndex
 90
       18
102
RTVSPost2010Prop41ColorRGB
 90
        0
102
RTVSPost2010PropOp41
 70
     1
102
RTVSPost2010Prop42
 90
       50
102
RTVSPost2010PropOp42
 70
     1
102
RTVSPost2010Prop43
 90
        3
102
RTVSPost2010PropOp43
 70
     1
102
RTVSPost2010Prop44ColorIndex
 90
        5
102
RTVSPost2010Prop44ColorRGB
 90
      255
102
RTVSPost2010PropOp44
 70
     1
102
RTVSPost2010Prop45
280
     0
102
RTVSPost2010PropOp45
 70
     1
102
RTVSPost2010Prop46
 90
       50
102
RTVSPost2010PropOp46
 70
     1
102
RTVSPost2010Prop47
 90
       50
102
RTVSPost2010PropOp47
 70
     1
102
RTVSPost2010Prop48
 90
       50
102
RTVSPost2010PropOp48
 70
     1
102
RTVSPost2010Prop49
280
     0
102
RTVSPost2010PropOp49
 70
     1
102
RTVSPost2010Prop50
 90
       50
102
RTVSPost2010PropOp50
 70
     1
102
RTVSPost2010Prop51ColorIndex
 90
      256
102
RTVSPost2010Prop51ColorRGB
 90
-16777216
102
RTVSPost2010PropOp51
 70
     0
102
RTVSPost2010Prop52
140
1.0
102
RTVSPost2010PropOp52
 70
     0
102
RTVSPost2010Prop53
 90
        2
102
RTVSPost2010PropOp53
 70
     1
102
RTVSPost2010Prop54
  1
strokes_ogs.tif
102
RTVSPost2010PropOp54
 70
     1
102
RTVSPost2010Prop55
280
     0
102
RTVSPost2010PropOp55
 70
     1
102
RTVSPost2010Prop56
140
1.0
102
RTVSPost2010PropOp56
 70
     1
102
RTVSPost2010Prop57
140
1.0
102
RTVSPost2010PropOp57
 70
     1
  0
XRECORD
  5
4A3
102
{ACAD_REACTORS
330
4A2
102
}
330
4A2
100
AcDbXrecord
280
     1
102
RTVSPropertyOp0
 70
     1
102
RTVSPropertyOp1
 70
     1
102
RTVSPropertyOp2
 70
     1
102
RTVSPropertyOp3
 70
     1
102
RTVSPropertyOp4
 70
     1
102
RTVSPropertyOp5
 70
     1
102
RTVSPropertyOp6
 70
     1
102
RTVSPropertyOp7
 70
     1
102
RTVSPropertyOp8
 70
     1
102
RTVSPropertyOp9
 70
     1
102
RTVSPropertyOp10
 70
     1
102
RTVSPropertyOp11
 70
     1
102
RTVSPropertyOp12
 70
     1
102
RTVSPropertyOp13
 70
     1
102
RTVSPropertyOp14
 70
     1
102
RTVSPropertyOp15
 70
     1
102
RTVSPropertyOp16
 70
     1
102
RTVSPropertyOp17
 70
     1
102
RTVSPropertyOp18
 70
     1
102
RTVSPropertyOp19
 70
     1
102
RTVSPropertyOp20
 70
     1
102
RTVSPropertyOp21
 70
     1
102
RTVSPropertyOp22
 70
     1
102
RTVSPropertyOp23
 70
     1
102
RTVSPropertyOp24
 70
     1
102
RTVSPropertyOp25
 70
     1
102
RTVSPropertyOp26
 70
     1
102
RTVSPropertyOp27
 70
     1
102
RTVSPropertyOp28
 70
     1
102
RTVSPropertyOp29
 70
     1
102
RTVSPropertyOp30
 70
     1
102
RTVSPropertyOp31
 70
     1
102
RTVSPropertyOp32
 70
     1
102
RTVSPropertyOp33
 70
     1
102
RTVSPropertyOp34
 70
     1
102
RTVSPropertyOp35
 70
     1
102
RTVSPropertyOp36
 70
     1
102
RTVSPropertyOp37
 70
     1
102
RTVSPropertyOp38
 70
     1
102
RTVSPropertyOp39
 70
     1
102
RTVSPropertyOp40
 70
     1
102
RTVSPropertyOp41
 70
     1
102
RTVSPropertyOp42
 70
     1
102
RTVSPropertyOp43
 70
     1
102
RTVSPropertyOp44
 70
     1
102
RTVSPropertyOp45
 70
     1
102
RTVSPropertyOp46
 70
     1
102
RTVSPropertyOp47
 70
     1
102
RTVSPropertyOp48
 70
     1
102
RTVSPropertyOp49
 70
     1
102
RTVSPropertyOp50
 70
     1
102
RTVSPropertyOp51
 70
     0
102
RTVSPropertyOp52
 70
     0
102
RTVSPropertyOp53
 70
     1
102
RTVSPropertyOp54
 70
     1
102
RTVSPropertyOp55
 70
     1
102
RTVSPropertyOp56
 70
     1
102
RTVSPropertyOp57
 70
     1
102
RTVSPost2010Prop28
280
     0
102
RTVSPost2010PropOp28
 70
     1
102
RTVSPost2010Prop29
280
     1
102
RTVSPost2010PropOp29
 70
     1
102
RTVSPost2010Prop30
280
     1
102
RTVSPost2010PropOp30
 70
     1
102
RTVSPost2010Prop31
280
     0
102
RTVSPost2010PropOp31
 70
     1
102
RTVSPost2010Prop32
280
     0
102
RTVSPost2010PropOp32
 70
     1
102
RTVSPost2010Prop33
280
     0
102
RTVSPost2010PropOp33
 70
     1
102
RTVSPost2010Prop34
280
     0
102
RTVSPost2010PropOp34
 70
     1
102
RTVSPost2010Prop35
280
     0
102
RTVSPost2010PropOp35
 70
     1
102
RTVSPost2010Prop36
280
     0
102
RTVSPost2010PropOp36
 70
     1
102
RTVSPost2010Prop37
 90
       50
102
RTVSPost2010PropOp37
 70
     1
102
RTVSPost2010Prop38
140
0.0
102
RTVSPost2010PropOp38
 70
     1
102
RTVSPost2010Prop39
140
1.0
102
RTVSPost2010PropOp39
 70
     1
102
RTVSPost2010Prop40
 90
        0
102
RTVSPost2010PropOp40
 70
     1
102
RTVSPost2010Prop41ColorIndex
 90
       18
102
RTVSPost2010Prop41ColorRGB
 90
        0
102
RTVSPost2010PropOp41
 70
     1
102
RTVSPost2010Prop42
 90
       50
102
RTVSPost2010PropOp42
 70
     1
102
RTVSPost2010Prop43
 90
        3
102
RTVSPost2010PropOp43
 70
     1
102
RTVSPost2010Prop44ColorIndex
 90
        5
102
RTVSPost2010Prop44ColorRGB
 90
      255
102
RTVSPost2010PropOp44
 70
     1
102
RTVSPost2010Prop45
280
     0
102
RTVSPost2010PropOp45
 70
     1
102
RTVSPost2010Prop46
 90
       50
102
RTVSPost2010PropOp46
 70
     1
102
RTVSPost2010Prop47
 90
       50
102
RTVSPost2010PropOp47
 70
     1
102
RTVSPost2010Prop48
 90
       50
102
RTVSPost2010PropOp48
 70
     1
102
RTVSPost2010Prop49
280
     0
102
RTVSPost2010PropOp49
 70
     1
102
RTVSPost2010Prop50
 90
       50
102
RTVSPost2010PropOp50
 70
     1
102
RTVSPost2010Prop51ColorIndex
 90
      256
102
RTVSPost2010Prop51ColorRGB
 90
-16777216
102
RTVSPost2010PropOp51
 70
     0
102
RTVSPost2010Prop52
140
1.0
102
RTVSPost2010PropOp52
 70
     0
102
RTVSPost2010Prop53
 90
        2
102
RTVSPost2010PropOp53
 70
     1
102
RTVSPost2010Prop54
  1
strokes_ogs.tif
102
RTVSPost2010PropOp54
 70
     1
102
RTVSPost2010Prop55
280
     0
102
RTVSPost2010PropOp55
 70
     1
102
RTVSPost2010Prop56
140
1.0
102
RTVSPost2010PropOp56
 70
     1
102
RTVSPost2010Prop57
140
1.0
102
RTVSPost2010PropOp57
 70
     1
  0
XRECORD
  5
4A5
102
{ACAD_REACTORS
330
4A4
102
}
330
4A4
100
AcDbXrecord
280
     1
102
RTVSPropertyOp0
 70
     1
102
RTVSPropertyOp1
 70
     1
102
RTVSPropertyOp2
 70
     1
102
RTVSPropertyOp3
 70
     1
102
RTVSPropertyOp4
 70
     1
102
RTVSPropertyOp5
 70
     1
102
RTVSPropertyOp6
 70
     1
102
RTVSPropertyOp7
 70
     1
102
RTVSPropertyOp8
 70
     1
102
RTVSPropertyOp9
 70
     1
102
RTVSPropertyOp10
 70
     1
102
RTVSPropertyOp11
 70
     1
102
RTVSPropertyOp12
 70
     1
102
RTVSPropertyOp13
 70
     1
102
RTVSPropertyOp14
 70
     1
102
RTVSPropertyOp15
 70
     1
102
RTVSPropertyOp16
 70
     1
102
RTVSPropertyOp17
 70
     1
102
RTVSPropertyOp18
 70
     1
102
RTVSPropertyOp19
 70
     1
102
RTVSPropertyOp20
 70
     1
102
RTVSPropertyOp21
 70
     1
102
RTVSPropertyOp22
 70
     1
102
RTVSPropertyOp23
 70
     1
102
RTVSPropertyOp24
 70
     1
102
RTVSPropertyOp25
 70
     1
102
RTVSPropertyOp26
 70
     1
102
RTVSPropertyOp27
 70
     1
102
RTVSPropertyOp28
 70
     1
102
RTVSPropertyOp29
 70
     1
102
RTVSPropertyOp30
 70
     1
102
RTVSPropertyOp31
 70
     1
102
RTVSPropertyOp32
 70
     1
102
RTVSPropertyOp33
 70
     1
102
RTVSPropertyOp34
 70
     1
102
RTVSPropertyOp35
 70
     1
102
RTVSPropertyOp36
 70
     1
102
RTVSPropertyOp37
 70
     1
102
RTVSPropertyOp38
 70
     1
102
RTVSPropertyOp39
 70
     1
102
RTVSPropertyOp40
 70
     1
102
RTVSPropertyOp41
 70
     1
102
RTVSPropertyOp42
 70
     1
102
RTVSPropertyOp43
 70
     1
102
RTVSPropertyOp44
 70
     1
102
RTVSPropertyOp45
 70
     1
102
RTVSPropertyOp46
 70
     1
102
RTVSPropertyOp47
 70
     1
102
RTVSPropertyOp48
 70
     1
102
RTVSPropertyOp49
 70
     1
102
RTVSPropertyOp50
 70
     1
102
RTVSPropertyOp51
 70
     0
102
RTVSPropertyOp52
 70
     0
102
RTVSPropertyOp53
 70
     1
102
RTVSPropertyOp54
 70
     1
102
RTVSPropertyOp55
 70
     1
102
RTVSPropertyOp56
 70
     1
102
RTVSPropertyOp57
 70
     1
102
RTVSPost2010Prop28
280
     0
102
RTVSPost2010PropOp28
 70
     1
102
RTVSPost2010Prop29
280
     1
102
RTVSPost2010PropOp29
 70
     1
102
RTVSPost2010Prop30
280
     1
102
RTVSPost2010PropOp30
 70
     1
102
RTVSPost2010Prop31
280
     0
102
RTVSPost2010PropOp31
 70
     1
102
RTVSPost2010Prop32
280
     0
102
RTVSPost2010PropOp32
 70
     1
102
RTVSPost2010Prop33
280
     0
102
RTVSPost2010PropOp33
 70
     1
102
RTVSPost2010Prop34
280
     0
102
RTVSPost2010PropOp34
 70
     1
102
RTVSPost2010Prop35
280
     0
102
RTVSPost2010PropOp35
 70
     1
102
RTVSPost2010Prop36
280
     0
102
RTVSPost2010PropOp36
 70
     1
102
RTVSPost2010Prop37
 90
       50
102
RTVSPost2010PropOp37
 70
     1
102
RTVSPost2010Prop38
140
0.0
102
RTVSPost2010PropOp38
 70
     1
102
RTVSPost2010Prop39
140
1.0
102
RTVSPost2010PropOp39
 70
     1
102
RTVSPost2010Prop40
 90
        0
102
RTVSPost2010PropOp40
 70
     1
102
RTVSPost2010Prop41ColorIndex
 90
       18
102
RTVSPost2010Prop41ColorRGB
 90
        0
102
RTVSPost2010PropOp41
 70
     1
102
RTVSPost2010Prop42
 90
       50
102
RTVSPost2010PropOp42
 70
     1
102
RTVSPost2010Prop43
 90
        3
102
RTVSPost2010PropOp43
 70
     1
102
RTVSPost2010Prop44ColorIndex
 90
        5
102
RTVSPost2010Prop44ColorRGB
 90
      255
102
RTVSPost2010PropOp44
 70
     1
102
RTVSPost2010Prop45
280
     0
102
RTVSPost2010PropOp45
 70
     1
102
RTVSPost2010Prop46
 90
       50
102
RTVSPost2010PropOp46
 70
     1
102
RTVSPost2010Prop47
 90
       50
102
RTVSPost2010PropOp47
 70
     1
102
RTVSPost2010Prop48
 90
       50
102
RTVSPost2010PropOp48
 70
     1
102
RTVSPost2010Prop49
280
     0
102
RTVSPost2010PropOp49
 70
     1
102
RTVSPost2010Prop50
 90
       50
102
RTVSPost2010PropOp50
 70
     1
102
RTVSPost2010Prop51ColorIndex
 90
      256
102
RTVSPost2010Prop51ColorRGB
 90
-16777216
102
RTVSPost2010PropOp51
 70
     0
102
RTVSPost2010Prop52
140
1.0
102
RTVSPost2010PropOp52
 70
     0
102
RTVSPost2010Prop53
 90
        2
102
RTVSPost2010PropOp53
 70
     1
102
RTVSPost2010Prop54
  1
strokes_ogs.tif
102
RTVSPost2010PropOp54
 70
     1
102
RTVSPost2010Prop55
280
     0
102
RTVSPost2010PropOp55
 70
     1
102
RTVSPost2010Prop56
140
1.0
102
RTVSPost2010PropOp56
 70
     1
102
RTVSPost2010Prop57
140
1.0
102
RTVSPost2010PropOp57
 70
     1
  0
XRECORD
  5
4A7
102
{ACAD_REACTORS
330
4A6
102
}
330
4A6
100
AcDbXrecord
280
     1
102
RTVSPropertyOp0
 70
     1
102
RTVSPropertyOp1
 70
     1
102
RTVSPropertyOp2
 70
     1
102
RTVSPropertyOp3
 70
     1
102
RTVSPropertyOp4
 70
     1
102
RTVSPropertyOp5
 70
     1
102
RTVSPropertyOp6
 70
     1
102
RTVSPropertyOp7
 70
     1
102
RTVSPropertyOp8
 70
     1
102
RTVSPropertyOp9
 70
     1
102
RTVSPropertyOp10
 70
     1
102
RTVSPropertyOp11
 70
     1
102
RTVSPropertyOp12
 70
     1
102
RTVSPropertyOp13
 70
     1
102
RTVSPropertyOp14
 70
     1
102
RTVSPropertyOp15
 70
     1
102
RTVSPropertyOp16
 70
     1
102
RTVSPropertyOp17
 70
     1
102
RTVSPropertyOp18
 70
     1
102
RTVSPropertyOp19
 70
     1
102
RTVSPropertyOp20
 70
     1
102
RTVSPropertyOp21
 70
     1
102
RTVSPropertyOp22
 70
     1
102
RTVSPropertyOp23
 70
     1
102
RTVSPropertyOp24
 70
     1
102
RTVSPropertyOp25
 70
     1
102
RTVSPropertyOp26
 70
     1
102
RTVSPropertyOp27
 70
     1
102
RTVSPropertyOp28
 70
     1
102
RTVSPropertyOp29
 70
     1
102
RTVSPropertyOp30
 70
     1
102
RTVSPropertyOp31
 70
     1
102
RTVSPropertyOp32
 70
     1
102
RTVSPropertyOp33
 70
     1
102
RTVSPropertyOp34
 70
     1
102
RTVSPropertyOp35
 70
     1
102
RTVSPropertyOp36
 70
     1
102
RTVSPropertyOp37
 70
     1
102
RTVSPropertyOp38
 70
     1
102
RTVSPropertyOp39
 70
     1
102
RTVSPropertyOp40
 70
     1
102
RTVSPropertyOp41
 70
     1
102
RTVSPropertyOp42
 70
     1
102
RTVSPropertyOp43
 70
     1
102
RTVSPropertyOp44
 70
     1
102
RTVSPropertyOp45
 70
     1
102
RTVSPropertyOp46
 70
     1
102
RTVSPropertyOp47
 70
     1
102
RTVSPropertyOp48
 70
     1
102
RTVSPropertyOp49
 70
     1
102
RTVSPropertyOp50
 70
     1
102
RTVSPropertyOp51
 70
     0
102
RTVSPropertyOp52
 70
     0
102
RTVSPropertyOp53
 70
     1
102
RTVSPropertyOp54
 70
     1
102
RTVSPropertyOp55
 70
     1
102
RTVSPropertyOp56
 70
     1
102
RTVSPropertyOp57
 70
     1
102
RTVSPost2010Prop28
280
     0
102
RTVSPost2010PropOp28
 70
     1
102
RTVSPost2010Prop29
280
     1
102
RTVSPost2010PropOp29
 70
     1
102
RTVSPost2010Prop30
280
     1
102
RTVSPost2010PropOp30
 70
     1
102
RTVSPost2010Prop31
280
     0
102
RTVSPost2010PropOp31
 70
     1
102
RTVSPost2010Prop32
280
     0
102
RTVSPost2010PropOp32
 70
     1
102
RTVSPost2010Prop33
280
     0
102
RTVSPost2010PropOp33
 70
     1
102
RTVSPost2010Prop34
280
     0
102
RTVSPost2010PropOp34
 70
     1
102
RTVSPost2010Prop35
280
     0
102
RTVSPost2010PropOp35
 70
     1
102
RTVSPost2010Prop36
280
     0
102
RTVSPost2010PropOp36
 70
     1
102
RTVSPost2010Prop37
 90
       50
102
RTVSPost2010PropOp37
 70
     1
102
RTVSPost2010Prop38
140
0.0
102
RTVSPost2010PropOp38
 70
     1
102
RTVSPost2010Prop39
140
1.0
102
RTVSPost2010PropOp39
 70
     1
102
RTVSPost2010Prop40
 90
        0
102
RTVSPost2010PropOp40
 70
     1
102
RTVSPost2010Prop41ColorIndex
 90
       18
102
RTVSPost2010Prop41ColorRGB
 90
        0
102
RTVSPost2010PropOp41
 70
     1
102
RTVSPost2010Prop42
 90
       50
102
RTVSPost2010PropOp42
 70
     1
102
RTVSPost2010Prop43
 90
        3
102
RTVSPost2010PropOp43
 70
     1
102
RTVSPost2010Prop44ColorIndex
 90
        5
102
RTVSPost2010Prop44ColorRGB
 90
      255
102
RTVSPost2010PropOp44
 70
     1
102
RTVSPost2010Prop45
280
     0
102
RTVSPost2010PropOp45
 70
     1
102
RTVSPost2010Prop46
 90
       50
102
RTVSPost2010PropOp46
 70
     1
102
RTVSPost2010Prop47
 90
       50
102
RTVSPost2010PropOp47
 70
     1
102
RTVSPost2010Prop48
 90
       50
102
RTVSPost2010PropOp48
 70
     1
102
RTVSPost2010Prop49
280
     0
102
RTVSPost2010PropOp49
 70
     1
102
RTVSPost2010Prop50
 90
       50
102
RTVSPost2010PropOp50
 70
     1
102
RTVSPost2010Prop51ColorIndex
 90
      256
102
RTVSPost2010Prop51ColorRGB
 90
-16777216
102
RTVSPost2010PropOp51
 70
     0
102
RTVSPost2010Prop52
140
1.0
102
RTVSPost2010PropOp52
 70
     0
102
RTVSPost2010Prop53
 90
        2
102
RTVSPost2010PropOp53
 70
     1
102
RTVSPost2010Prop54
  1
strokes_ogs.tif
102
RTVSPost2010PropOp54
 70
     1
102
RTVSPost2010Prop55
280
     0
102
RTVSPost2010PropOp55
 70
     1
102
RTVSPost2010Prop56
140
1.0
102
RTVSPost2010PropOp56
 70
     1
102
RTVSPost2010Prop57
140
1.0
102
RTVSPost2010PropOp57
 70
     1
  0
XRECORD
  5
4A9
102
{ACAD_REACTORS
330
4A8
102
}
330
4A8
100
AcDbXrecord
280
     1
102
RTVSPropertyOp0
 70
     1
102
RTVSPropertyOp1
 70
     1
102
RTVSPropertyOp2
 70
     1
102
RTVSPropertyOp3
 70
     1
102
RTVSPropertyOp4
 70
     1
102
RTVSPropertyOp5
 70
     1
102
RTVSPropertyOp6
 70
     1
102
RTVSPropertyOp7
 70
     1
102
RTVSPropertyOp8
 70
     1
102
RTVSPropertyOp9
 70
     1
102
RTVSPropertyOp10
 70
     1
102
RTVSPropertyOp11
 70
     1
102
RTVSPropertyOp12
 70
     1
102
RTVSPropertyOp13
 70
     1
102
RTVSPropertyOp14
 70
     1
102
RTVSPropertyOp15
 70
     1
102
RTVSPropertyOp16
 70
     1
102
RTVSPropertyOp17
 70
     1
102
RTVSPropertyOp18
 70
     1
102
RTVSPropertyOp19
 70
     1
102
RTVSPropertyOp20
 70
     1
102
RTVSPropertyOp21
 70
     1
102
RTVSPropertyOp22
 70
     1
102
RTVSPropertyOp23
 70
     1
102
RTVSPropertyOp24
 70
     1
102
RTVSPropertyOp25
 70
     1
102
RTVSPropertyOp26
 70
     1
102
RTVSPropertyOp27
 70
     1
102
RTVSPropertyOp28
 70
     1
102
RTVSPropertyOp29
 70
     1
102
RTVSPropertyOp30
 70
     1
102
RTVSPropertyOp31
 70
     1
102
RTVSPropertyOp32
 70
     1
102
RTVSPropertyOp33
 70
     1
102
RTVSPropertyOp34
 70
     1
102
RTVSPropertyOp35
 70
     1
102
RTVSPropertyOp36
 70
     1
102
RTVSPropertyOp37
 70
     1
102
RTVSPropertyOp38
 70
     1
102
RTVSPropertyOp39
 70
     1
102
RTVSPropertyOp40
 70
     1
102
RTVSPropertyOp41
 70
     1
102
RTVSPropertyOp42
 70
     1
102
RTVSPropertyOp43
 70
     1
102
RTVSPropertyOp44
 70
     1
102
RTVSPropertyOp45
 70
     1
102
RTVSPropertyOp46
 70
     1
102
RTVSPropertyOp47
 70
     1
102
RTVSPropertyOp48
 70
     1
102
RTVSPropertyOp49
 70
     1
102
RTVSPropertyOp50
 70
     1
102
RTVSPropertyOp51
 70
     0
102
RTVSPropertyOp52
 70
     0
102
RTVSPropertyOp53
 70
     1
102
RTVSPropertyOp54
 70
     1
102
RTVSPropertyOp55
 70
     1
102
RTVSPropertyOp56
 70
     1
102
RTVSPropertyOp57
 70
     1
102
RTVSPost2010Prop28
280
     0
102
RTVSPost2010PropOp28
 70
     1
102
RTVSPost2010Prop29
280
     1
102
RTVSPost2010PropOp29
 70
     1
102
RTVSPost2010Prop30
280
     1
102
RTVSPost2010PropOp30
 70
     1
102
RTVSPost2010Prop31
280
     0
102
RTVSPost2010PropOp31
 70
     1
102
RTVSPost2010Prop32
280
     0
102
RTVSPost2010PropOp32
 70
     1
102
RTVSPost2010Prop33
280
     0
102
RTVSPost2010PropOp33
 70
     1
102
RTVSPost2010Prop34
280
     0
102
RTVSPost2010PropOp34
 70
     1
102
RTVSPost2010Prop35
280
     0
102
RTVSPost2010PropOp35
 70
     1
102
RTVSPost2010Prop36
280
     0
102
RTVSPost2010PropOp36
 70
     1
102
RTVSPost2010Prop37
 90
       50
102
RTVSPost2010PropOp37
 70
     1
102
RTVSPost2010Prop38
140
0.0
102
RTVSPost2010PropOp38
 70
     1
102
RTVSPost2010Prop39
140
1.0
102
RTVSPost2010PropOp39
 70
     1
102
RTVSPost2010Prop40
 90
        0
102
RTVSPost2010PropOp40
 70
     1
102
RTVSPost2010Prop41ColorIndex
 90
       18
102
RTVSPost2010Prop41ColorRGB
 90
        0
102
RTVSPost2010PropOp41
 70
     1
102
RTVSPost2010Prop42
 90
       50
102
RTVSPost2010PropOp42
 70
     1
102
RTVSPost2010Prop43
 90
        3
102
RTVSPost2010PropOp43
 70
     1
102
RTVSPost2010Prop44ColorIndex
 90
        5
102
RTVSPost2010Prop44ColorRGB
 90
      255
102
RTVSPost2010PropOp44
 70
     1
102
RTVSPost2010Prop45
280
     0
102
RTVSPost2010PropOp45
 70
     1
102
RTVSPost2010Prop46
 90
       50
102
RTVSPost2010PropOp46
 70
     1
102
RTVSPost2010Prop47
 90
       50
102
RTVSPost2010PropOp47
 70
     1
102
RTVSPost2010Prop48
 90
       50
102
RTVSPost2010PropOp48
 70
     1
102
RTVSPost2010Prop49
280
     0
102
RTVSPost2010PropOp49
 70
     1
102
RTVSPost2010Prop50
 90
       50
102
RTVSPost2010PropOp50
 70
     1
102
RTVSPost2010Prop51ColorIndex
 90
      256
102
RTVSPost2010Prop51ColorRGB
 90
-16777216
102
RTVSPost2010PropOp51
 70
     0
102
RTVSPost2010Prop52
140
1.0
102
RTVSPost2010PropOp52
 70
     0
102
RTVSPost2010Prop53
 90
        2
102
RTVSPost2010PropOp53
 70
     1
102
RTVSPost2010Prop54
  1
strokes_ogs.tif
102
RTVSPost2010PropOp54
 70
     1
102
RTVSPost2010Prop55
280
     0
102
RTVSPost2010PropOp55
 70
     1
102
RTVSPost2010Prop56
140
1.0
102
RTVSPost2010PropOp56
 70
     1
102
RTVSPost2010Prop57
140
1.0
102
RTVSPost2010PropOp57
 70
     1
  0
XRECORD
  5
4AB
102
{ACAD_REACTORS
330
4AA
102
}
330
4AA
100
AcDbXrecord
280
     1
102
RTVSPropertyOp0
 70
     0
102
RTVSPropertyOp1
 70
     0
102
RTVSPropertyOp2
 70
     0
102
RTVSPropertyOp3
 70
     0
102
RTVSPropertyOp4
 70
     0
102
RTVSPropertyOp5
 70
     0
102
RTVSPropertyOp6
 70
     0
102
RTVSPropertyOp7
 70
     0
102
RTVSPropertyOp8
 70
     0
102
RTVSPropertyOp9
 70
     0
102
RTVSPropertyOp10
 70
     0
102
RTVSPropertyOp11
 70
     0
102
RTVSPropertyOp12
 70
     0
102
RTVSPropertyOp13
 70
     0
102
RTVSPropertyOp14
 70
     2
102
RTVSPropertyOp15
 70
     0
102
RTVSPropertyOp16
 70
     0
102
RTVSPropertyOp17
 70
     0
102
RTVSPropertyOp18
 70
     0
102
RTVSPropertyOp19
 70
     0
102
RTVSPropertyOp20
 70
     0
102
RTVSPropertyOp21
 70
     0
102
RTVSPropertyOp22
 70
     0
102
RTVSPropertyOp23
 70
     0
102
RTVSPropertyOp24
 70
     0
102
RTVSPropertyOp25
 70
     0
102
RTVSPropertyOp26
 70
     0
102
RTVSPropertyOp27
 70
     0
102
RTVSPropertyOp28
 70
     0
102
RTVSPropertyOp29
 70
     0
102
RTVSPropertyOp30
 70
     0
102
RTVSPropertyOp31
 70
     0
102
RTVSPropertyOp32
 70
     0
102
RTVSPropertyOp33
 70
     0
102
RTVSPropertyOp34
 70
     0
102
RTVSPropertyOp35
 70
     0
102
RTVSPropertyOp36
 70
     0
102
RTVSPropertyOp37
 70
     0
102
RTVSPropertyOp38
 70
     0
102
RTVSPropertyOp39
 70
     0
102
RTVSPropertyOp40
 70
     0
102
RTVSPropertyOp41
 70
     0
102
RTVSPropertyOp42
 70
     0
102
RTVSPropertyOp43
 70
     0
102
RTVSPropertyOp44
 70
     0
102
RTVSPropertyOp45
 70
     0
102
RTVSPropertyOp46
 70
     0
102
RTVSPropertyOp47
 70
     0
102
RTVSPropertyOp48
 70
     0
102
RTVSPropertyOp49
 70
     0
102
RTVSPropertyOp50
 70
     0
102
RTVSPropertyOp51
 70
     0
102
RTVSPropertyOp52
 70
     0
102
RTVSPropertyOp53
 70
     0
102
RTVSPropertyOp54
 70
     0
102
RTVSPropertyOp55
 70
     0
102
RTVSPropertyOp56
 70
     0
102
RTVSPropertyOp57
 70
     0
102
RTVSPost2010Prop28
280
     0
102
RTVSPost2010PropOp28
 70
     0
102
RTVSPost2010Prop29
280
     1
102
RTVSPost2010PropOp29
 70
     0
102
RTVSPost2010Prop30
280
     1
102
RTVSPost2010PropOp30
 70
     0
102
RTVSPost2010Prop31
280
     0
102
RTVSPost2010PropOp31
 70
     0
102
RTVSPost2010Prop32
280
     0
102
RTVSPost2010PropOp32
 70
     0
102
RTVSPost2010Prop33
280
     0
102
RTVSPost2010PropOp33
 70
     0
102
RTVSPost2010Prop34
280
     0
102
RTVSPost2010PropOp34
 70
     0
102
RTVSPost2010Prop35
280
     0
102
RTVSPost2010PropOp35
 70
     0
102
RTVSPost2010Prop36
280
     0
102
RTVSPost2010PropOp36
 70
     0
102
RTVSPost2010Prop37
 90
       50
102
RTVSPost2010PropOp37
 70
     0
102
RTVSPost2010Prop38
140
0.0
102
RTVSPost2010PropOp38
 70
     0
102
RTVSPost2010Prop39
140
1.0
102
RTVSPost2010PropOp39
 70
     0
102
RTVSPost2010Prop40
 90
        0
102
RTVSPost2010PropOp40
 70
     0
102
RTVSPost2010Prop41ColorIndex
 90
       18
102
RTVSPost2010Prop41ColorRGB
 90
        0
102
RTVSPost2010PropOp41
 70
     0
102
RTVSPost2010Prop42
 90
       50
102
RTVSPost2010PropOp42
 70
     0
102
RTVSPost2010Prop43
 90
        3
102
RTVSPost2010PropOp43
 70
     0
102
RTVSPost2010Prop44ColorIndex
 90
        5
102
RTVSPost2010Prop44ColorRGB
 90
      255
102
RTVSPost2010PropOp44
 70
     0
102
RTVSPost2010Prop45
280
     0
102
RTVSPost2010PropOp45
 70
     0
102
RTVSPost2010Prop46
 90
       50
102
RTVSPost2010PropOp46
 70
     0
102
RTVSPost2010Prop47
 90
       50
102
RTVSPost2010PropOp47
 70
     0
102
RTVSPost2010Prop48
 90
       50
102
RTVSPost2010PropOp48
 70
     0
102
RTVSPost2010Prop49
280
     0
102
RTVSPost2010PropOp49
 70
     0
102
RTVSPost2010Prop50
 90
       50
102
RTVSPost2010PropOp50
 70
     0
102
RTVSPost2010Prop51ColorIndex
 90
      256
102
RTVSPost2010Prop51ColorRGB
 90
-16777216
102
RTVSPost2010PropOp51
 70
     0
102
RTVSPost2010Prop52
140
1.0
102
RTVSPost2010PropOp52
 70
     0
102
RTVSPost2010Prop53
 90
        2
102
RTVSPost2010PropOp53
 70
     0
102
RTVSPost2010Prop54
  1
strokes_ogs.tif
102
RTVSPost2010PropOp54
 70
     0
102
RTVSPost2010Prop55
280
     0
102
RTVSPost2010PropOp55
 70
     0
102
RTVSPost2010Prop56
140
1.0
102
RTVSPost2010PropOp56
 70
     0
102
RTVSPost2010Prop57
140
1.0
102
RTVSPost2010PropOp57
 70
     0
  0
XRECORD
  5
4AD
102
{ACAD_REACTORS
330
4AC
102
}
330
4AC
100
AcDbXrecord
280
     1
102
RTVSPropertyOp0
 70
     1
102
RTVSPropertyOp1
 70
     1
102
RTVSPropertyOp2
 70
     1
102
RTVSPropertyOp3
 70
     1
102
RTVSPropertyOp4
 70
     1
102
RTVSPropertyOp5
 70
     1
102
RTVSPropertyOp6
 70
     1
102
RTVSPropertyOp7
 70
     1
102
RTVSPropertyOp8
 70
     1
102
RTVSPropertyOp9
 70
     1
102
RTVSPropertyOp10
 70
     1
102
RTVSPropertyOp11
 70
     1
102
RTVSPropertyOp12
 70
     1
102
RTVSPropertyOp13
 70
     1
102
RTVSPropertyOp14
 70
     1
102
RTVSPropertyOp15
 70
     1
102
RTVSPropertyOp16
 70
     1
102
RTVSPropertyOp17
 70
     1
102
RTVSPropertyOp18
 70
     1
102
RTVSPropertyOp19
 70
     1
102
RTVSPropertyOp20
 70
     1
102
RTVSPropertyOp21
 70
     1
102
RTVSPropertyOp22
 70
     1
102
RTVSPropertyOp23
 70
     1
102
RTVSPropertyOp24
 70
     1
102
RTVSPropertyOp25
 70
     1
102
RTVSPropertyOp26
 70
     1
102
RTVSPropertyOp27
 70
     1
102
RTVSPropertyOp28
 70
     1
102
RTVSPropertyOp29
 70
     1
102
RTVSPropertyOp30
 70
     1
102
RTVSPropertyOp31
 70
     1
102
RTVSPropertyOp32
 70
     1
102
RTVSPropertyOp33
 70
     1
102
RTVSPropertyOp34
 70
     1
102
RTVSPropertyOp35
 70
     1
102
RTVSPropertyOp36
 70
     1
102
RTVSPropertyOp37
 70
     1
102
RTVSPropertyOp38
 70
     1
102
RTVSPropertyOp39
 70
     1
102
RTVSPropertyOp40
 70
     1
102
RTVSPropertyOp41
 70
     1
102
RTVSPropertyOp42
 70
     1
102
RTVSPropertyOp43
 70
     1
102
RTVSPropertyOp44
 70
     1
102
RTVSPropertyOp45
 70
     1
102
RTVSPropertyOp46
 70
     1
102
RTVSPropertyOp47
 70
     1
102
RTVSPropertyOp48
 70
     1
102
RTVSPropertyOp49
 70
     1
102
RTVSPropertyOp50
 70
     1
102
RTVSPropertyOp51
 70
     0
102
RTVSPropertyOp52
 70
     0
102
RTVSPropertyOp53
 70
     1
102
RTVSPropertyOp54
 70
     1
102
RTVSPropertyOp55
 70
     1
102
RTVSPropertyOp56
 70
     1
102
RTVSPropertyOp57
 70
     1
102
RTVSPost2010Prop28
280
     0
102
RTVSPost2010PropOp28
 70
     1
102
RTVSPost2010Prop29
280
     1
102
RTVSPost2010PropOp29
 70
     1
102
RTVSPost2010Prop30
280
     1
102
RTVSPost2010PropOp30
 70
     1
102
RTVSPost2010Prop31
280
     0
102
RTVSPost2010PropOp31
 70
     1
102
RTVSPost2010Prop32
280
     0
102
RTVSPost2010PropOp32
 70
     1
102
RTVSPost2010Prop33
280
     0
102
RTVSPost2010PropOp33
 70
     1
102
RTVSPost2010Prop34
280
     0
102
RTVSPost2010PropOp34
 70
     1
102
RTVSPost2010Prop35
280
     0
102
RTVSPost2010PropOp35
 70
     1
102
RTVSPost2010Prop36
280
     0
102
RTVSPost2010PropOp36
 70
     1
102
RTVSPost2010Prop37
 90
       50
102
RTVSPost2010PropOp37
 70
     1
102
RTVSPost2010Prop38
140
0.0
102
RTVSPost2010PropOp38
 70
     1
102
RTVSPost2010Prop39
140
1.0
102
RTVSPost2010PropOp39
 70
     1
102
RTVSPost2010Prop40
 90
        0
102
RTVSPost2010PropOp40
 70
     1
102
RTVSPost2010Prop41ColorIndex
 90
       18
102
RTVSPost2010Prop41ColorRGB
 90
        0
102
RTVSPost2010PropOp41
 70
     1
102
RTVSPost2010Prop42
 90
       50
102
RTVSPost2010PropOp42
 70
     1
102
RTVSPost2010Prop43
 90
        3
102
RTVSPost2010PropOp43
 70
     1
102
RTVSPost2010Prop44ColorIndex
 90
        5
102
RTVSPost2010Prop44ColorRGB
 90
      255
102
RTVSPost2010PropOp44
 70
     1
102
RTVSPost2010Prop45
280
     0
102
RTVSPost2010PropOp45
 70
     1
102
RTVSPost2010Prop46
 90
       50
102
RTVSPost2010PropOp46
 70
     1
102
RTVSPost2010Prop47
 90
       50
102
RTVSPost2010PropOp47
 70
     1
102
RTVSPost2010Prop48
 90
       50
102
RTVSPost2010PropOp48
 70
     1
102
RTVSPost2010Prop49
280
     0
102
RTVSPost2010PropOp49
 70
     1
102
RTVSPost2010Prop50
 90
       50
102
RTVSPost2010PropOp50
 70
     1
102
RTVSPost2010Prop51ColorIndex
 90
      256
102
RTVSPost2010Prop51ColorRGB
 90
-16777216
102
RTVSPost2010PropOp51
 70
     0
102
RTVSPost2010Prop52
140
1.0
102
RTVSPost2010PropOp52
 70
     0
102
RTVSPost2010Prop53
 90
        2
102
RTVSPost2010PropOp53
 70
     1
102
RTVSPost2010Prop54
  1
strokes_ogs.tif
102
RTVSPost2010PropOp54
 70
     1
102
RTVSPost2010Prop55
280
     0
102
RTVSPost2010PropOp55
 70
     1
102
RTVSPost2010Prop56
140
1.0
102
RTVSPost2010PropOp56
 70
     1
102
RTVSPost2010Prop57
140
1.0
102
RTVSPost2010PropOp57
 70
     1
  0
XRECORD
  5
4AF
102
{ACAD_REACTORS
330
4AE
102
}
330
4AE
100
AcDbXrecord
280
     1
102
RTVSPropertyOp0
 70
     0
102
RTVSPropertyOp1
 70
     0
102
RTVSPropertyOp2
 70
     0
102
RTVSPropertyOp3
 70
     0
102
RTVSPropertyOp4
 70
     0
102
RTVSPropertyOp5
 70
     0
102
RTVSPropertyOp6
 70
     0
102
RTVSPropertyOp7
 70
     0
102
RTVSPropertyOp8
 70
     0
102
RTVSPropertyOp9
 70
     0
102
RTVSPropertyOp10
 70
     0
102
RTVSPropertyOp11
 70
     0
102
RTVSPropertyOp12
 70
     0
102
RTVSPropertyOp13
 70
     0
102
RTVSPropertyOp14
 70
     2
102
RTVSPropertyOp15
 70
     0
102
RTVSPropertyOp16
 70
     0
102
RTVSPropertyOp17
 70
     0
102
RTVSPropertyOp18
 70
     0
102
RTVSPropertyOp19
 70
     0
102
RTVSPropertyOp20
 70
     0
102
RTVSPropertyOp21
 70
     0
102
RTVSPropertyOp22
 70
     0
102
RTVSPropertyOp23
 70
     0
102
RTVSPropertyOp24
 70
     0
102
RTVSPropertyOp25
 70
     0
102
RTVSPropertyOp26
 70
     0
102
RTVSPropertyOp27
 70
     0
102
RTVSPropertyOp28
 70
     0
102
RTVSPropertyOp29
 70
     0
102
RTVSPropertyOp30
 70
     0
102
RTVSPropertyOp31
 70
     0
102
RTVSPropertyOp32
 70
     0
102
RTVSPropertyOp33
 70
     0
102
RTVSPropertyOp34
 70
     0
102
RTVSPropertyOp35
 70
     0
102
RTVSPropertyOp36
 70
     0
102
RTVSPropertyOp37
 70
     0
102
RTVSPropertyOp38
 70
     0
102
RTVSPropertyOp39
 70
     0
102
RTVSPropertyOp40
 70
     0
102
RTVSPropertyOp41
 70
     0
102
RTVSPropertyOp42
 70
     0
102
RTVSPropertyOp43
 70
     0
102
RTVSPropertyOp44
 70
     0
102
RTVSPropertyOp45
 70
     0
102
RTVSPropertyOp46
 70
     0
102
RTVSPropertyOp47
 70
     0
102
RTVSPropertyOp48
 70
     0
102
RTVSPropertyOp49
 70
     0
102
RTVSPropertyOp50
 70
     0
102
RTVSPropertyOp51
 70
     0
102
RTVSPropertyOp52
 70
     0
102
RTVSPropertyOp53
 70
     0
102
RTVSPropertyOp54
 70
     0
102
RTVSPropertyOp55
 70
     0
102
RTVSPropertyOp56
 70
     0
102
RTVSPropertyOp57
 70
     0
102
RTVSPost2010Prop28
280
     0
102
RTVSPost2010PropOp28
 70
     0
102
RTVSPost2010Prop29
280
     1
102
RTVSPost2010PropOp29
 70
     0
102
RTVSPost2010Prop30
280
     1
102
RTVSPost2010PropOp30
 70
     0
102
RTVSPost2010Prop31
280
     0
102
RTVSPost2010PropOp31
 70
     0
102
RTVSPost2010Prop32
280
     0
102
RTVSPost2010PropOp32
 70
     0
102
RTVSPost2010Prop33
280
     0
102
RTVSPost2010PropOp33
 70
     0
102
RTVSPost2010Prop34
280
     0
102
RTVSPost2010PropOp34
 70
     0
102
RTVSPost2010Prop35
280
     0
102
RTVSPost2010PropOp35
 70
     0
102
RTVSPost2010Prop36
280
     0
102
RTVSPost2010PropOp36
 70
     0
102
RTVSPost2010Prop37
 90
       50
102
RTVSPost2010PropOp37
 70
     0
102
RTVSPost2010Prop38
140
0.0
102
RTVSPost2010PropOp38
 70
     0
102
RTVSPost2010Prop39
140
1.0
102
RTVSPost2010PropOp39
 70
     0
102
RTVSPost2010Prop40
 90
        0
102
RTVSPost2010PropOp40
 70
     0
102
RTVSPost2010Prop41ColorIndex
 90
       18
102
RTVSPost2010Prop41ColorRGB
 90
        0
102
RTVSPost2010PropOp41
 70
     0
102
RTVSPost2010Prop42
 90
       50
102
RTVSPost2010PropOp42
 70
     0
102
RTVSPost2010Prop43
 90
        3
102
RTVSPost2010PropOp43
 70
     0
102
RTVSPost2010Prop44ColorIndex
 90
        5
102
RTVSPost2010Prop44ColorRGB
 90
      255
102
RTVSPost2010PropOp44
 70
     0
102
RTVSPost2010Prop45
280
     0
102
RTVSPost2010PropOp45
 70
     0
102
RTVSPost2010Prop46
 90
       50
102
RTVSPost2010PropOp46
 70
     0
102
RTVSPost2010Prop47
 90
       50
102
RTVSPost2010PropOp47
 70
     0
102
RTVSPost2010Prop48
 90
       50
102
RTVSPost2010PropOp48
 70
     0
102
RTVSPost2010Prop49
280
     0
102
RTVSPost2010PropOp49
 70
     0
102
RTVSPost2010Prop50
 90
       50
102
RTVSPost2010PropOp50
 70
     0
102
RTVSPost2010Prop51ColorIndex
 90
      256
102
RTVSPost2010Prop51ColorRGB
 90
-16777216
102
RTVSPost2010PropOp51
 70
     0
102
RTVSPost2010Prop52
140
1.0
102
RTVSPost2010PropOp52
 70
     0
102
RTVSPost2010Prop53
 90
        2
102
RTVSPost2010PropOp53
 70
     0
102
RTVSPost2010Prop54
  1
strokes_ogs.tif
102
RTVSPost2010PropOp54
 70
     0
102
RTVSPost2010Prop55
280
     0
102
RTVSPost2010PropOp55
 70
     0
102
RTVSPost2010Prop56
140
1.0
102
RTVSPost2010PropOp56
 70
     0
102
RTVSPost2010Prop57
140
1.0
102
RTVSPost2010PropOp57
 70
     0
  0
XRECORD
  5
4B1
102
{ACAD_REACTORS
330
4B0
102
}
330
4B0
100
AcDbXrecord
280
     1
102
RTVSPropertyOp0
 70
     1
102
RTVSPropertyOp1
 70
     1
102
RTVSPropertyOp2
 70
     1
102
RTVSPropertyOp3
 70
     1
102
RTVSPropertyOp4
 70
     1
102
RTVSPropertyOp5
 70
     1
102
RTVSPropertyOp6
 70
     1
102
RTVSPropertyOp7
 70
     1
102
RTVSPropertyOp8
 70
     1
102
RTVSPropertyOp9
 70
     1
102
RTVSPropertyOp10
 70
     1
102
RTVSPropertyOp11
 70
     1
102
RTVSPropertyOp12
 70
     1
102
RTVSPropertyOp13
 70
     1
102
RTVSPropertyOp14
 70
     1
102
RTVSPropertyOp15
 70
     1
102
RTVSPropertyOp16
 70
     1
102
RTVSPropertyOp17
 70
     1
102
RTVSPropertyOp18
 70
     1
102
RTVSPropertyOp19
 70
     1
102
RTVSPropertyOp20
 70
     1
102
RTVSPropertyOp21
 70
     1
102
RTVSPropertyOp22
 70
     1
102
RTVSPropertyOp23
 70
     1
102
RTVSPropertyOp24
 70
     1
102
RTVSPropertyOp25
 70
     1
102
RTVSPropertyOp26
 70
     1
102
RTVSPropertyOp27
 70
     1
102
RTVSPropertyOp28
 70
     1
102
RTVSPropertyOp29
 70
     1
102
RTVSPropertyOp30
 70
     1
102
RTVSPropertyOp31
 70
     1
102
RTVSPropertyOp32
 70
     1
102
RTVSPropertyOp33
 70
     1
102
RTVSPropertyOp34
 70
     1
102
RTVSPropertyOp35
 70
     1
102
RTVSPropertyOp36
 70
     1
102
RTVSPropertyOp37
 70
     1
102
RTVSPropertyOp38
 70
     1
102
RTVSPropertyOp39
 70
     1
102
RTVSPropertyOp40
 70
     1
102
RTVSPropertyOp41
 70
     1
102
RTVSPropertyOp42
 70
     1
102
RTVSPropertyOp43
 70
     1
102
RTVSPropertyOp44
 70
     1
102
RTVSPropertyOp45
 70
     1
102
RTVSPropertyOp46
 70
     1
102
RTVSPropertyOp47
 70
     1
102
RTVSPropertyOp48
 70
     1
102
RTVSPropertyOp49
 70
     1
102
RTVSPropertyOp50
 70
     1
102
RTVSPropertyOp51
 70
     0
102
RTVSPropertyOp52
 70
     0
102
RTVSPropertyOp53
 70
     1
102
RTVSPropertyOp54
 70
     1
102
RTVSPropertyOp55
 70
     1
102
RTVSPropertyOp56
 70
     1
102
RTVSPropertyOp57
 70
     1
102
RTVSPost2010Prop28
280
     0
102
RTVSPost2010PropOp28
 70
     1
102
RTVSPost2010Prop29
280
     1
102
RTVSPost2010PropOp29
 70
     1
102
RTVSPost2010Prop30
280
     1
102
RTVSPost2010PropOp30
 70
     1
102
RTVSPost2010Prop31
280
     0
102
RTVSPost2010PropOp31
 70
     1
102
RTVSPost2010Prop32
280
     0
102
RTVSPost2010PropOp32
 70
     1
102
RTVSPost2010Prop33
280
     0
102
RTVSPost2010PropOp33
 70
     1
102
RTVSPost2010Prop34
280
     0
102
RTVSPost2010PropOp34
 70
     1
102
RTVSPost2010Prop35
280
     0
102
RTVSPost2010PropOp35
 70
     1
102
RTVSPost2010Prop36
280
     0
102
RTVSPost2010PropOp36
 70
     1
102
RTVSPost2010Prop37
 90
       50
102
RTVSPost2010PropOp37
 70
     1
102
RTVSPost2010Prop38
140
0.0
102
RTVSPost2010PropOp38
 70
     1
102
RTVSPost2010Prop39
140
1.0
102
RTVSPost2010PropOp39
 70
     1
102
RTVSPost2010Prop40
 90
        0
102
RTVSPost2010PropOp40
 70
     1
102
RTVSPost2010Prop41ColorIndex
 90
       18
102
RTVSPost2010Prop41ColorRGB
 90
        0
102
RTVSPost2010PropOp41
 70
     1
102
RTVSPost2010Prop42
 90
       50
102
RTVSPost2010PropOp42
 70
     1
102
RTVSPost2010Prop43
 90
        3
102
RTVSPost2010PropOp43
 70
     1
102
RTVSPost2010Prop44ColorIndex
 90
        5
102
RTVSPost2010Prop44ColorRGB
 90
      255
102
RTVSPost2010PropOp44
 70
     1
102
RTVSPost2010Prop45
280
     0
102
RTVSPost2010PropOp45
 70
     1
102
RTVSPost2010Prop46
 90
       50
102
RTVSPost2010PropOp46
 70
     1
102
RTVSPost2010Prop47
 90
       50
102
RTVSPost2010PropOp47
 70
     1
102
RTVSPost2010Prop48
 90
       50
102
RTVSPost2010PropOp48
 70
     1
102
RTVSPost2010Prop49
280
     0
102
RTVSPost2010PropOp49
 70
     1
102
RTVSPost2010Prop50
 90
       50
102
RTVSPost2010PropOp50
 70
     1
102
RTVSPost2010Prop51ColorIndex
 90
      256
102
RTVSPost2010Prop51ColorRGB
 90
-16777216
102
RTVSPost2010PropOp51
 70
     0
102
RTVSPost2010Prop52
140
1.0
102
RTVSPost2010PropOp52
 70
     0
102
RTVSPost2010Prop53
 90
        2
102
RTVSPost2010PropOp53
 70
     1
102
RTVSPost2010Prop54
  1
strokes_ogs.tif
102
RTVSPost2010PropOp54
 70
     1
102
RTVSPost2010Prop55
280
     0
102
RTVSPost2010PropOp55
 70
     1
102
RTVSPost2010Prop56
140
1.0
102
RTVSPost2010PropOp56
 70
     1
102
RTVSPost2010Prop57
140
1.0
102
RTVSPost2010PropOp57
 70
     1
  0
XRECORD
  5
4B3
102
{ACAD_REACTORS
330
4B2
102
}
330
4B2
100
AcDbXrecord
280
     1
102
RTVSPropertyOp0
 70
     1
102
RTVSPropertyOp1
 70
     1
102
RTVSPropertyOp2
 70
     1
102
RTVSPropertyOp3
 70
     1
102
RTVSPropertyOp4
 70
     1
102
RTVSPropertyOp5
 70
     1
102
RTVSPropertyOp6
 70
     1
102
RTVSPropertyOp7
 70
     1
102
RTVSPropertyOp8
 70
     1
102
RTVSPropertyOp9
 70
     1
102
RTVSPropertyOp10
 70
     1
102
RTVSPropertyOp11
 70
     1
102
RTVSPropertyOp12
 70
     1
102
RTVSPropertyOp13
 70
     1
102
RTVSPropertyOp14
 70
     1
102
RTVSPropertyOp15
 70
     1
102
RTVSPropertyOp16
 70
     1
102
RTVSPropertyOp17
 70
     1
102
RTVSPropertyOp18
 70
     1
102
RTVSPropertyOp19
 70
     1
102
RTVSPropertyOp20
 70
     1
102
RTVSPropertyOp21
 70
     1
102
RTVSPropertyOp22
 70
     1
102
RTVSPropertyOp23
 70
     1
102
RTVSPropertyOp24
 70
     1
102
RTVSPropertyOp25
 70
     1
102
RTVSPropertyOp26
 70
     1
102
RTVSPropertyOp27
 70
     1
102
RTVSPropertyOp28
 70
     1
102
RTVSPropertyOp29
 70
     1
102
RTVSPropertyOp30
 70
     1
102
RTVSPropertyOp31
 70
     1
102
RTVSPropertyOp32
 70
     1
102
RTVSPropertyOp33
 70
     1
102
RTVSPropertyOp34
 70
     1
102
RTVSPropertyOp35
 70
     1
102
RTVSPropertyOp36
 70
     1
102
RTVSPropertyOp37
 70
     1
102
RTVSPropertyOp38
 70
     1
102
RTVSPropertyOp39
 70
     1
102
RTVSPropertyOp40
 70
     1
102
RTVSPropertyOp41
 70
     1
102
RTVSPropertyOp42
 70
     1
102
RTVSPropertyOp43
 70
     1
102
RTVSPropertyOp44
 70
     1
102
RTVSPropertyOp45
 70
     1
102
RTVSPropertyOp46
 70
     1
102
RTVSPropertyOp47
 70
     1
102
RTVSPropertyOp48
 70
     1
102
RTVSPropertyOp49
 70
     1
102
RTVSPropertyOp50
 70
     1
102
RTVSPropertyOp51
 70
     0
102
RTVSPropertyOp52
 70
     0
102
RTVSPropertyOp53
 70
     1
102
RTVSPropertyOp54
 70
     1
102
RTVSPropertyOp55
 70
     1
102
RTVSPropertyOp56
 70
     1
102
RTVSPropertyOp57
 70
     1
102
RTVSPost2010Prop28
280
     0
102
RTVSPost2010PropOp28
 70
     1
102
RTVSPost2010Prop29
280
     1
102
RTVSPost2010PropOp29
 70
     1
102
RTVSPost2010Prop30
280
     1
102
RTVSPost2010PropOp30
 70
     1
102
RTVSPost2010Prop31
280
     0
102
RTVSPost2010PropOp31
 70
     1
102
RTVSPost2010Prop32
280
     0
102
RTVSPost2010PropOp32
 70
     1
102
RTVSPost2010Prop33
280
     0
102
RTVSPost2010PropOp33
 70
     1
102
RTVSPost2010Prop34
280
     0
102
RTVSPost2010PropOp34
 70
     1
102
RTVSPost2010Prop35
280
     0
102
RTVSPost2010PropOp35
 70
     1
102
RTVSPost2010Prop36
280
     0
102
RTVSPost2010PropOp36
 70
     1
102
RTVSPost2010Prop37
 90
       50
102
RTVSPost2010PropOp37
 70
     1
102
RTVSPost2010Prop38
140
0.0
102
RTVSPost2010PropOp38
 70
     1
102
RTVSPost2010Prop39
140
1.0
102
RTVSPost2010PropOp39
 70
     1
102
RTVSPost2010Prop40
 90
        0
102
RTVSPost2010PropOp40
 70
     1
102
RTVSPost2010Prop41ColorIndex
 90
       18
102
RTVSPost2010Prop41ColorRGB
 90
        0
102
RTVSPost2010PropOp41
 70
     1
102
RTVSPost2010Prop42
 90
       50
102
RTVSPost2010PropOp42
 70
     1
102
RTVSPost2010Prop43
 90
        3
102
RTVSPost2010PropOp43
 70
     1
102
RTVSPost2010Prop44ColorIndex
 90
        5
102
RTVSPost2010Prop44ColorRGB
 90
      255
102
RTVSPost2010PropOp44
 70
     1
102
RTVSPost2010Prop45
280
     0
102
RTVSPost2010PropOp45
 70
     1
102
RTVSPost2010Prop46
 90
       50
102
RTVSPost2010PropOp46
 70
     1
102
RTVSPost2010Prop47
 90
       50
102
RTVSPost2010PropOp47
 70
     1
102
RTVSPost2010Prop48
 90
       50
102
RTVSPost2010PropOp48
 70
     1
102
RTVSPost2010Prop49
280
     0
102
RTVSPost2010PropOp49
 70
     1
102
RTVSPost2010Prop50
 90
       50
102
RTVSPost2010PropOp50
 70
     1
102
RTVSPost2010Prop51ColorIndex
 90
      256
102
RTVSPost2010Prop51ColorRGB
 90
-16777216
102
RTVSPost2010PropOp51
 70
     0
102
RTVSPost2010Prop52
140
1.0
102
RTVSPost2010PropOp52
 70
     0
102
RTVSPost2010Prop53
 90
        2
102
RTVSPost2010PropOp53
 70
     1
102
RTVSPost2010Prop54
  1
strokes_ogs.tif
102
RTVSPost2010PropOp54
 70
     1
102
RTVSPost2010Prop55
280
     0
102
RTVSPost2010PropOp55
 70
     1
102
RTVSPost2010Prop56
140
1.0
102
RTVSPost2010PropOp56
 70
     1
102
RTVSPost2010Prop57
140
1.0
102
RTVSPost2010PropOp57
 70
     1
  0
XRECORD
  5
4B5
102
{ACAD_REACTORS
330
4B4
102
}
330
4B4
100
AcDbXrecord
280
     1
102
RTVSPropertyOp0
 70
     1
102
RTVSPropertyOp1
 70
     1
102
RTVSPropertyOp2
 70
     1
102
RTVSPropertyOp3
 70
     1
102
RTVSPropertyOp4
 70
     1
102
RTVSPropertyOp5
 70
     1
102
RTVSPropertyOp6
 70
     1
102
RTVSPropertyOp7
 70
     1
102
RTVSPropertyOp8
 70
     1
102
RTVSPropertyOp9
 70
     1
102
RTVSPropertyOp10
 70
     1
102
RTVSPropertyOp11
 70
     1
102
RTVSPropertyOp12
 70
     1
102
RTVSPropertyOp13
 70
     1
102
RTVSPropertyOp14
 70
     1
102
RTVSPropertyOp15
 70
     1
102
RTVSPropertyOp16
 70
     1
102
RTVSPropertyOp17
 70
     1
102
RTVSPropertyOp18
 70
     1
102
RTVSPropertyOp19
 70
     1
102
RTVSPropertyOp20
 70
     1
102
RTVSPropertyOp21
 70
     1
102
RTVSPropertyOp22
 70
     1
102
RTVSPropertyOp23
 70
     1
102
RTVSPropertyOp24
 70
     1
102
RTVSPropertyOp25
 70
     1
102
RTVSPropertyOp26
 70
     1
102
RTVSPropertyOp27
 70
     1
102
RTVSPropertyOp28
 70
     1
102
RTVSPropertyOp29
 70
     1
102
RTVSPropertyOp30
 70
     1
102
RTVSPropertyOp31
 70
     1
102
RTVSPropertyOp32
 70
     1
102
RTVSPropertyOp33
 70
     1
102
RTVSPropertyOp34
 70
     1
102
RTVSPropertyOp35
 70
     1
102
RTVSPropertyOp36
 70
     1
102
RTVSPropertyOp37
 70
     1
102
RTVSPropertyOp38
 70
     1
102
RTVSPropertyOp39
 70
     1
102
RTVSPropertyOp40
 70
     1
102
RTVSPropertyOp41
 70
     1
102
RTVSPropertyOp42
 70
     1
102
RTVSPropertyOp43
 70
     1
102
RTVSPropertyOp44
 70
     1
102
RTVSPropertyOp45
 70
     1
102
RTVSPropertyOp46
 70
     1
102
RTVSPropertyOp47
 70
     1
102
RTVSPropertyOp48
 70
     1
102
RTVSPropertyOp49
 70
     1
102
RTVSPropertyOp50
 70
     1
102
RTVSPropertyOp51
 70
     0
102
RTVSPropertyOp52
 70
     0
102
RTVSPropertyOp53
 70
     1
102
RTVSPropertyOp54
 70
     1
102
RTVSPropertyOp55
 70
     1
102
RTVSPropertyOp56
 70
     1
102
RTVSPropertyOp57
 70
     1
102
RTVSPost2010Prop28
280
     0
102
RTVSPost2010PropOp28
 70
     1
102
RTVSPost2010Prop29
280
     1
102
RTVSPost2010PropOp29
 70
     1
102
RTVSPost2010Prop30
280
     1
102
RTVSPost2010PropOp30
 70
     1
102
RTVSPost2010Prop31
280
     0
102
RTVSPost2010PropOp31
 70
     1
102
RTVSPost2010Prop32
280
     0
102
RTVSPost2010PropOp32
 70
     1
102
RTVSPost2010Prop33
280
     0
102
RTVSPost2010PropOp33
 70
     1
102
RTVSPost2010Prop34
280
     0
102
RTVSPost2010PropOp34
 70
     1
102
RTVSPost2010Prop35
280
     0
102
RTVSPost2010PropOp35
 70
     1
102
RTVSPost2010Prop36
280
     0
102
RTVSPost2010PropOp36
 70
     1
102
RTVSPost2010Prop37
 90
       50
102
RTVSPost2010PropOp37
 70
     1
102
RTVSPost2010Prop38
140
0.0
102
RTVSPost2010PropOp38
 70
     1
102
RTVSPost2010Prop39
140
1.0
102
RTVSPost2010PropOp39
 70
     1
102
RTVSPost2010Prop40
 90
        0
102
RTVSPost2010PropOp40
 70
     1
102
RTVSPost2010Prop41ColorIndex
 90
       18
102
RTVSPost2010Prop41ColorRGB
 90
        0
102
RTVSPost2010PropOp41
 70
     1
102
RTVSPost2010Prop42
 90
       50
102
RTVSPost2010PropOp42
 70
     1
102
RTVSPost2010Prop43
 90
        3
102
RTVSPost2010PropOp43
 70
     1
102
RTVSPost2010Prop44ColorIndex
 90
        5
102
RTVSPost2010Prop44ColorRGB
 90
      255
102
RTVSPost2010PropOp44
 70
     1
102
RTVSPost2010Prop45
280
     0
102
RTVSPost2010PropOp45
 70
     1
102
RTVSPost2010Prop46
 90
       50
102
RTVSPost2010PropOp46
 70
     1
102
RTVSPost2010Prop47
 90
       50
102
RTVSPost2010PropOp47
 70
     1
102
RTVSPost2010Prop48
 90
       50
102
RTVSPost2010PropOp48
 70
     1
102
RTVSPost2010Prop49
280
     0
102
RTVSPost2010PropOp49
 70
     1
102
RTVSPost2010Prop50
 90
       50
102
RTVSPost2010PropOp50
 70
     1
102
RTVSPost2010Prop51ColorIndex
 90
      256
102
RTVSPost2010Prop51ColorRGB
 90
-16777216
102
RTVSPost2010PropOp51
 70
     0
102
RTVSPost2010Prop52
140
1.0
102
RTVSPost2010PropOp52
 70
     0
102
RTVSPost2010Prop53
 90
        2
102
RTVSPost2010PropOp53
 70
     1
102
RTVSPost2010Prop54
  1
strokes_ogs.tif
102
RTVSPost2010PropOp54
 70
     1
102
RTVSPost2010Prop55
280
     0
102
RTVSPost2010PropOp55
 70
     1
102
RTVSPost2010Prop56
140
1.0
102
RTVSPost2010PropOp56
 70
     1
102
RTVSPost2010Prop57
140
1.0
102
RTVSPost2010PropOp57
 70
     1
  0
XRECORD
  5
4B7
102
{ACAD_REACTORS
330
4B6
102
}
330
4B6
100
AcDbXrecord
280
     1
102
RTVSPropertyOp0
 70
     1
102
RTVSPropertyOp1
 70
     1
102
RTVSPropertyOp2
 70
     1
102
RTVSPropertyOp3
 70
     1
102
RTVSPropertyOp4
 70
     1
102
RTVSPropertyOp5
 70
     1
102
RTVSPropertyOp6
 70
     1
102
RTVSPropertyOp7
 70
     1
102
RTVSPropertyOp8
 70
     1
102
RTVSPropertyOp9
 70
     1
102
RTVSPropertyOp10
 70
     1
102
RTVSPropertyOp11
 70
     1
102
RTVSPropertyOp12
 70
     1
102
RTVSPropertyOp13
 70
     1
102
RTVSPropertyOp14
 70
     1
102
RTVSPropertyOp15
 70
     1
102
RTVSPropertyOp16
 70
     1
102
RTVSPropertyOp17
 70
     1
102
RTVSPropertyOp18
 70
     1
102
RTVSPropertyOp19
 70
     1
102
RTVSPropertyOp20
 70
     1
102
RTVSPropertyOp21
 70
     1
102
RTVSPropertyOp22
 70
     1
102
RTVSPropertyOp23
 70
     1
102
RTVSPropertyOp24
 70
     1
102
RTVSPropertyOp25
 70
     1
102
RTVSPropertyOp26
 70
     1
102
RTVSPropertyOp27
 70
     1
102
RTVSPropertyOp28
 70
     1
102
RTVSPropertyOp29
 70
     1
102
RTVSPropertyOp30
 70
     1
102
RTVSPropertyOp31
 70
     1
102
RTVSPropertyOp32
 70
     1
102
RTVSPropertyOp33
 70
     1
102
RTVSPropertyOp34
 70
     1
102
RTVSPropertyOp35
 70
     1
102
RTVSPropertyOp36
 70
     1
102
RTVSPropertyOp37
 70
     1
102
RTVSPropertyOp38
 70
     1
102
RTVSPropertyOp39
 70
     1
102
RTVSPropertyOp40
 70
     1
102
RTVSPropertyOp41
 70
     1
102
RTVSPropertyOp42
 70
     1
102
RTVSPropertyOp43
 70
     1
102
RTVSPropertyOp44
 70
     1
102
RTVSPropertyOp45
 70
     1
102
RTVSPropertyOp46
 70
     1
102
RTVSPropertyOp47
 70
     1
102
RTVSPropertyOp48
 70
     1
102
RTVSPropertyOp49
 70
     1
102
RTVSPropertyOp50
 70
     1
102
RTVSPropertyOp51
 70
     0
102
RTVSPropertyOp52
 70
     0
102
RTVSPropertyOp53
 70
     1
102
RTVSPropertyOp54
 70
     1
102
RTVSPropertyOp55
 70
     1
102
RTVSPropertyOp56
 70
     1
102
RTVSPropertyOp57
 70
     1
102
RTVSPost2010Prop28
280
     0
102
RTVSPost2010PropOp28
 70
     1
102
RTVSPost2010Prop29
280
     1
102
RTVSPost2010PropOp29
 70
     1
102
RTVSPost2010Prop30
280
     1
102
RTVSPost2010PropOp30
 70
     1
102
RTVSPost2010Prop31
280
     0
102
RTVSPost2010PropOp31
 70
     1
102
RTVSPost2010Prop32
280
     0
102
RTVSPost2010PropOp32
 70
     1
102
RTVSPost2010Prop33
280
     0
102
RTVSPost2010PropOp33
 70
     1
102
RTVSPost2010Prop34
280
     0
102
RTVSPost2010PropOp34
 70
     1
102
RTVSPost2010Prop35
280
     0
102
RTVSPost2010PropOp35
 70
     1
102
RTVSPost2010Prop36
280
     0
102
RTVSPost2010PropOp36
 70
     1
102
RTVSPost2010Prop37
 90
       50
102
RTVSPost2010PropOp37
 70
     1
102
RTVSPost2010Prop38
140
0.0
102
RTVSPost2010PropOp38
 70
     1
102
RTVSPost2010Prop39
140
1.0
102
RTVSPost2010PropOp39
 70
     1
102
RTVSPost2010Prop40
 90
        0
102
RTVSPost2010PropOp40
 70
     1
102
RTVSPost2010Prop41ColorIndex
 90
       18
102
RTVSPost2010Prop41ColorRGB
 90
        0
102
RTVSPost2010PropOp41
 70
     1
102
RTVSPost2010Prop42
 90
       50
102
RTVSPost2010PropOp42
 70
     1
102
RTVSPost2010Prop43
 90
        3
102
RTVSPost2010PropOp43
 70
     1
102
RTVSPost2010Prop44ColorIndex
 90
        5
102
RTVSPost2010Prop44ColorRGB
 90
      255
102
RTVSPost2010PropOp44
 70
     1
102
RTVSPost2010Prop45
280
     0
102
RTVSPost2010PropOp45
 70
     1
102
RTVSPost2010Prop46
 90
       50
102
RTVSPost2010PropOp46
 70
     1
102
RTVSPost2010Prop47
 90
       50
102
RTVSPost2010PropOp47
 70
     1
102
RTVSPost2010Prop48
 90
       50
102
RTVSPost2010PropOp48
 70
     1
102
RTVSPost2010Prop49
280
     0
102
RTVSPost2010PropOp49
 70
     1
102
RTVSPost2010Prop50
 90
       50
102
RTVSPost2010PropOp50
 70
     1
102
RTVSPost2010Prop51ColorIndex
 90
      256
102
RTVSPost2010Prop51ColorRGB
 90
-16777216
102
RTVSPost2010PropOp51
 70
     0
102
RTVSPost2010Prop52
140
1.0
102
RTVSPost2010PropOp52
 70
     0
102
RTVSPost2010Prop53
 90
        2
102
RTVSPost2010PropOp53
 70
     1
102
RTVSPost2010Prop54
  1
strokes_ogs.tif
102
RTVSPost2010PropOp54
 70
     1
102
RTVSPost2010Prop55
280
     0
102
RTVSPost2010PropOp55
 70
     1
102
RTVSPost2010Prop56
140
1.0
102
RTVSPost2010PropOp56
 70
     1
102
RTVSPost2010Prop57
140
1.0
102
RTVSPost2010PropOp57
 70
     1
  0
XRECORD
  5
4B9
102
{ACAD_REACTORS
330
4B8
102
}
330
4B8
100
AcDbXrecord
280
     1
102
RTVSPropertyOp0
 70
     1
102
RTVSPropertyOp1
 70
     1
102
RTVSPropertyOp2
 70
     1
102
RTVSPropertyOp3
 70
     1
102
RTVSPropertyOp4
 70
     1
102
RTVSPropertyOp5
 70
     1
102
RTVSPropertyOp6
 70
     1
102
RTVSPropertyOp7
 70
     1
102
RTVSPropertyOp8
 70
     1
102
RTVSPropertyOp9
 70
     1
102
RTVSPropertyOp10
 70
     1
102
RTVSPropertyOp11
 70
     1
102
RTVSPropertyOp12
 70
     1
102
RTVSPropertyOp13
 70
     1
102
RTVSPropertyOp14
 70
     1
102
RTVSPropertyOp15
 70
     1
102
RTVSPropertyOp16
 70
     1
102
RTVSPropertyOp17
 70
     1
102
RTVSPropertyOp18
 70
     1
102
RTVSPropertyOp19
 70
     1
102
RTVSPropertyOp20
 70
     1
102
RTVSPropertyOp21
 70
     1
102
RTVSPropertyOp22
 70
     1
102
RTVSPropertyOp23
 70
     1
102
RTVSPropertyOp24
 70
     1
102
RTVSPropertyOp25
 70
     1
102
RTVSPropertyOp26
 70
     1
102
RTVSPropertyOp27
 70
     1
102
RTVSPropertyOp28
 70
     1
102
RTVSPropertyOp29
 70
     1
102
RTVSPropertyOp30
 70
     1
102
RTVSPropertyOp31
 70
     1
102
RTVSPropertyOp32
 70
     1
102
RTVSPropertyOp33
 70
     1
102
RTVSPropertyOp34
 70
     1
102
RTVSPropertyOp35
 70
     1
102
RTVSPropertyOp36
 70
     1
102
RTVSPropertyOp37
 70
     1
102
RTVSPropertyOp38
 70
     1
102
RTVSPropertyOp39
 70
     1
102
RTVSPropertyOp40
 70
     1
102
RTVSPropertyOp41
 70
     1
102
RTVSPropertyOp42
 70
     1
102
RTVSPropertyOp43
 70
     1
102
RTVSPropertyOp44
 70
     1
102
RTVSPropertyOp45
 70
     1
102
RTVSPropertyOp46
 70
     1
102
RTVSPropertyOp47
 70
     1
102
RTVSPropertyOp48
 70
     1
102
RTVSPropertyOp49
 70
     1
102
RTVSPropertyOp50
 70
     1
102
RTVSPropertyOp51
 70
     0
102
RTVSPropertyOp52
 70
     0
102
RTVSPropertyOp53
 70
     1
102
RTVSPropertyOp54
 70
     1
102
RTVSPropertyOp55
 70
     1
102
RTVSPropertyOp56
 70
     1
102
RTVSPropertyOp57
 70
     1
102
RTVSPost2010Prop28
280
     0
102
RTVSPost2010PropOp28
 70
     1
102
RTVSPost2010Prop29
280
     1
102
RTVSPost2010PropOp29
 70
     1
102
RTVSPost2010Prop30
280
     1
102
RTVSPost2010PropOp30
 70
     1
102
RTVSPost2010Prop31
280
     0
102
RTVSPost2010PropOp31
 70
     1
102
RTVSPost2010Prop32
280
     0
102
RTVSPost2010PropOp32
 70
     1
102
RTVSPost2010Prop33
280
     0
102
RTVSPost2010PropOp33
 70
     1
102
RTVSPost2010Prop34
280
     0
102
RTVSPost2010PropOp34
 70
     1
102
RTVSPost2010Prop35
280
     0
102
RTVSPost2010PropOp35
 70
     1
102
RTVSPost2010Prop36
280
     0
102
RTVSPost2010PropOp36
 70
     1
102
RTVSPost2010Prop37
 90
       50
102
RTVSPost2010PropOp37
 70
     1
102
RTVSPost2010Prop38
140
0.0
102
RTVSPost2010PropOp38
 70
     1
102
RTVSPost2010Prop39
140
1.0
102
RTVSPost2010PropOp39
 70
     1
102
RTVSPost2010Prop40
 90
        0
102
RTVSPost2010PropOp40
 70
     1
102
RTVSPost2010Prop41ColorIndex
 90
       18
102
RTVSPost2010Prop41ColorRGB
 90
        0
102
RTVSPost2010PropOp41
 70
     1
102
RTVSPost2010Prop42
 90
       50
102
RTVSPost2010PropOp42
 70
     1
102
RTVSPost2010Prop43
 90
        3
102
RTVSPost2010PropOp43
 70
     1
102
RTVSPost2010Prop44ColorIndex
 90
        5
102
RTVSPost2010Prop44ColorRGB
 90
      255
102
RTVSPost2010PropOp44
 70
     1
102
RTVSPost2010Prop45
280
     0
102
RTVSPost2010PropOp45
 70
     1
102
RTVSPost2010Prop46
 90
       50
102
RTVSPost2010PropOp46
 70
     1
102
RTVSPost2010Prop47
 90
       50
102
RTVSPost2010PropOp47
 70
     1
102
RTVSPost2010Prop48
 90
       50
102
RTVSPost2010PropOp48
 70
     1
102
RTVSPost2010Prop49
280
     0
102
RTVSPost2010PropOp49
 70
     1
102
RTVSPost2010Prop50
 90
       50
102
RTVSPost2010PropOp50
 70
     1
102
RTVSPost2010Prop51ColorIndex
 90
      256
102
RTVSPost2010Prop51ColorRGB
 90
-16777216
102
RTVSPost2010PropOp51
 70
     0
102
RTVSPost2010Prop52
140
1.0
102
RTVSPost2010PropOp52
 70
     0
102
RTVSPost2010Prop53
 90
        2
102
RTVSPost2010PropOp53
 70
     1
102
RTVSPost2010Prop54
  1
strokes_ogs.tif
102
RTVSPost2010PropOp54
 70
     1
102
RTVSPost2010Prop55
280
     0
102
RTVSPost2010PropOp55
 70
     1
102
RTVSPost2010Prop56
140
1.0
102
RTVSPost2010PropOp56
 70
     1
102
RTVSPost2010Prop57
140
1.0
102
RTVSPost2010PropOp57
 70
     1
  0
XRECORD
  5
4BB
102
{ACAD_REACTORS
330
4BA
102
}
330
4BA
100
AcDbXrecord
280
     1
102
RTVSPropertyOp0
 70
     1
102
RTVSPropertyOp1
 70
     1
102
RTVSPropertyOp2
 70
     1
102
RTVSPropertyOp3
 70
     1
102
RTVSPropertyOp4
 70
     1
102
RTVSPropertyOp5
 70
     1
102
RTVSPropertyOp6
 70
     1
102
RTVSPropertyOp7
 70
     1
102
RTVSPropertyOp8
 70
     1
102
RTVSPropertyOp9
 70
     1
102
RTVSPropertyOp10
 70
     1
102
RTVSPropertyOp11
 70
     1
102
RTVSPropertyOp12
 70
     1
102
RTVSPropertyOp13
 70
     1
102
RTVSPropertyOp14
 70
     1
102
RTVSPropertyOp15
 70
     1
102
RTVSPropertyOp16
 70
     1
102
RTVSPropertyOp17
 70
     1
102
RTVSPropertyOp18
 70
     1
102
RTVSPropertyOp19
 70
     1
102
RTVSPropertyOp20
 70
     1
102
RTVSPropertyOp21
 70
     1
102
RTVSPropertyOp22
 70
     1
102
RTVSPropertyOp23
 70
     1
102
RTVSPropertyOp24
 70
     1
102
RTVSPropertyOp25
 70
     1
102
RTVSPropertyOp26
 70
     1
102
RTVSPropertyOp27
 70
     1
102
RTVSPropertyOp28
 70
     1
102
RTVSPropertyOp29
 70
     1
102
RTVSPropertyOp30
 70
     1
102
RTVSPropertyOp31
 70
     1
102
RTVSPropertyOp32
 70
     1
102
RTVSPropertyOp33
 70
     1
102
RTVSPropertyOp34
 70
     1
102
RTVSPropertyOp35
 70
     1
102
RTVSPropertyOp36
 70
     1
102
RTVSPropertyOp37
 70
     1
102
RTVSPropertyOp38
 70
     1
102
RTVSPropertyOp39
 70
     1
102
RTVSPropertyOp40
 70
     1
102
RTVSPropertyOp41
 70
     1
102
RTVSPropertyOp42
 70
     1
102
RTVSPropertyOp43
 70
     1
102
RTVSPropertyOp44
 70
     1
102
RTVSPropertyOp45
 70
     1
102
RTVSPropertyOp46
 70
     1
102
RTVSPropertyOp47
 70
     1
102
RTVSPropertyOp48
 70
     1
102
RTVSPropertyOp49
 70
     1
102
RTVSPropertyOp50
 70
     1
102
RTVSPropertyOp51
 70
     0
102
RTVSPropertyOp52
 70
     0
102
RTVSPropertyOp53
 70
     1
102
RTVSPropertyOp54
 70
     1
102
RTVSPropertyOp55
 70
     1
102
RTVSPropertyOp56
 70
     1
102
RTVSPropertyOp57
 70
     1
102
RTVSPost2010Prop28
280
     0
102
RTVSPost2010PropOp28
 70
     1
102
RTVSPost2010Prop29
280
     1
102
RTVSPost2010PropOp29
 70
     1
102
RTVSPost2010Prop30
280
     1
102
RTVSPost2010PropOp30
 70
     1
102
RTVSPost2010Prop31
280
     0
102
RTVSPost2010PropOp31
 70
     1
102
RTVSPost2010Prop32
280
     0
102
RTVSPost2010PropOp32
 70
     1
102
RTVSPost2010Prop33
280
     0
102
RTVSPost2010PropOp33
 70
     1
102
RTVSPost2010Prop34
280
     0
102
RTVSPost2010PropOp34
 70
     1
102
RTVSPost2010Prop35
280
     0
102
RTVSPost2010PropOp35
 70
     1
102
RTVSPost2010Prop36
280
     0
102
RTVSPost2010PropOp36
 70
     1
102
RTVSPost2010Prop37
 90
       50
102
RTVSPost2010PropOp37
 70
     1
102
RTVSPost2010Prop38
140
0.0
102
RTVSPost2010PropOp38
 70
     1
102
RTVSPost2010Prop39
140
1.0
102
RTVSPost2010PropOp39
 70
     1
102
RTVSPost2010Prop40
 90
        0
102
RTVSPost2010PropOp40
 70
     1
102
RTVSPost2010Prop41ColorIndex
 90
       18
102
RTVSPost2010Prop41ColorRGB
 90
        0
102
RTVSPost2010PropOp41
 70
     1
102
RTVSPost2010Prop42
 90
       50
102
RTVSPost2010PropOp42
 70
     1
102
RTVSPost2010Prop43
 90
        3
102
RTVSPost2010PropOp43
 70
     1
102
RTVSPost2010Prop44ColorIndex
 90
        5
102
RTVSPost2010Prop44ColorRGB
 90
      255
102
RTVSPost2010PropOp44
 70
     1
102
RTVSPost2010Prop45
280
     0
102
RTVSPost2010PropOp45
 70
     1
102
RTVSPost2010Prop46
 90
       50
102
RTVSPost2010PropOp46
 70
     1
102
RTVSPost2010Prop47
 90
       50
102
RTVSPost2010PropOp47
 70
     1
102
RTVSPost2010Prop48
 90
       50
102
RTVSPost2010PropOp48
 70
     1
102
RTVSPost2010Prop49
280
     0
102
RTVSPost2010PropOp49
 70
     1
102
RTVSPost2010Prop50
 90
       50
102
RTVSPost2010PropOp50
 70
     1
102
RTVSPost2010Prop51ColorIndex
 90
      256
102
RTVSPost2010Prop51ColorRGB
 90
-16777216
102
RTVSPost2010PropOp51
 70
     0
102
RTVSPost2010Prop52
140
1.0
102
RTVSPost2010PropOp52
 70
     0
102
RTVSPost2010Prop53
 90
        2
102
RTVSPost2010PropOp53
 70
     1
102
RTVSPost2010Prop54
  1
strokes_ogs.tif
102
RTVSPost2010PropOp54
 70
     1
102
RTVSPost2010Prop55
280
     0
102
RTVSPost2010PropOp55
 70
     1
102
RTVSPost2010Prop56
140
1.0
102
RTVSPost2010PropOp56
 70
     1
102
RTVSPost2010Prop57
140
1.0
102
RTVSPost2010PropOp57
 70
     1
  0
XRECORD
  5
4BD
102
{ACAD_REACTORS
330
4BC
102
}
330
4BC
100
AcDbXrecord
280
     1
102
RTVSPropertyOp0
 70
     1
102
RTVSPropertyOp1
 70
     1
102
RTVSPropertyOp2
 70
     1
102
RTVSPropertyOp3
 70
     1
102
RTVSPropertyOp4
 70
     1
102
RTVSPropertyOp5
 70
     1
102
RTVSPropertyOp6
 70
     1
102
RTVSPropertyOp7
 70
     1
102
RTVSPropertyOp8
 70
     1
102
RTVSPropertyOp9
 70
     1
102
RTVSPropertyOp10
 70
     1
102
RTVSPropertyOp11
 70
     1
102
RTVSPropertyOp12
 70
     1
102
RTVSPropertyOp13
 70
     1
102
RTVSPropertyOp14
 70
     1
102
RTVSPropertyOp15
 70
     1
102
RTVSPropertyOp16
 70
     1
102
RTVSPropertyOp17
 70
     1
102
RTVSPropertyOp18
 70
     1
102
RTVSPropertyOp19
 70
     1
102
RTVSPropertyOp20
 70
     1
102
RTVSPropertyOp21
 70
     1
102
RTVSPropertyOp22
 70
     1
102
RTVSPropertyOp23
 70
     1
102
RTVSPropertyOp24
 70
     1
102
RTVSPropertyOp25
 70
     1
102
RTVSPropertyOp26
 70
     1
102
RTVSPropertyOp27
 70
     1
102
RTVSPropertyOp28
 70
     1
102
RTVSPropertyOp29
 70
     1
102
RTVSPropertyOp30
 70
     1
102
RTVSPropertyOp31
 70
     1
102
RTVSPropertyOp32
 70
     1
102
RTVSPropertyOp33
 70
     1
102
RTVSPropertyOp34
 70
     1
102
RTVSPropertyOp35
 70
     1
102
RTVSPropertyOp36
 70
     1
102
RTVSPropertyOp37
 70
     1
102
RTVSPropertyOp38
 70
     1
102
RTVSPropertyOp39
 70
     1
102
RTVSPropertyOp40
 70
     1
102
RTVSPropertyOp41
 70
     1
102
RTVSPropertyOp42
 70
     1
102
RTVSPropertyOp43
 70
     1
102
RTVSPropertyOp44
 70
     1
102
RTVSPropertyOp45
 70
     1
102
RTVSPropertyOp46
 70
     1
102
RTVSPropertyOp47
 70
     1
102
RTVSPropertyOp48
 70
     1
102
RTVSPropertyOp49
 70
     1
102
RTVSPropertyOp50
 70
     1
102
RTVSPropertyOp51
 70
     0
102
RTVSPropertyOp52
 70
     0
102
RTVSPropertyOp53
 70
     1
102
RTVSPropertyOp54
 70
     1
102
RTVSPropertyOp55
 70
     1
102
RTVSPropertyOp56
 70
     1
102
RTVSPropertyOp57
 70
     1
102
RTVSPost2010Prop28
280
     0
102
RTVSPost2010PropOp28
 70
     1
102
RTVSPost2010Prop29
280
     1
102
RTVSPost2010PropOp29
 70
     1
102
RTVSPost2010Prop30
280
     1
102
RTVSPost2010PropOp30
 70
     1
102
RTVSPost2010Prop31
280
     0
102
RTVSPost2010PropOp31
 70
     1
102
RTVSPost2010Prop32
280
     0
102
RTVSPost2010PropOp32
 70
     1
102
RTVSPost2010Prop33
280
     0
102
RTVSPost2010PropOp33
 70
     1
102
RTVSPost2010Prop34
280
     0
102
RTVSPost2010PropOp34
 70
     1
102
RTVSPost2010Prop35
280
     0
102
RTVSPost2010PropOp35
 70
     1
102
RTVSPost2010Prop36
280
     0
102
RTVSPost2010PropOp36
 70
     1
102
RTVSPost2010Prop37
 90
       50
102
RTVSPost2010PropOp37
 70
     1
102
RTVSPost2010Prop38
140
0.0
102
RTVSPost2010PropOp38
 70
     1
102
RTVSPost2010Prop39
140
1.0
102
RTVSPost2010PropOp39
 70
     1
102
RTVSPost2010Prop40
 90
        0
102
RTVSPost2010PropOp40
 70
     1
102
RTVSPost2010Prop41ColorIndex
 90
       18
102
RTVSPost2010Prop41ColorRGB
 90
        0
102
RTVSPost2010PropOp41
 70
     1
102
RTVSPost2010Prop42
 90
       50
102
RTVSPost2010PropOp42
 70
     1
102
RTVSPost2010Prop43
 90
        3
102
RTVSPost2010PropOp43
 70
     1
102
RTVSPost2010Prop44ColorIndex
 90
        5
102
RTVSPost2010Prop44ColorRGB
 90
      255
102
RTVSPost2010PropOp44
 70
     1
102
RTVSPost2010Prop45
280
     0
102
RTVSPost2010PropOp45
 70
     1
102
RTVSPost2010Prop46
 90
       50
102
RTVSPost2010PropOp46
 70
     1
102
RTVSPost2010Prop47
 90
       50
102
RTVSPost2010PropOp47
 70
     1
102
RTVSPost2010Prop48
 90
       50
102
RTVSPost2010PropOp48
 70
     1
102
RTVSPost2010Prop49
280
     0
102
RTVSPost2010PropOp49
 70
     1
102
RTVSPost2010Prop50
 90
       50
102
RTVSPost2010PropOp50
 70
     1
102
RTVSPost2010Prop51ColorIndex
 90
      256
102
RTVSPost2010Prop51ColorRGB
 90
-16777216
102
RTVSPost2010PropOp51
 70
     0
102
RTVSPost2010Prop52
140
1.0
102
RTVSPost2010PropOp52
 70
     0
102
RTVSPost2010Prop53
 90
        2
102
RTVSPost2010PropOp53
 70
     1
102
RTVSPost2010Prop54
  1
strokes_ogs.tif
102
RTVSPost2010PropOp54
 70
     1
102
RTVSPost2010Prop55
280
     0
102
RTVSPost2010PropOp55
 70
     1
102
RTVSPost2010Prop56
140
1.0
102
RTVSPost2010PropOp56
 70
     1
102
RTVSPost2010Prop57
140
1.0
102
RTVSPost2010PropOp57
 70
     1
  0
XRECORD
  5
4BF
102
{ACAD_REACTORS
330
4BE
102
}
330
4BE
100
AcDbXrecord
280
     1
102
RTVSPropertyOp0
 70
     1
102
RTVSPropertyOp1
 70
     1
102
RTVSPropertyOp2
 70
     1
102
RTVSPropertyOp3
 70
     1
102
RTVSPropertyOp4
 70
     1
102
RTVSPropertyOp5
 70
     1
102
RTVSPropertyOp6
 70
     1
102
RTVSPropertyOp7
 70
     1
102
RTVSPropertyOp8
 70
     1
102
RTVSPropertyOp9
 70
     1
102
RTVSPropertyOp10
 70
     1
102
RTVSPropertyOp11
 70
     1
102
RTVSPropertyOp12
 70
     1
102
RTVSPropertyOp13
 70
     1
102
RTVSPropertyOp14
 70
     1
102
RTVSPropertyOp15
 70
     1
102
RTVSPropertyOp16
 70
     1
102
RTVSPropertyOp17
 70
     1
102
RTVSPropertyOp18
 70
     1
102
RTVSPropertyOp19
 70
     1
102
RTVSPropertyOp20
 70
     1
102
RTVSPropertyOp21
 70
     1
102
RTVSPropertyOp22
 70
     1
102
RTVSPropertyOp23
 70
     1
102
RTVSPropertyOp24
 70
     1
102
RTVSPropertyOp25
 70
     1
102
RTVSPropertyOp26
 70
     1
102
RTVSPropertyOp27
 70
     1
102
RTVSPropertyOp28
 70
     1
102
RTVSPropertyOp29
 70
     1
102
RTVSPropertyOp30
 70
     1
102
RTVSPropertyOp31
 70
     1
102
RTVSPropertyOp32
 70
     1
102
RTVSPropertyOp33
 70
     1
102
RTVSPropertyOp34
 70
     1
102
RTVSPropertyOp35
 70
     1
102
RTVSPropertyOp36
 70
     1
102
RTVSPropertyOp37
 70
     1
102
RTVSPropertyOp38
 70
     1
102
RTVSPropertyOp39
 70
     1
102
RTVSPropertyOp40
 70
     1
102
RTVSPropertyOp41
 70
     1
102
RTVSPropertyOp42
 70
     1
102
RTVSPropertyOp43
 70
     1
102
RTVSPropertyOp44
 70
     1
102
RTVSPropertyOp45
 70
     1
102
RTVSPropertyOp46
 70
     1
102
RTVSPropertyOp47
 70
     1
102
RTVSPropertyOp48
 70
     1
102
RTVSPropertyOp49
 70
     1
102
RTVSPropertyOp50
 70
     1
102
RTVSPropertyOp51
 70
     0
102
RTVSPropertyOp52
 70
     0
102
RTVSPropertyOp53
 70
     1
102
RTVSPropertyOp54
 70
     1
102
RTVSPropertyOp55
 70
     1
102
RTVSPropertyOp56
 70
     1
102
RTVSPropertyOp57
 70
     1
102
RTVSPost2010Prop28
280
     0
102
RTVSPost2010PropOp28
 70
     1
102
RTVSPost2010Prop29
280
     1
102
RTVSPost2010PropOp29
 70
     1
102
RTVSPost2010Prop30
280
     1
102
RTVSPost2010PropOp30
 70
     1
102
RTVSPost2010Prop31
280
     0
102
RTVSPost2010PropOp31
 70
     1
102
RTVSPost2010Prop32
280
     0
102
RTVSPost2010PropOp32
 70
     1
102
RTVSPost2010Prop33
280
     0
102
RTVSPost2010PropOp33
 70
     1
102
RTVSPost2010Prop34
280
     0
102
RTVSPost2010PropOp34
 70
     1
102
RTVSPost2010Prop35
280
     0
102
RTVSPost2010PropOp35
 70
     1
102
RTVSPost2010Prop36
280
     0
102
RTVSPost2010PropOp36
 70
     1
102
RTVSPost2010Prop37
 90
       50
102
RTVSPost2010PropOp37
 70
     1
102
RTVSPost2010Prop38
140
0.0
102
RTVSPost2010PropOp38
 70
     1
102
RTVSPost2010Prop39
140
1.0
102
RTVSPost2010PropOp39
 70
     1
102
RTVSPost2010Prop40
 90
        0
102
RTVSPost2010PropOp40
 70
     1
102
RTVSPost2010Prop41ColorIndex
 90
       18
102
RTVSPost2010Prop41ColorRGB
 90
        0
102
RTVSPost2010PropOp41
 70
     1
102
RTVSPost2010Prop42
 90
       50
102
RTVSPost2010PropOp42
 70
     1
102
RTVSPost2010Prop43
 90
        3
102
RTVSPost2010PropOp43
 70
     1
102
RTVSPost2010Prop44ColorIndex
 90
        5
102
RTVSPost2010Prop44ColorRGB
 90
      255
102
RTVSPost2010PropOp44
 70
     1
102
RTVSPost2010Prop45
280
     0
102
RTVSPost2010PropOp45
 70
     1
102
RTVSPost2010Prop46
 90
       50
102
RTVSPost2010PropOp46
 70
     1
102
RTVSPost2010Prop47
 90
       50
102
RTVSPost2010PropOp47
 70
     1
102
RTVSPost2010Prop48
 90
       50
102
RTVSPost2010PropOp48
 70
     1
102
RTVSPost2010Prop49
280
     0
102
RTVSPost2010PropOp49
 70
     1
102
RTVSPost2010Prop50
 90
       50
102
RTVSPost2010PropOp50
 70
     1
102
RTVSPost2010Prop51ColorIndex
 90
      256
102
RTVSPost2010Prop51ColorRGB
 90
-16777216
102
RTVSPost2010PropOp51
 70
     0
102
RTVSPost2010Prop52
140
1.0
102
RTVSPost2010PropOp52
 70
     0
102
RTVSPost2010Prop53
 90
        2
102
RTVSPost2010PropOp53
 70
     1
102
RTVSPost2010Prop54
  1
strokes_ogs.tif
102
RTVSPost2010PropOp54
 70
     1
102
RTVSPost2010Prop55
280
     0
102
RTVSPost2010PropOp55
 70
     1
102
RTVSPost2010Prop56
140
1.0
102
RTVSPost2010PropOp56
 70
     1
102
RTVSPost2010Prop57
140
1.0
102
RTVSPost2010PropOp57
 70
     1
  0
ENDSEC
  0
SECTION
  2
THUMBNAILIMAGE
 90
   263208
310
28000000000200000002000001000800000000000000000000000000000000000000000000000000FFFFFF000000FF0000FFFF0000FF0000FFFF0000FF000000FF00FF000000000080808000C0C0C0000000FF007F7FFF000000A5005252A50000007F003F3F7F0000004C0026264C000000260013132600003FFF007F9FFF
310
000029A5005267A500001F7F003F4F7F0000134C00262F4C000009260013172600007FFF007FBFFF000052A500527CA500003F7F003F5F7F0000264C0026394C0000132600131C260000BFFF007FDFFF00007CA5005291A500005F7F003F6F7F0000394C0026424C00001C26001321260000FFFF007FFFFF0000A5A50052A5
310
A500007F7F003F7F7F00004C4C00264C4C00002626001326260000FFBF007FFFDF0000A57C0052A59100007F5F003F7F6F00004C3900264C420000261C001326210000FF7F007FFFBF0000A5520052A57C00007F3F003F7F5F00004C2600264C39000026130013261C0000FF3F007FFF9F0000A5290052A56700007F1F003F
310
7F4F00004C1300264C2F00002609001326170000FF00007FFF7F0000A5000052A55200007F00003F7F3F00004C0000264C260000260000132613003FFF00009FFF7F0029A5000067A552001F7F00004F7F3F00134C00002F4C260009260000172613007FFF0000BFFF7F0052A500007CA552003F7F00005F7F3F00264C0000
310
394C2600132600001C261300BFFF0000DFFF7F007CA5000091A552005F7F00006F7F3F00394C0000424C26001C26000021261300FFFF0000FFFF7F00A5A50000A5A552007F7F00007F7F3F004C4C00004C4C26002626000026261300FFBF0000FFDF7F00A57C0000A59152007F5F00007F6F3F004C3900004C422600261C00
310
0026211300FF7F0000FFBF7F00A5520000A57C52007F3F00007F5F3F004C2600004C39260026130000261C1300FF3F0000FF9F7F00A5290000A56752007F1F00007F4F3F004C1300004C2F26002609000026171300FF000000FF7F7F00A5000000A55252007F0000007F3F3F004C0000004C2626002600000026131300FF00
310
3F00FF7F9F00A5002900A55267007F001F007F3F4F004C0013004C262F002600090026131700FF007F00FF7FBF00A5005200A5527C007F003F007F3F5F004C0026004C2639002600130026131C00FF00BF00FF7FDF00A5007C00A55291007F005F007F3F6F004C0039004C26420026001C0026132100FF00FF00FF7FFF00A5
310
00A500A552A5007F007F007F3F7F004C004C004C264C002600260026132600BF00FF00DF7FFF007C00A5009152A5005F007F006F3F7F0039004C0042264C001C002600211326007F00FF00BF7FFF005200A5007C52A5003F007F005F3F7F0026004C0039264C00130026001C1326003F00FF009F7FFF002900A5006752A500
310
1F007F004F3F7F0013004C002F264C000900260017132600000000002D2D2D005B5B5B0089898900B7B7B700B3B3B30009090909090909090909090909090909090909090909090909090909090909090909090909090909090909090909090909090909090909090909090909090909090909090909090909090909090909
310
09090909090909090909090909090909090909090909090909090909090909090909090909090909090909090909090909090909090909090909090909090909090909090909090909090909090909090909090909090909090909090909090909090909090909090909090909090909090909090909090909090909090909
310
09090909090909090909090909090909090909090909090909090909090909090909090909090909090909090909090909090909090909090909090909090909090909090909090909090909090909090909090909090909090909090909090909090909090909090909090909090909090909090909090909090909090909
310
09090909090909090909090909090909090909090909090909090909090909090909090909090909090909090909090909090909090909090909090909090909090909090909090909090909090909090909090909090909090909090909090909090909090909090909090909090909090909090909090909090909090909
310
09090909090909090909090909090909090909090909090909090909090909090909090909090909090909090909090909090909090909090909090909090909090909090909090909090909090909090909090909090909090909090909090909090909090909090909090909090909090909090909090909090909090909
310
09090909090909090909090909090909090909090909090909090909090909090909090909090909090909090909090909090909090909090909090909090909090909090909090909090909090909090909090909090909090909090909090909090909090909090909090909090909090909090909090909090909090909
310
09090909090909090909090909090909090909090909090909090909090909090909090909090909090909090909090909090909090909090909090909090909090909090909090909090909090909090909090909090909090909090909090909090909090909090909090909090909090909090909090909090909090909
310
09090909090909090909090909090909090909090909090909090909090909090909090909090909090909090909090909090909090909090909090909090909090909090909090909090909090909090909090909090909090909090909090909090909090909090909090909090909090909090909090909090909090909
310
09090909090909090909090909090909090909090909090909090909090909090909090909090909090909090909090909090909090909090909090909090909090909090909090909090909090909090909090909090909090909090909090909090909090909090909090909090909090909090909090909090909090909
310
09090909090909090909090909090909090909090909090909090909090909090909090909090909090909090909090909090909090909090909090909090909090909090909090909090909090909090909090909090909090909090909090909090909090909090909090909090909090909090909090909090909090909
310
09090909090909090909090909090909090909090909090909090909090909090909090909090909090909090909090909090909090909090909090909090909090909090909090909090909090909090909090909090909090909090909090909090909090909090909090909090909090909090909090909090909090909
310
09090909090909090909090909090909090909090909090909090909090909090909090909090909090909090909090909090909090909090909090909090909090909090909090909090909090909090909090909090909090909090909090909090909090909090909090909090909090909090909090909090909090909
310
09090909090909090909090909090909090909090909090909090909090909090909090909090909090909090909090909090909090909090909090909090909090909090909090909090909090909090909090909090909090909090909090909090909090909090909090909090909090909090909090909090909090909
310
09090909090909090909090909090909090909090909090909090909090909090909090909090909090909090909090909090909090909090909090909090909090909090909090909090909090909090909090909090909090909090909090909090909090909090909090909090909090909090909090909090909090909
310
09090909090909090909090909090909090909090909090909090909090909090909090909090909090909090909090909090909090909090909090909090909090909090909090909090909090909090909090909090909090909090909090909090909090909090909090909090909090909090909090909090909090909
310
09090909090909090909090909090909090909090909090909090909090909090909090909090909090909090909090909090909090909090909090909090909090909090909090909090909090909090909090909090909090909090909090909090909090909090909090909090909090909090909090909090909090909
310
09090909090909090909090909090909090909090909090909090909090909090909090909090909090909090909090909090909090909090909090909090909090909090909090909090909090909090909090909090909090909090909090909090909090909090909090909090909090909090909090909090909090909
310
09090909090909090909090909090909090909090909090909090909090909090909090909090909090909090909090909090909090909090909090909090909090909090909090909090909090909090909090909090909090909090909090909090909090909090909090909090909090909090909090909090909090909
310
09090909090909090909090909090909090909090909090909090909090909090909090909090909090909090909090909090909090909090909090909090909090909090909090909090909090909090909090909090909090909090909090909090909090909090909090909090909090909090909090909090909090909
310
09090909090909090909090909090909090909090909090909090909090909090909090909090909090909090909090909090909090909090909090909090909090909090909090909090909090909090909090909090909090909090909090909090909090909090909090909090909090909090909090909090909090909
310
09090909090909090909090909090909090909090909090909090909090909090909090909090909090909090909090909090909090909090909090909090909090909090909090909090909090909090909090909090909090909090909090909090909090909090909090909090909090909090909090909090909090909
310
09090909090909090909090909090909090909090909090909090909090909090909090909090909090909090909090909090909090909090909090909090909090909090909090909090909090909090909090909090909090909090909090909090909090909090909090909090909090909090909090909090909090909
310
09090909090909090909090909090909090909090909090909090909090909090909090909090909090909090909090909090909090909090909090909090909090909090909090909090909090909090909090909090909090909090909090909090909090909090909090909090909090909090909090909090909090909
310
09090909090909090909090909090909090909090909090909090909090909090909090909090909090909090909090909090909090909090909090909090909090909090909090909090909090909090909090909090909090909090909090909090909090909090909090909090909090909090909090909090909090909
310
09090909090909090909090909090909090909090909090909090909090909090909090909090909090909090909090909090909090909090909090909090909090909090909090909090909090909090909090909090909090909090909090909090909090909090909090909090909090909090909090909090909090909
310
09090909090909090909090909090909090909090909090909090909090909090909090909090909090909090909090909090909090909090909090909090909090909090909090909090909090909090909090909090909090909090909090909090909090909090909090909090909090909090909090909090909090909
310
09090909090909090909090909090909090909090909090909090909090909090909090909090909090909090909090909090909090909090909090909090909090909090909090909090909090909090909090909090909090909090909090909090909090909090909090909090909090909090909090909090909090909
310
09090909090909090909090909090909090909090909090909090909090909090909090909090909090909090909090909090909090909090909090909090909090909090909090909090909090909090909090909090909090909090909090909090909090909090909090909090909090909090909090909090909090909
310
09090909090909090909090909090909090909090909090909090909090909090909090909090909090909090909090909090909090909090909090909090909090909090909090909090909090909090909090909090909090909090909090909090909090909090909090909090909090909090909090909090909090909
310
09090909090909090909090909090909090909090909090909090909090909090909090909090909090909090909090909090909090909090909090909090909090909090909090909090909090909090909090909090909090909090909090909090909090909090909090909090909090909090909090909090909090909
310
09090909090909090909090909090909090909090909090909090909090909090909090909090909090909090909090909090909090909090909090909090909090909090909090909090909090909090909090909090909090909090909090909090909090909090909090909090909090909090909090909090909090909
310
09090909090909090909090909090909090909090909090909090909090909090909090909090909090909090909090909090909090909090909090909090909090909090909090909090909090909090909090909090909090909090909090909090909090909090909090909090909090909090909090909090909090909
310
09090909090909090909090909090909090909090909090909090909090909090909090909090909090909090909090909090909090909090909090909090909090909090909090909090909090909090909090909090909090909090909090909090909090909090909090909090909090909090909090909090909090909
310
09090909090909090909090909090909090909090909090909090909090909090909090909090909090909090909090909090909090909090909090909090909090909090909090909090909090909090909090909090909090909090909090909090909090909090909090909090909090909090909090909090909090909
310
09090909090909090909090909090909090909090909090909090909090909090909090909090909090909090909090909090909090909090909090909090909090909090909090909090909090909090909090909090909090909090909090909090909090909090909090909090909090909090909090909090909090909
310
09090909090909090909090909090909090909090909090909090909090909090909090909090909090909090909090909090909090909090909090909090909090909090909090909090909090909090909090909090909090909090909090909090909090909090909090909090909090909090909090909090909090909
310
09090909090909090909090909090909090909090909090909090909090909090909090909090909090909090909090909090909090909090909090909090909090909090909090909090909090909090909090909090909090909090909090909090909090909090909090909090909090909090909090909090909090909
310
09090909090909090909090909090909090909090909090909090909090909090909090909090909090909090909090909090909090909090909090909090909090909090909090909090909090909090909090909090909090909090909090909090909090909090909090909090909090909090909090909090909090909
310
09090909090909090909090909090909090909090909090909090909090909090909090909090909090909090909090909090909090909090909090909090909090909090909090909090909090909090909090909090909090909090909090909090909090909090909090909090909090909090909090909090909090909
310
09090909090909090909090909090909090909090909090909090909090909090909090909090909090909090909090909090909090909090909090909090909090909090909090909090909090909090909090909090909090909090909090909090909090909090909090909090909090909090909090909090909090909
310
09090909090909090909090909090909090909090909090909090909090909090909090909090909090909090909090909090909090909090909090909090909090909090909090909090909090909090909090909090909090909090909090909090909090909090909090909090909090909090909090909090909090909
310
09090909090909090909090909090909090909090909090909090909090909090909090909090909090909090909090909090909090909090909090909090909090909090909090909090909090909090909090909090909090909090909090909090909090909090909090909090909090909090909090909090909090909
310
09090909090909090909090909090909090909090909090909090909090909090909090909090909090909090909090909090909090909090909090909090909090909090909090909090909090909090909090909090909090909090909090909090909090909090909090909090909090909090909090909090909090909
310
09090909090909090909090909090909090909090909090909090909090909090909090909090909090909090909090909090909090909090909090909090909090909090909090909090909090909090909090909090909090909090909090909090909090909090909090909090909090909090909090909090909090909
310
09090909090909090909090909090909090909090909090909090909090909090909090909090909090909090909090909090909090909090909090909090909090909090909090909090909090909090909090909090909090909090909090909090909090909090909090909090909090909090909090909090909090909
310
09090909090909090909090909090909090909090909090909090909090909090909090909090909090909090909090909090909090909090909090909090909090909090909090909090909090909090909090909090909090909090909090909090909090909090909090909090909090909090909090909090909090909
310
09090909090909090909090909090909090909090909090909090909090909090909090909090909090909090909090909090909090909090909090909090909090909090909090909090909090909090909090909090909090909090909090909090909090909090909090909090909090909090909090909090909090909
310
09090909090909090909090909090909090909090909090909090909090909090909090909090909090909090909090909090909090909090909090909090909090909090909090909090909090909090909090909090909090909090909090909090909090909090909090909090909090909090909090909090909090909
310
09090909090909090909090909090909090909090909090909090909090909090909090909090909090909090909090909090909090909090909090909090909090909090909090909090909090909090909090909090909090909090909090909090909090909090909090909090909090909090909090909090909090909
310
09090909090909090909090909090909090909090909090909090909090909090909090909090909090909090909090909090909090909090909090909090909090909090909090909090909090909090909090909090909090909090909090909090909090909090909090909090909090909090909090909090909090909
310
09090909090909090909090909090909090909090909090909090909090909090909090909090909090909090909090909090909090909090909090909090909090909090909090909090909090909090909090909090909090909090909090909090909090909090909090909090909090909090909090909090909090909
310
09090909090909090909090909090909090909090909090909090909090909090909090909090909090909090909090909090909090909090909090909090909090909090909090909090909090909090909090909090909090909090909090909090909090909090909090909090909090909090909090909090909090909
310
09090909090909090909090909090909090909090909090909090909090909090909090909090909090909090909090909090909090909090909090909090909090909090909090909090909090909090909090909090909090909090909090909090909090909090909090909090909090909090909090909090909090909
310
09090909090909090909090909090909090909090909090909090909090909090909090909090909090909090909090909090909090909090909090909090909090909090909090909090909090909090909090909090909090909090909090909090909090909090909090909090909090909090909090909090909090909
310
09090909090909090909090909090909090909090909090909090909090909090909090909090909090909090909090909090909090909090909090909090909090909090909090909090909090909090909090909090909090909090909090909090909090909090909090909090909090909090909090909090909090909
310
09090909090909090909090909090909090909090909090909090909090909090909090909090909090909090909090909090909090909090909090909090909090909090909090909090909090909090909090909090909090909090909090909090909090909090909090909090909090909090909090909090909090909
310
09090909090909090909090909090909090909090909090909090909090909090909090909090909090909090909090909090909090909090909090909090909090909090909090909090909090909090909090909090909090909090909090909090909090909090909090909090909090909090909090909090909090909
310
09090909090909090909090909090909090909090909090909090909090909090909090909090909090909090909090909090909090909090909090909090909090909090909090909090909090909090909090909090909090909090909090909090909090909090909090909090909090909090909090909090909090909
310
09090909090909090909090909090909090909090909090909090909090909090909090909090909090909090909090909090909090909090909090909090909090909090909090909090909090909090909090909090909090909090909090909090909090909090909090909090909090909090909090909090909090909
310
09090909090909090909090909090909090909090909090909090909090909090909090909090909090909090909090909090909090909090909090909090909090909090909090909090909090909090909090909090909090909090909090909090909090909090909090909090909090909090909090909090909090909
310
09090909090909090909090909090909090909090909090909090909090909090909090909090909090909090909090909090909090909090909090909090909090909090909090909090909090909090909090909090909090909090909090909090909090909090909090909090909090909090909090909090909090909
310
09090909090909090909090909090909090909090909090909090909090909090909090909090909090909090909090909090909090909090909090909090909090909090909090909090909090909090909090909090909090909090909090909090909090909090909090909090909090909090909090909090909090909
310
09090909090909090909090909090909090909090909090909090909090909090909090909090909090909090909090909090909090909090909090909090909090909090909090909090909090909090909090909090909090909090909090909090909090909090909090909090909090909090909090909090909090909
310
09090909090909090909090909090909090909090909090909090909090909090909090909090909090909090909090909090909090909090909090909090909090909090909090909090909090909090909090909090909090909090909090909090909090909090909090909090909090909090909090909090909090909
310
09090909090909090909090909090909090909090909090909090909090909090909090909090909090909090909090909090909090909090909090909090909090909090909090909090909090909090909090909090909090909090909090909090909090909090909090909090909090909090909090909090909090909
310
09090909090909090909090909090909090909090909090909090909090909090909090909090909090909090909090909090909090909090909090909090909090909090909090909090909090909090909090909090909090909090909090909090909090909090909090909090909090909090909090909090909090909
310
09090909090909090909090909090909090909090909090909090909090909090909090909090909090909090909090909090909090909090909090909090909090909090909090909090909090909090909090909090909090909090909090909090909090909090909090909090909090909090909090909090909090909
310
09090909090909090909090909090909090909090909090909090909090909090909090909090909090909090909090909090909090909090909090909090909090909090909090909090909090909090909090909090909090909090909090909090909090909090909090909090909090909090909090909090909090909
310
09090909090909090909090909090909090909090909090909090909090909090909090909090909090909090909090909090909090909090909090909090909090909090909090909090909090909090909090909090909090909090909090909090909090909090909090909090909090909090909090909090909090909
310
09090909090909090909090909090909090909090909090909090909090909090909090909090909090909090909090909090909090909090909090909090909090909090909090909090909090909090909090909090909090909090909090909090909090909090909090909090909090909090909090909090909090909
310
09090909090909090909090909090909090909090909090909090909090909090909090909090909090909090909090909090909090909090909090909090909090909090909090909090909090909090909090909090909090909090909090909090909090909090909090909090909090909090909090909090909090909
310
09090909090909090909090909090909090909090909090909090909090909090909090909090909090909090909090909090909090909090909090909090909090909090909090909090909090909090909090909090909090909090909090909090909090909090909090909090909090909090909090909090909090909
310
09090909090909090909090909090909090909090909090909090909090909090909090909090909090909090909090909090909090909090909090909090909090909090909090909090909090909090909090909090909090909090909090909090909090909090909090909090909090909090909090909090909090909
310
09090909090909090909090909090909090909090909090909090909090909090909090909090909090909090909090909090909090909090909090909090909090909090909090909090909090909090909090909090909090909090909090909090909090909090909090909090909090909090909090909090909090909
310
09090909090909090909090909090909090909090909090909090909090909090909090909090909090909090909090909090909090909090909090909090909090909090909090909090909090909090909090909090909090909090909090909090909090909090909090909090909090909090909090909090909090909
310
09090909090909090909090909090909090909090909090909090909090909090909090909090909090909090909090909090909090909090909090909090909090909090909090909090909090909090909090909090909090909090909090909090909090909090909090909090909090909090909090909090909090909
310
09090909090909090909090909090909090909090909090909090909090909090909090909090909090909090909090909090909090909090909090909090909090909090909090909090909090909090909090909090909090909090909090909090909090909090909090909090909090909090909090909090909090909
310
09090909090909090909090909090909090909090909090909090909090909090909090909090909090909090909090909090909090909090909090909090909090909090909090909090909090909090909090909090909090909090909090909090909090909090909090909090909090909090909090909090909090909
310
09090909090909090909090909090909090909090909090909090909090909090909090909090909090909090909090909090909090909090909090909090909090909090909090909090909090909090909090909090909090909090909090909090909090909090909090909090909090909090909090909090909090909
310
09090909090909090909090909090909090909090909090909090909090909090909090909090909090909090909090909090909090909090909090909090909090909090909090909090909090909090909090909090909090909090909090909090909090909090909090909090909090909090909090909090909090909
310
09090909090909090909090909090909090909090909090909090909090909090909090909090909090909090909090909090909090909090909090909090909090909090909090909090909090909090909090909090909090909090909090909090909090909090909090909090909090909090909090909090909090909
310
09090909090909090909090909090909090909090909090909090909090909090909090909090909090909090909090909090909090909090909090909090909090909090909090909090909090909090909090909090909090909090909090909090909090909090909090909090909090909090909090909090909090909
310
09090909090909090909090909090909090909090909090909090909090909090909090909090909090909090909090909090909090909090909090909090909090909090909090909090909090909090909090909090909090909090909090909090909090909090909090909090909090909090909090909090909090909
310
09090909090909090909090909090909090909090909090909090909090909090909090909090909090909090909090909090909090909090909090909090909090909090909090909090909090909090909090909090909090909090909090909090909090909090909090909090909090909090909090909090909090909
310
09090909090909090909090909090909090909090909090909090909090909090909090909090909090909090909090909090909090909090909090909090909090909090909090909090909090909090909090909090909090909090909090909090909090909090909090909090909090909090909090909090909090909
310
09090909090909090909090909090909090909090909090909090909090909090909090909090909090909090909090909090909090909090909090909090909090909090909090909090909090909090909090909090909090909090909090909090909090909090909090909090909090909090909090909090909090909
310
09090909090909090909090909090909090909090909090909090909090909090909090909090909090909090909090909090909090909090909090909090909090909090909090909090909090909090909090909090909090909090909090909090909090909090909090909090909090909090909090909090909090909
310
09090909090909090909090909090909090909090909090909090909090909090909090909090909090909090909090909090909090909090909090909090909090909090909090909090909090909090909090909090909090909090909090909090909090909090909090909090909090909090909090909090909090909
310
09090909090909090909090909090909090909090909090909090909090909090909090909090909090909090909090909090909090909090909090909090909090909090909090909090909090909090909090909090909090909090909090909090909090909090909090909090909090909090909090909090909090909
310
09090909090909090909090909090909090909090909090909090909090909090909090909090909090909090909090909090909090909090909090909090909090909090909090909090909090909090909090909090909090909090909090909090909090909090909090909090909090909090909090909090909090909
310
09090909090909090909090909090909090909090909090909090909090909090909090909090909090909090909090909090909090909090909090909090909090909090909090909090909090909090909090909090909090909090909090909090909090909090909090909090909090909090909090909090909090909
310
09090909090909090909090909090909090909090909090909090909090909090909090909090909090909090909090909090909090909090909090909090909090909090909090909090909090909090909090909090909090909090909090909090909090909090909090909090909090909090909090909090909090909
310
09090909090909090909090909090909090909090909090909090909090909090909090909090909090909090909090909090909090909090909090909090909090909090909090909090909090909090909090909090909090909090909090909090909090909090909090909090909090909090909090909090909090909
310
09090909090909090909090909090909090909090909090909090909090909090909090909090909090909090909090909090909090909090909090909090909090909090909090909090909090909090909090909090909090909090909090909090909090909090909090909090909090909090909090909090909090909
310
09090909090909090909090909090909090909090909090909090909090909090909090909090909090909090909090909090909090909090909090909090909090909090909090909090909090909090909090909090909090909090909090909090909090909090909090909090909090909090909090909090909090909
310
09090909090909090909090909090909090909090909090909090909090909090909090909090909090909090909090909090909090909090909090909090909090909090909090909090909090909090909090909090909090909090909090909090909090909090909090909090909090909090909090909090909090909
310
09090909090909090909090909090909090909090909090909090909090909090909090909090909090909090909090909090909090909090909090909090909090909090909090909090909090909090909090909090909090909090909090909090909090909090909090909090909090909090909090909090909090909
310
09090909090909090909090909090909090909090909090909090909090909090909090909090909090909090909090909090909090909090909090909090909090909090909090909090909090909090909090909090909090909090909090909090909090909090909090909090909090909090909090909090909090909
310
09090909090909090909090909090909090909090909090909090909090909090909090909090909090909090909090909090909090909090909090909090909090909090909090909090909090909090909090909090909090909090909090909090909090909090909090909090909090909090909090909090909090909
310
09090909090909090909090909090909090909090909090909090909090909090909090909090909090909090909090909090909090909090909090909090909090909090909090909090909090909090909090909090909090909090909090909090909090909090909090909090909090909090909090909090909090909
310
09090909090909090909090909090909090909090909090909090909090909090909090909090909090909090909090909090909090909090909090909090909090909090909090909090909090909090909090909090909090909090909090909090909090909090909090909090909090909090909090909090909090909
310
09090909090909090909090909090909090909090909090909090909090909090909090909090909090909090909090909090909090909090909090909090909090909090909090909090909090909090909090909090909090909090909090909090909090909090909090909090909090909090909090909090909090909
310
09090909090909090909090909090909090909090909090909090909090909090909090909090909090909090909090909090909090909090909090909090909090909090909090909090909090909090909090909090909090909090909090909090909090909090909090909090909090909090909090909090909090909
310
09090909090909090909090909090909090909090909090909090909090909090909090909090909090909090909090909090909090909090909090909090909090909090909090909090909090909090909090909090909090909090909090909090909090909090909090909090909090909090909090909090909090909
310
09090909090909090909090909090909090909090909090909090909090909090909090909090909090909090909090909090909090909090909090909090909090909090909090909090909090909090909090909090909090909090909090909090909090909090909090909090909090909090909090909090909090909
310
09090909090909090909090909090909090909090909090909090909090909090909090909090909090909090909090909090909090909090909090909090909090909090909090909090909090909090909090909090909090909090909090909090909090909090909090909090909090909090909090909090909090909
310
09090909090909090909090909090909090909090909090909090909090909090909090909090909090909090909090909090909090909090909090909090909090909090909090909090909090909090909090909090909090909090909090909090909090909090909090909090909090909090909090909090909090909
310
09090909090909090909090909090909090909090909090909090909090909090909090909090909090909090909090909090909090909090909090909090909090909090909090909090909090909090909090909090909090909090909090909090909090909090909090909090909090909090909090909090909090909
310
09090909090909090909090909090909090909090909090909090909090909090909090909090909090909090909090909090909090909090909090909090909090909090909090909090909090909090909090909090909090909090909090909090909090909090909090909090909090909090909090909090909090909
310
09090909090909090909090909090909090909090909090909090909090909090909090909090909090909090909090909090909090909090909090909090909090909090909090909090909090909090909090909090909090909090909090909090909090909090909090909090909090909090909090909090909090909
310
09090909090909090909090909090909090909090909090909090909090909090909090909090909090909090909090909090909090909090909090909090909090909090909090909090909090909090909090909090909090909090909090909090909090909090909090909090909090909090909090909090909090909
310
09090909090909090909090909090909090909090909090909090909090909090909090909090909090909090909090909090909090909090909090909090909090909090909090909090909090909090909090909090909090909090909090909090909090909090909090909090909090909090909090909090909090909
310
09090909090909090909090909090909090909090909090909090909090909090909090909090909090909090909090909090909090909090909090909090909090909090909090909090909090909090909090909090909090909090909090909090909090909090909090909090909090909090909090909090909090909
310
09090909090909090909090909090909090909090909090909090909090909090909090909090909090909090909090909090909090909090909090909090909090909090909090909090909090909090909090909090909090909090909090909090909090909090909090909090909090909090909090909090909090909
310
09090909090909090909090909090909090909090909090909090909090909090909090909090909090909090909090909090909090909090909090909090909090909090909090909090909090909090909090909090909090909090909090909090909090909090909090909090909090909090909090909090909090909
310
09090909090909090909090909090909090909090909090909090909090909090909090909090909090909090909090909090909090909090909090909090909090909090909090909090909090909090909090909090909090909090909090909090909090909090909090909090909090909090909090909090909090909
310
09090909090909090909090909090909090909090909090909090909090909090909090909090909090909090909090909090909090909090909090909090909090909090909090909090909090909090909090909090909090909090909090909090909090909090909090909090909090909090909090909090909090909
310
09090909090909090909090909090909090909090909090909090909090909090909090909090909090909090909090909090909090909090909090909090909090909090909090909090909090909090909090909090909090909090909090909090909090909090909090909090909090909090909090909090909090909
310
09090909090909090909090909090909090909090909090909090909090909090909090909090909090909090909090909090909090909090909090909090909090909090909090909090909090909090909090909090909090909090909090909090909090909090909090909090909090909090909090909090909090909
310
09090909090909090909090909090909090909090909090909090909090909090909090909090909090909090909090909090909090909090909090909090909090909090909090909090909090909090909090909090909090909090909090909090909090909090909090909090909090909090909090909090909090909
310
09090909090909090909090909090909090909090909090909090909090909090909090909090909090909090909090909090909090909090909090909090909090909090909090909090909090909090909090909090909090909090909090909090909090909090909090909090909090909090909090909090909090909
310
09090909090909090909090909090909090909090909090909090909090909090909090909090909090909090909090909090909090909090909090909090909090909090909090909090909090909090909090909090909090909090909090909090909090909090909090909090909090909090909090909090909090909
310
09090909090909090909090909090909090909090909090909090909090909090909090909090909090909090909090909090909090909090909090909090909090909090909090909090909090909090909090909090909090909090909090909090909090909090909090909090909090909090909090909090909090909
310
09090909090909090909090909090909090909090909090909090909090909090909090909090909090909090909090909090909090909090909090909090909090909090909090909090909090909090909090909090909090909090909090909090909090909090909090909090909090909090909090909090909090909
310
09090909090909090909090909090909090909090909090909090909090909090909090909090909090909090909090909090909090909090909090909090909090909090909090909090909090909090909090909090909090909090909090909090909090909090909090909090909090909090909090909090909090909
310
09090909090909090909090909090909090909090909090909090909090909090909090909090909090909090909090909090909090909090909090909090909090909090909090909090909090909090909090909090909090909090909090909090909090909090909090909090909090909090909090909090909090909
310
09090909090909090909090909090909090909090909090909090909090909090909090909090909090909090909090909090909090909090909090909090909090909090909090909090909090909090909090909090909090909090909090909090909090909090909090909090909090909090909090909090909090909
310
09090909090909090909090909090909090909090909090909090909090909090909090909090909090909090909090909090909090909090909090909090909090909090909090909090909090909090909090909090909090909090909090909090909090909090909090909090909090909090909090909090909090909
310
09090909090909090909090909090909090909090909090909090909090909090909090909090909090909090909090909090909090909090909090909090909090909090909090909090909090909090909090909090909090909090909090909090909090909090909090909090909090909090909090909090909090909
310
09090909090909090909090909090909090909090909090909090909090909090909090909090909090909090909090909090909090909090909090909090909090909090909090909090909090909090909090909090909090909090909090909090909090909090909090909090909090909090909090909090909090909
310
09090909090909090909090909090909090909090909090909090909090909090909090909090909090909090909090909090909090909090909090909090909090909090909090909090909090909090909090909090909090909090909090909090909090909090909090909090909090909090909090909090909090909
310
09090909090909090909090909090909090909090909090909090909090909090909090909090909090909090909090909090909090909090909090909090909090909090909090909090909090909090909090909090909090909090909090909090909090909090909090909090909090909090909090909090909090909
310
09090909090909090909090909090909090909090909090909090909090909090909090909090909090909090909090909090909090909090909090909090909090909090909090909090909090909090909090909090909090909090909090909090909090909090909090909090909090909090909090909090909090909
310
09090909090909090909090909090909090909090909090909090909090909090909090909090909090909090909090909090909090909090909090909090909090909090909090909090909090909090909090909090909090909090909090909090909090909090909090909090909090909090909090909090909090909
310
09090909090909090909090909090909090909090909090909090909090909090909090909090909090909090909090909090909090909090909090909090909090909090909090909090909090909090909090909090909090909090909090909090909090909090909090909090909090909090909090909090909090909
310
09090909090909090909090909090909090909090909090909090909090909090909090909090909090909090909090909090909090909090909090909090909090909090909090909090909090909090909090909090909090909090909090909090909090909090909090909090909090909090909090909090909090909
310
09090909090909090909090909090909090909090909090909090909090909090909090909090909090909090909090909090909090909090909090909090909090909090909090909090909090909090909090909090909090909090909090909090909090909090909090909090909090909090909090909090909090909
310
09090909090909090909090909090909090909090909090909090909090909090909090909090909090909090909090909090909090909090909090909090909090909090909090909090909090909090909090909090909090909090909090909090909090909090909090909090909090909090909090909090909090909
310
09090909090909090909090909090909090909090909090909090909090909090909090909090909090909090909090909090909090909090909090909090909090909090909090909090909090909090909090909090909090909090909090909090909090909090909090909090909090909090909090909090909090909
310
09090909090909090909090909090909090909090909090909090909090909090909090909090909090909090909090909090909090909090909090909090909090909090909090909090909090909090909090909090909090909090909090909090909090909090909090909090909090909090909090909090909090909
310
09090909090909090909090909090909090909090909090909090909090909090909090909090909090909090909090909090909090909090909090909090909090909090909090909090909090909090909090909090909090909090909090909090909090909090909090909090909090909090909090909090909090909
310
09090909090909090909090909090909090909090909090909090909090909090909090909090909090909090909090909090909090909090909090909090909090909090909090909090909090909090909090909090909090909090909090909090909090909090909090909090909090909090909090909090909090909
310
09090909090909090909090909090909090909090909090909090909090909090909090909090909090909090909090909090909090909090909090909090909090909090909090909090909090909090909090909090909090909090909090909090909090909090909090909090909090909090909090909090909090909
310
09090909090909090909090909090909090909090909090909090909090909090909090909090909090909090909090909090909090909090909090909090909090909090909090909090909090909090909090909090909090909090909090909090909090909090909090909090909090909090909090909090909090909
310
09090909090909090909090909090909090909090909090909090909090909090909090909090909090909090909090909090909090909090909090909090909090909090909090909090909090909090909090909090909090909090909090909090909090909090909090909090909090909090909090909090909090909
310
09090909090909090909090909090909090909090909090909090909090909090909090909090909090909090909090909090909090909090909090909090909090909090909090909090909090909090909090909090909090909090909090909090909090909090909090909090909090909090909090909090909090909
310
09090909090909090909090909090909090909090909090909090909090909090909090909090909090909090909090909090909090909090909090909090909090909090909090909090909090909090909090909090909090909090909090909090909090909090909090909090909090909090909090909090909090909
310
09090909090909090909090909090909090909090909090909090909090909090909090909090909090909090909090909090909090909090909090909090909090909090909090909090909090909090909090909090909090909090909090909090909090909090909090909090909090909090909090909090909090909
310
09090909090909090909090909090909090909090909090909090909090909090909090909090909090909090909090909090909090909090909090909090909090909090909090909090909090909090909090909090909090909090909090909090909090909090909090909090909090909090909090909090909090909
310
09090909090909090909090909090909090909090909090909090909090909090909090909090909090909090909090909090909090909090909090909090909090909090909090909090909090909090909090909090909090909090909090909090909090909090909090909090909090909090909090909090909090909
310
09090909090909090909090909090909090909090909090909090909090909090909090909090909090909090909090909090909090909090909090909090909090909090909090909090909090909090909090909090909090909090909090909090909090909090909090909090909090909090909090909090909090909
310
09090909090909090909090909090909090909090909090909090909090909090909090909090909090909090909090909090909090909090909090909090909090909090909090909090909090909090909090909090909090909090909090909090909090909090909090909090909090909090909090909090909090909
310
09090909090909090909090909090909090909090909090909090909090909090909090909090909090909090909090909090909090909090909090909090909090909090909090909090909090909090909090909090909090909090909090909090909090909090909090909090909090909090909090909090909090909
310
09090909090909090909090909090909090909090909090909090909090909090909090909090909090909090909090909090909090909090909090909090909090909090909090909090909090909090909090909090909090909090909090909090909090909090909090909090909090909090909090909090909090909
310
09090909090909090909090909090909090909090909090909090909090909090909090909090909090909090909090909090909090909090909090909090909090909090909090909090909090909090909090909090909090909090909090909090909090909090909090909090909090909090909090909090909090909
310
09090909090909090909090909090909090909090909090909090909090909090909090909090909090909090909090909090909090909090909090909090909090909090909090909090909090909090909090909090909090909090909090909090909090909090909090909090909090909090909090909090909090909
310
09090909090909090909090909090909090909090909090909090909090909090909090909090909090909090909090909090909090909090909090909090909090909090909090909090909090909090909090909090909090909090909090909090909090909090909090909090909090909090909090909090909090909
310
09090909090909090909090909090909090909090909090909090909090909090909090909090909090909090909090909090909090909090909090909090909090909090909090909090909090909090909090909090909090909090909090909090909090909090909090909090909090909090909090909090909090909
310
09090909090909090909090909090909090909090909090909090909090909090909090909090909090909090909090909090909090909090909090909090909090909090909090909090909090909090909090909090909090909090909090909090909090909090909090909090909090909090909090909090909090909
310
09090909090909090909090909090909090909090909090909090909090909090909090909090909090909090909090909090909090909090909090909090909090909090909090909090909090909090909090909090909090909090909090909090909090909090909090909090909090909090909090909090909090909
310
09090909090909090909090909090909090909090909090909090909090909090909090909090909090909090909090909090909090909090909090909090909090909090909090909090909090909090909090909090909090909090909090909090909090909090909090909090909090909090909090909090909090909
310
09090909090909090909090909090909090909090909090909090909090909090909090909090909090909090909090909090909090909090909090909090909090909090909090909090909090909090909090909090909090909090909090909090909090909090909090909090909090909090909090909090909090909
310
09090909090909090909090909090909090909090909090909090909090909090909090909090909090909090909090909090909090909090909090909090909090909090909090909090909090909090909090909090909090909090909090909090909090909090909090909090909090909090909090909090909090909
310
09090909090909090909090909090909090909090909090909090909090909090909090909090909090909090909090909090909090909090909090909090909090909090909090909090909090909090909090909090909090909090909090909090909090909090909090909090909090909090909090909090909090909
310
09090909090909090909090909090909090909090909090909090909090909090909090909090909090909090909090909090909090909090909090909090909090909090909090909090909090909090909090909090909090909090909090909090909090909090909090909090909090909090909090909090909090909
310
09090909090909090909090909090909090909090909090909090909090909090909090909090909090909090909090909090909090909090909090909090909090909090909090909090909090909090909090909090909090909090909090909090909090909090909090909090909090909090909090909090909090909
310
09090909090909090909090909090909090909090909090909090909090909090909090909090909090909090909090909090909090909090909090909090909090909090909090909090909090909090909090909090909090909090909090909090909090909090909090909090909090909090909090909090909090909
310
09090909090909090909090909090909090909090909090909090909090909090909090909090909090909090909090909090909090909090909090909090909090909090909090909090909090909090909090909090909090909090909090909090909090909090909090909090909090909090909090909090909090909
310
09090909090909090909090909090909090909090909090909090909090909090909090909090909090909090909090909090909090909090909090909090909090909090909090909090909090909090909090909090909090909090909090909090909090909090909090909090909090909090909090909090909090909
310
09090909090909090909090909090909090909090909090909090909090909090909090909090909090909090909090909090909090909090909090909090909090909090909090909090909090909090909090909090909090909090909090909090909090909090909090909090909090909090909090909090909090909
310
09090909090909090909090909090909090909090909090909090909090909090909090909090909090909090909090909090909090909090909090909090909090909090909090909090909090909090909090909090909090909090909090909090909090909090909090909090909090909090909090909090909090909
310
09090909090909090909090909090909090909090909090909090909090909090909090909090909090909090909090909090909090909090909090909090909090909090909090909090909090909090909090909090909090909090909090909090909090909090909090909090909090909090909090909090909090909
310
09090909090909090909090909090909090909090909090909090909090909090909090909090909090909090909090909090909090909090909090909090909090909090909090909090909090909090909090909090909090909090909090909090909090909090909090909090909090909090909090909090909090909
310
09090909090909090909090909090909090909090909090909090909090909090909090909090909090909090909090909090909090909090909090909090909090909090909090909090909090909090909090909090909090909090909090909090909090909090909090909090909090909090909090909090909090909
310
09090909090909090909090909090909090909090909090909090909090909090909090909090909090909090909090909090909090909090909090909090909090909090909090909090909090909090909090909090909090909090909090909090909090909090909090909090909090909090909090909090909090909
310
09090909090909090909090909090909090909090909090909090909090909090909090909090909090909090909090909090909090909090909090909090909090909090909090909090909090909090909090909090909090909090909090909090909090909090909090909090909090909090909090909090909090909
310
09090909090909090909090909090909090909090909090909090909090909090909090909090909090909090909090909090909090909090909090909090909090909090909090909090909090909090909090909090909090909090909090909090909090909090909090909090909090909090909090909090909090909
310
09090909090909090909090909090909090909090909090909090909090909090909090909090909090909090909090909090909090909090909090909090909090909090909090909090909090909090909090909090909090909090909090909090909090909090909090909090909090909090909090909090909090909
310
09090909090909090909090909090909090909090909090909090909090909090909090909090909090909090909090909090909090909090909090909090909090909090909090909090909090909090909090909090909090909090909090909090909090909090909090909090909090909090909090909090909090909
310
09090909090909090909090909090909090909090909090909090909090909090909090909090909090909090909090909090909090909090909090909090909090909090909090909090909090909090909090909090909090909090909090909090909090909090909090909090909090909090909090909090909090909
310
09090909090909090909090909090909090909090909090909090909090909090909090909090909090909090909090909090909090909090909090909090909090909090909090909090909090909090909090909090909090909090909090909090909090909090909090909090909090909090909090909090909090909
310
09090909090909090909090909090909090909090909090909090909090909090909090909090909090909090909090909090909090909090909090909090909090909090909090909090909090909090909090909090909090909090909090909090909090909090909090909090909090909090909090909090909090909
310
09090909090909090909090909090909090909090909090909090909090909090909090909090909090909090909090909090909090909090909090909090909090909090909090909090909090909090909090909090909090909090909090909090909090909090909090909090909090909090909090909090909090909
310
09090909090909090909090909090909090909090909090909090909090909090909090909090909090909090909090909090909090909090909090909090909090909090909090909090909090909090909090909090909090909090909090909090909090909090909090909090909090909090909090909090909090909
310
09090909090909090909090909090909090909090909090909090909090909090909090909090909090909090909090909090909090909090909090909090909090909090909090909090909090909090909090909090909090909090909090909090909090909090909090909090909090909090909090909090909090909
310
09090909090909090909090909090909090909090909090909090909090909090909090909090909090909090909090909090909090909090909090909090909090909090909090909090909090909090909090909090909090909090909090909090909090909090909090909090909090909090909090909090909090909
310
09090909090909090909090909090909090909090909090909090909090909090909090909090909090909090909090909090909090909090909090909090909090909090909090909090909090909090909090909090909090909090909090909090909090909090909090909090909090909090909090909090909090909
310
09090909090909090909090909090909090909090909090909090909090909090909090909090909090909090909090909090909090909090909090909090909090909090909090909090909090909090909090909090909090909090909090909090909090909090909090909090909090909090909090909090909090909
310
09090909090909090909090909090909090909090909090909090909090909090909090909090909090909090909090909090909090909090909090909090909090909090909090909090909090909090909090909090909090909090909090909090909090909090909090909090909090909090909090909090909090909
310
09090909090909090909090909090909090909090909090909090909090909090909090909090909090909090909090909090909090909090909090909090909090909090909090909090909090909090909090909090909090909090909090909090909090909090909090909090909090909090909090909090909090909
310
09090909090909090909090909090909090909090909090909090909090909090909090909090909090909090909090909090909090909090909090909090909090909090909090909090909090909090909090909090909090909090909090909090909090909090909090909090909090909090909090909090909090909
310
09090909090909090909090909090909090909090909090909090909090909090909090909090909090909090909090909090909090909090909090909090909090909090909090909090909090909090909090909090909090909090909090909090909090909090909090909090909090909090909090909090909090909
310
09090909090909090909090909090909090909090909090909090909090909090909090909090909090909090909090909090909090909090909090909090909090909090909090909090909090909090909090909090909090909090909090909090909090909090909090909090909090909090909090909090909090909
310
09090909090909090909090909090909090909090909090909090909090909090909090909090909090909090909090909090909090909090909090909090909090909090909090909090909090909090909090909090909090909090909090909090909090909090909090909090909090909090909090909090909090909
310
09090909090909090909090909090909090909090909090909090909090909090909090909090909090909090909090909090909090909090909090909090909090909090909090909090909090909090909090909090909090909090909090909090909090909090909090909090909090909090909090909090909090909
310
09090909090909090909090909090909090909090909090909090909090909090909090909090909090909090909090909090909090909090909090909090909090909090909090909090909090909090909090909090909090909090909090909090909090909090909090909090909090909090909090909090909090909
310
09090909090909090909090909090909090909090909090909090909090909090909090909090909090909090909090909090909090909090909090909090909090909090909090909090909090909090909090909090909090909090909090909090909090909090909090909090909090909090909090909090909090909
310
09090909090909090909090909090909090909090909090909090909090909090909090909090909090909090909090909090909090909090909090909090909090909090909090909090909090909090909090909090909090909090909090909090909090909090909090909090909090909090909090909090909090909
310
09090909090909090909090909090909090909090909090909090909090909090909090909090909090909090909090909090909090909090909090909090909090909090909090909090909090909090909090909090909090909090909090909090909090909090909090909090909090909090909090909090909090909
310
09090909090909090909090909090909090909090909090909090909090909090909090909090909090909090909090909090909090909090909090909090909090909090909090909090909090909090909090909090909090909090909090909090909090909090909090909090909090909090909090909090909090909
310
09090909090909090909090909090909090909090909090909090909090909090909090909090909090909090909090909090909090909090909090909090909090909090909090909090909090909090909090909090909090909090909090909090909090909090909090909090909090909090909090909090909090909
310
09090909090909090909090909090909090909090909090909090909090909090909090909090909090909090909090909090909090909090909090909090909090909090909090909090909090909090909090909090909090909090909090909090909090909090909090909090909090909090909090909090909090909
310
09090909090909090909090909090909090909090909090909090909090909090909090909090909090909090909090909090909090909090909090909090909090909090909090909090909090909090909090909090909090909090909090909090909090909090909090909090909090909090909090909090909090909
310
09090909090909090909090909090909090909090909090909090909090909090909090909090909090909090909090909090909090909090909090909090909090909090909090909090909090909090909090909090909090909090909090909090909090909090909090909090909090909090909090909090909090909
310
09090909090909090909090909090909090909090909090909090909090909090909090909090909090909090909090909090909090909090909090909090909090909090909090909090909090909090909090909090909090909090909090909090909090909090909090909090909090909090909090909090909090909
310
09090909090909090909090909090909090909090909090909090909090909090909090909090909090909090909090909090909090909090909090909090909090909090909090909090909090909090909090909090909090909090909090909090909090909090909090909090909090909090909090909090909090909
310
09090909090909090909090909090909090909090909090909090909090909090909090909090909090909090909090909090909090909090909090909090909090909090909090909090909090909090909090909090909090909090909090909090909090909090909090909090909090909090909090909090909090909
310
09090909090909090909090909090909090909090909090909090909090909090909090909090909090909090909090909090909090909090909090909090909090909090909090909090909090909090909090909090909090909090909090909090909090909090909090909090909090909090909090909090909090909
310
09090909090909090909090909090909090909090909090909090909090909090909090909090909090909090909090909090909090909090909090909090909090909090909090909090909090909090909090909090909090909090909090909090909090909090909090909090909090909090909090909090909090909
310
09090909090909090909090909090909090909090909090909090909090909090909090909090909090909090909090909090909090909090909090909090909090909090909090909090909090909090909090909090909090909090909090909090909090909090909090909090909090909090909090909090909090909
310
09090909090909090909090909090909090909090909090909090909090909090909090909090909090909090909090909090909090909090909090909090909090909090909090909090909090909090909090909090909090909090909090909090909090909090909090909090909090909090909090909090909090909
310
09090909090909090909090909090909090909090909090909090909090909090909090909090909090909090909090909090909090909090909090909090909090909090909090909090909090909090909090909090909090909090909090909090909090909090909090909090909090909090909090909090909090909
310
09090909090909090909090909090909090909090909090909090909090909090909090909090909090909090909090909090909090909090909090909090909090909090909090909090909090909090909090909090909090909090909090909090909090909090909090909090909090909090909090909090909090909
310
09090909090909090909090909090909090909090909090909090909090909090909090909090909090909090909090909090909090909090909090909090909090909090909090909090909090909090909090909090909090909090909090909090909090909090909090909090909090909090909090909090909090909
310
09090909090909090909090909090909090909090909090909090909090909090909090909090909090909090909090909090909090909090909090909090909090909090909090909090909090909090909090909090909090909090909090909090909090909090909090909090909090909090909090909090909090909
310
09090909090909090909090909090909090909090909090909090909090909090909090909090909090909090909090909090909090909090909090909090909090909090909090909090909090909090909090909090909090909090909090909090909090909090909090909090909090909090909090909090909090909
310
09090909090909090909090909090909090909090909090909090909090909090909090909090909090909090909090909090909090909090909090909090909090909090909090909090909090909090909090909090909090909090909090909090909090909090909090909090909090909090909090909090909090909
310
09090909090909090909090909090909090909090909090909090909090909090909090909090909090909090909090909090909090909090909090909090909090909090909090909090909090909090909090909090909090909090909090909090909090909090909090909090909090909090909090909090909090909
310
09090909090909090909090909090909090909090909090909090909090909090909090909090909090909090909090909090909090909090909090909090909090909090909090909090909090909090909090909090909090909090909090909090909090909090909090909090909090909090909090909090909090909
310
09090909090909090909090909090909090909090909090909090909090909090909090909090909090909090909090909090909090909090909090909090909090909090909090909090909090909090909090909090909090909090909090909090909090909090909090909090909090909090909090909090909090909
310
09090909090909090909090909090909090909090909090909090909090909090909090909090909090909090909090909090909090909090909090909090909090909090909090909090909090909090909090909090909090909090909090909090909090909090909090909090909090909090909090909090909090909
310
09090909090909090909090909090909090909090909090909090909090909090909090909090909090909090909090909090909090909090909090909090909090909090909090909090909090909090909090909090909090909090909090909090909090909090909090909090909090909090909090909090909090909
310
09090909090909090909090909090909090909090909090909090909090909090909090909090909090909090909090909090909090909090909090909090909090909090909090909090909090909090909090909090909090909090909090909090909090909090909090909090909090909090909090909090909090909
310
09090909090909090909090909090909090909090909090909090909090909090909090909090909090909090909090909090909090909090909090909090909090909090909090909090909090909090909090909090909090909090909090909090909090909090909090909090909090909090909090909090909090909
310
09090909090909090909090909090909090909090909090909090909090909090909090909090909090909090909090909090909090909090909090909090909090909090909090909090909090909090909090909090909090909090909090909090909090909090909090909090909090909090909090909090909090909
310
09090909090909090909090909090909090909090909090909090909090909090909090909090909090909090909090909090909090909090909090909090909090909090909090909090909090909090909090909090909090909090909090909090909090909090909090909090909090909090909090909090909090909
310
09090909090909090909090909090909090909090909090909090909090909090909090909090909090909090909090909090909090909090909090909090909090909090909090909090909090909090909090909090909090909090909090909090909090909090909090909090909090909090909090909090909090909
310
09090909090909090909090909090909090909090909090909090909090909090909090909090909090909090909090909090909090909090909090909090909090909090909090909090909090909090909090909090909090909090909090909090909090909090909090909090909090909090909090909090909090909
310
09090909090909090909090909090909090909090909090909090909090909090909090909090909090909090909090909090909090909090909090909090909090909090909090909090909090909090909090909090909090909090909090909090909090909090909090909090909090909090909090909090909090909
310
09090909090909090909090909090909090909090909090909090909090909090909090909090909090909090909090909090909090909090909090909090909090909090909090909090909090909090909090909090909090909090909090909090909090909090909090909090909090909090909090909090909090909
310
09090909090909090909090909090909090909090909090909090909090909090909090909090909090909090909090909090909090909090909090909090909090909090909090909090909090909090909090909090909090909090909090909090909090909090909090909090909090909090909090909090909090909
310
09090909090909090909090909090909090909090909090909090909090909090909090909090909090909090909090909090909090909090909090909090909090909090909090909090909090909090909090909090909090909090909090909090909090909090909090909090909090909090909090909090909090909
310
09090909090909090909090909090909090909090909090909090909090909090909090909090909090909090909090909090909090909090909090909090909090909090909090909090909090909090909090909090909090909090909090909090909090909090909090909090909090909090909090909090909090909
310
09090909090909090909090909090909090909090909090909090909090909090909090909090909090909090909090909090909090909090909090909090909090909090909090909090909090909090909090909090909090909090909090909090909090909090909090909090909090909090909090909090909090909
310
09090909090909090909090909090909090909090909090909090909090909090909090909090909090909090909090909090909090909090909090909090909090909090909090909090909090909090909090909090909090909090909090909090909090909090909090909090909090909090909090909090909090909
310
09090909090909090909090909090909090909090909090909090909090909090909090909090909090909090909090909090909090909090909090909090909090909090909090909090909090909090909090909090909090909090909090909090909090909090909090909090909090909090909090909090909090909
310
09090909090909090909090909090909090909090909090909090909090909090909090909090909090909090909090909090909090909090909090909090909090909090909090909090909090909090909090909090909090909090909090909090909090909090909090909090909090909090909090909090909090909
310
09090909090909090909090909090909090909090909090909090909090909090909090909090909090909090909090909090909090909090909090909090909090909090909090909090909090909090909090909090909090909090909090909090909090909090909090909090909090909090909090909090909090909
310
09090909090909090909090909090909090909090909090909090909090909090909090909090909090909090909090909090909090909090909090909090909090909090909090909090909090909090909090909090909090909090909090909090909090909090909090909090909090909090909090909090909090909
310
09090909090909090909090909090909090909090909090909090909090909090909090909090909090909090909090909090909090909090909090909090909090909090909090909090909090909090909090909090909090909090909090909090909090909090909090909090909090909090909090909090909090909
310
09090909090909090909090909090909090909090909090909090909090909090909090909090909090909090909090909090909090909090909090909090909090909090909090909090909090909090909090909090909090909090909090909090909090909090909090909090909090909090909090909090909090909
310
09090909090909090909090909090909090909090909090909090909090909090909090909090909090909090909090909090909090909090909090909090909090909090909090909090909090909090909090909090909090909090909090909090909090909090909090909090909090909090909090909090909090909
310
09090909090909090909090909090909090909090909090909090909090909090909090909090909090909090909090909090909090909090909090909090909090909090909090909090909090909090909090909090909090909090909090909090909090909090909090909090909090909090909090909090909090909
310
09090909090909090909090909090909090909090909090909090909090909090909090909090909090909090909090909090909090909090909090909090909090909090909090909090909090909090909090909090909090909090909090909090909090909090909090909090909090909090909090909090909090909
310
09090909090909090909090909090909090909090909090909090909090909090909090909090909090909090909090909090909090909090909090909090909090909090909090909090909090909090909090909090909090909090909090909090909090909090909090909090909090909090909090909090909090909
310
09090909090909090909090909090909090909090909090909090909090909090909090909090909090909090909090909090909090909090909090909090909090909090909090909090909090909090909090909090909090909090909090909090909090909090909090909090909090909090909090909090909090909
310
09090909090909090909090909090909090909090909090909090909090909090909090909090909090909090909090909090909090909090909090909090909090909090909090909090909090909090909090909090909090909090909090909090909090909090909090909090909090909090909090909090909090909
310
09090909090909090909090909090909090909090909090909090909090909090909090909090909090909090909090909090909090909090909090909090909090909090909090909090909090909090909090909090909090909090909090909090909090909090909090909090909090909090909090909090909090909
310
09090909090909090909090909090909090909090909090909090909090909090909090909090909090909090909090909090909090909090909090909090909090909090909090909090909090909090909090909090909090909090909090909090909090909090909090909090909090909090909090909090909090909
310
09090909090909090909090909090909090909090909090909090909090909090909090909090909090909090909090909090909090909090909090909090909090909090909090909090909090909090909090909090909090909090909090909090909090909090909090909090909090909090909090909090909090909
310
09090909090909090909090909090909090909090909090909090909090909090909090909090909090909090909090909090909090909090909090909090909090909090909090909090909090909090909090909090909090909090909090909090909090909090909090909090909090909090909090909090909090909
310
09090909090909090909090909090909090909090909090909090909090909090909090909090909090909090909090909090909090909090909090909090909090909090909090909090909090909090909090909090909090909090909090909090909090909090909090909090909090909090909090909090909090909
310
09090909090909090909090909090909090909090909090909090909090909090909090909090909090909090909090909090909090909090909090909090909090909090909090909090909090909090909090909090909090909090909090909090909090909090909090909090909090909090909090909090909090909
310
09090909090909090909090909090909090909090909090909090909090909090909090909090909090909090909090909090909090909090909090909090909090909090909090909090909090909090909090909090909090909090909090909090909090909090909090909090909090909090909090909090909090909
310
09090909090909090909090909090909090909090909090909090909090909090909090909090909090909090909090909090909090909090909090909090909090909090909090909090909090909090909090909090909090909090909090909090909090909090909090909090909090909090909090909090909090909
310
09090909090909090909090909090909090909090909090909090909090909090909090909090909090909090909090909090909090909090909090909090909090909090909090909090909090909090909090909090909090909090909090909090909090909090909090909090909090909090909090909090909090909
310
09090909090909090909090909090909090909090909090909090909090909090909090909090909090909090909090909090909090909090909090909090909090909090909090909090909090909090909090909090909090909090909090909090909090909090909090909090909090909090909090909090909090909
310
09090909090909090909090909090909090909090909090909090909090909090909090909090909090909090909090909090909090909090909090909090909090909090909090909090909090909090909090909090909090909090909090909090909090909090909090909090909090909090909090909090909090909
310
09090909090909090909090909090909090909090909090909090909090909090909090909090909090909090909090909090909090909090909090909090909090909090909090909090909090909090909090909090909090909090909090909090909090909090909090909090909090909090909090909090909090909
310
09090909090909090909090909090909090909090909090909090909090909090909090909090909090909090909090909090909090909090909090909090909090909090909090909090909090909090909090909090909090909090909090909090909090909090909090909090909090909090909090909090909090909
310
09090909090909090909090909090909090909090909090909090909090909090909090909090909090909090909090909090909090909090909090909090909090909090909090909090909090909090909090909090909090909090909090909090909090909090909090909090909090909090909090909090909090909
310
09090909090909090909090909090909090909090909090909090909090909090909090909090909090909090909090909090909090909090909090909090909090909090909090909090909090909090909090909090909090909090909090909090909090909090909090909090909090909090909090909090909090909
310
09090909090909090909090909090909090909090909090909090909090909090909090909090909090909090909090909090909090909090909090909090909090909090909090909090909090909090909090909090909090909090909090909090909090909090909090909090909090909090909090909090909090909
310
09090909090909090909090909090909090909090909090909090909090909090909090909090909090909090909090909090909090909090909090909090909090909090909090909090909090909090909090909090909090909090909090909090909090909090909090909090909090909090909090909090909090909
310
09090909090909090909090909090909090909090909090909090909090909090909090909090909090909090909090909090909090909090909090909090909090909090909090909090909090909090909090909090909090909090909090909090909090909090909090909090909090909090909090909090909090909
310
09090909090909090909090909090909090909090909090909090909090909090909090909090909090909090909090909090909090909090909090909090909090909090909090909090909090909090909090909090909090909090909090909090909090909090909090909090909090909090909090909090909090909
310
09090909090909090909090909090909090909090909090909090909090909090909090909090909090909090909090909090909090909090909090909090909090909090909090909090909090909090909090909090909090909090909090909090909090909090909090909090909090909090909090909090909090909
310
09090909090909090909090909090909090909090909090909090909090909090909090909090909090909090909090909090909090909090909090909090909090909090909090909090909090909090909090909090909090909090909090909090909090909090909090909090909090909090909090909090909090909
310
09090909090909090909090909090909090909090909090909090909090909090909090909090909090909090909090909090909090909090909090909090909090909090909090909090909090909090909090909090909090909090909090909090909090909090909090909090909090909090909090909090909090909
310
09090909090909090909090909090909090909090909090909090909090909090909090909090909090909090909090909090909090909090909090909090909090909090909090909090909090909090909090909090909090909090909090909090909090909090909090909090909090909090909090909090909090909
310
09090909090909090909090909090909090909090909090909090909090909090909090909090909090909090909090909090909090909090909090909090909090909090909090909090909090909090909090909090909090909090909090909090909090909090909090909090909090909090909090909090909090909
310
09090909090909090909090909090909090909090909090909090909090909090909090909090909090909090909090909090909090909090909090909090909090909090909090909090909090909090909090909090909090909090909090909090909090909090909090909090909090909090909090909090909090909
310
09090909090909090909090909090909090909090909090909090909090909090909090909090909090909090909090909090909090909090909090909090909090909090909090909090909090909090909090909090909090909090909090909090909090909090909090909090909090909090909090909090909090909
310
09090909090909090909090909090909090909090909090909090909090909090909090909090909090909090909090909090909090909090909090909090909090909090909090909090909090909090909090909090909090909090909090909090909090909090909090909090909090909090909090909090909090909
310
09090909090909090909090909090909090909090909090909090909090909090909090909090909090909090909090909090909090909090909090909090909090909090909090909090909090909090909090909090909090909090909090909090909090909090909090909090909090909090909090909090909090909
310
09090909090909090909090909090909090909090909090909090909090909090909090909090909090909090909090909090909090909090909090909090909090909090909090909090909090909090909090909090909090909090909090909090909090909090909090909090909090909090909090909090909090909
310
09090909090909090909090909090909090909090909090909090909090909090909090909090909090909090909090909090909090909090909090909090909090909090909090909090909090909090909090909090909090909090909090909090909090909090909090909090909090909090909090909090909090909
310
09090909090909090909090909090909090909090909090909090909090909090909090909090909090909090909090909090909090909090909090909090909090909090909090909090909090909090909090909090909090909090909090909090909090909090909090909090909090909090909090909090909090909
310
09090909090909090909090909090909090909090909090909090909090909090909090909090909090909090909090909090909090909090909090909090909090909090909090909090909090909090909090909090909090909090909090909090909090909090909090909090909090909090909090909090909090909
310
09090909090909090909090909090909090909090909090909090909090909090909090909090909090909090909090909090909090909090909090909090909090909090909090909090909090909090909090909090909090909090909090909090909090909090909090909090909090909090909090909090909090909
310
09090909090909090909090909090909090909090909090909090909090909090909090909090909090909090909090909090909090909090909090909090909090909090909090909090909090909090909090909090909090909090909090909090909090909090909090909090909090909090909090909090909090909
310
09090909090909090909090909090909090909090909090909090909090909090909090909090909090909090909090909090909090909090909090909090909090909090909090909090909090909090909090909090909090909090909090909090909090909090909090909090909090909090909090909090909090909
310
09090909090909090909090909090909090909090909090909090909090909090909090909090909090909090909090909090909090909090909090909090909090909090909090909090909090909090909090909090909090909090909090909090909090909090909090909090909090909090909090909090909090909
310
09090909090909090909090909090909090909090909090909090909090909090909090909090909090909090909090909090909090909090909090909090909090909090909090909090909090909090909090909090909090909090909090909090909090909090909090909090909090909090909090909090909090909
310
09090909090909090909090909090909090909090909090909090909090909090909090909090909090909090909090909090909090909090909090909090909090909090909090909090909090909090909090909090909090909090909090909090909090909090909090909090909090909090909090909090909090909
310
09090909090909090909090909090909090909090909090909090909090909090909090909090909090909090909090909090909090909090909090909090909090909090909090909090909090909090909090909090909090909090909090909090909090909090909090909090909090909090909090909090909090909
310
09090909090909090909090909090909090909090909090909090909090909090909090909090909090909090909090909090909090909090909090909090909090909090909090909090909090909090909090909090909090909090909090909090909090909090909090909090909090909090909090909090909090909
310
09090909090909090909090909090909090909090909090909090909090909090909090909090909090909090909090909090909090909090909090909090909090909090909090909090909090909090909090909090909090909090909090909090909090909090909090909090909090909090909090909090909090909
310
09090909090909090909090909090909090909090909090909090909090909090909090909090909090909090909090909090909090909090909090909090909090909090909090909090909090909090909090909090909090909090909090909090909090909090909090909090909090909090909090909090909090909
310
09090909090909090909090909090909090909090909090909090909090909090909090909090909090909090909090909090909090909090909090909090909090909090909090909090909090909090909090909090909090909090909090909090909090909090909090909090909090909090909090909090909090909
310
09090909090909090909090909090909090909090909090909090909090909090909090909090909090909090909090909090909090909090909090909090909090909090909090909090909090909090909090909090909090909090909090909090909090909090909090909090909090909090909090909090909090909
310
09090909090909090909090909090909090909090909090909090909090909090909090909090909090909090909090909090909090909090909090909090909090909090909090909090909090909090909090909090909090909090909090909090909090909090909090909090909090909090909090909090909090909
310
09090909090909090909090909090909090909090909090909090909090909090909090909090909090909090909090909090909090909090909090909090909090909090909090909090909090909090909090909090909090909090909090909090909090909090909090909090909090909090909090909090909090909
310
09090909090909090909090909090909090909090909090909090909090909090909090909090909090909090909090909090909090909090909090909090909090909090909090909090909090909090909090909090909090909090909090909090909090909090909090909090909090909090909090909090909090909
310
09090909090909090909090909090909090909090909090909090909090909090909090909090909090909090909090909090909090909090909090909090909090909090909090909090909090909090909090909090909090909090909090909090909090909090909090909090909090909090909090909090909090909
310
09090909090909090909090909090909090909090909090909090909090909090909090909090909090909090909090909090909090909090909090909090909090909090909090909090909090909090909090909090909090909090909090909090909090909090909090909090909090909090909090909090909090909
310
09090909090909090909090909090909090909090909090909090909090909090909090909090909090909090909090909090909090909090909090909090909090909090909090909090909090909090909090909090909090909090909090909090909090909090909090909090909090909090909090909090909090909
310
09090909090909090909090909090909090909090909090909090909090909090909090909090909090909090909090909090909090909090909090909090909090909090909090909090909090909090909090909090909090909090909090909090909090909090909090909090909090909090909090909090909090909
310
09090909090909090909090909090909090909090909090909090909090909090909090909090909090909090909090909090909090909090909090909090909090909090909090909090909090909090909090909090909090909090909090909090909090909090909090909090909090909090909090909090909090909
310
09090909090909090909090909090909090909090909090909090909090909090909090909090909090909090909090909090909090909090909090909090909090909090909090909090909090909090909090909090909090909090909090909090909090909090909090909090909090909090909090909090909090909
310
09090909090909090909090909090909090909090909090909090909090909090909090909090909090909090909090909090909090909090909090909090909090909090909090909090909090909090909090909090909090909090909090909090909090909090909090909090909090909090909090909090909090909
310
09090909090909090909090909090909090909090909090909090909090909090909090909090909090909090909090909090909090909090909090909090909090909090909090909090909090909090909090909090909090909090909090909090909090909090909090909090909090909090909090909090909090909
310
09090909090909090909090909090909090909090909090909090909090909090909090909090909090909090909090909090909090909090909090909090909090909090909090909090909090909090909090909090909090909090909090909090909090909090909090909090909090909090909090909090909090909
310
09090909090909090909090909090909090909090909090909090909090909090909090909090909090909090909090909090909090909090909090909090909090909090909090909090909090909090909090909090909090909090909090909090909090909090909090909090909090909090909090909090909090909
310
09090909090909090909090909090909090909090909090909090909090909090909090909090909090909090909090909090909090909090909090909090909090909090909090909090909090909090909090909090909090909090909090909090909090909090909090909090909090909090909090909090909090909
310
09090909090909090909090909090909090909090909090909090909090909090909090909090909090909090909090909090909090909090909090909090909090909090909090909090909090909090909090909090909090909090909090909090909090909090909090909090909090909090909090909090909090909
310
09090909090909090909090909090909090909090909090909090909090909090909090909090909090909090909090909090909090909090909090909090909090909090909090909090909090909090909090909090909090909090909090909090909090909090909090909090909090909090909090909090909090909
310
09090909090909090909090909090909090909090909090909090909090909090909090909090909090909090909090909090909090909090909090909090909090909090909090909090909090909090909090909090909090909090909090909090909090909090909090909090909090909090909090909090909090909
310
09090909090909090909090909090909090909090909090909090909090909090909090909090909090909090909090909090909090909090909090909090909090909090909090909090909090909090909090909090909090909090909090909090909090909090909090909090909090909090909090909090909090909
310
09090909090909090909090909090909090909090909090909090909090909090909090909090909090909090909090909090909090909090909090909090909090909090909090909090909090909090909090909090909090909090909090909090909090909090909090909090909090909090909090909090909090909
310
09090909090909090909090909090909090909090909090909090909090909090909090909090909090909090909090909090909090909090909090909090909090909090909090909090909090909090909090909090909090909090909090909090909090909090909090909090909090909090909090909090909090909
310
09090909090909090909090909090909090909090909090909090909090909090909090909090909090909090909090909090909090909090909090909090909090909090909090909090909090909090909090909090909090909090909090909090909090909090909090909090909090909090909090909090909090909
310
09090909090909090909090909090909090909090909090909090909090909090909090909090909090909090909090909090909090909090909090909090909090909090909090909090909090909090909090909090909090909090909090909090909090909090909090909090909090909090909090909090909090909
310
09090909090909090909090909090909090909090909090909090909090909090909090909090909090909090909090909090909090909090909090909090909090909090909090909090909090909090909090909090909090909090909090909090909090909090909090909090909090909090909090909090909090909
310
09090909090909090909090909090909090909090909090909090909090909090909090909090909090909090909090909090909090909090909090909090909090909090909090909090909090909090909090909090909090909090909090909090909090909090909090909090909090909090909090909090909090909
310
09090909090909090909090909090909090909090909090909090909090909090909090909090909090909090909090909090909090909090909090909090909090909090909090909090909090909090909090909090909090909090909090909090909090909090909090909090909090909090909090909090909090909
310
09090909090909090909090909090909090909090909090909090909090909090909090909090909090909090909090909090909090909090909090909090909090909090909090909090909090909090909090909090909090909090909090909090909090909090909090909090909090909090909090909090909090909
310
09090909090909090909090909090909090909090909090909090909090909090909090909090909090909090909090909090909090909090909090909090909090909090909090909090909090909090909090909090909090909090909090909090909090909090909090909090909090909090909090909090909090909
310
09090909090909090909090909090909090909090909090909090909090909090909090909090909090909090909090909090909090909090909090909090909090909090909090909090909090909090909090909090909090909090909090909090909090909090909090909090909090909090909090909090909090909
310
09090909090909090909090909090909090909090909090909090909090909090909090909090909090909090909090909090909090909090909090909090909090909090909090909090909090909090909090909090909090909090909090909090909090909090909090909090909090909090909090909090909090909
310
09090909090909090909090909090909090909090909090909090909090909090909090909090909090909090909090909090909090909090909090909090909090909090909090909090909090909090909090909090909090909090909090909090909090909090909090909090909090909090909090909090909090909
310
09090909090909090909090909090909090909090909090909090909090909090909090909090909090909090909090909090909090909090909090909090909090909090909090909090909090909090909090909090909090909090909090909090909090909090909090909090909090909090909090909090909090909
310
09090909090909090909090909090909090909090909090909090909090909090909090909090909090909090909090909090909090909090909090909090909090909090909090909090909090909090909090909090909090909090909090909090909090909090909090909090909090909090909090909090909090909
310
09090909090909090909090909090909090909090909090909090909090909090909090909090909090909090909090909090909090909090909090909090909090909090909090909090909090909090909090909090909090909090909090909090909090909090909090909090909090909090909090909090909090909
310
09090909090909090909090909090909090909090909090909090909090909090909090909090909090909090909090909090909090909090909090909090909090909090909090909090909090909090909090909090909090909090909090909090909090909090909090909090909090909090909090909090909090909
310
09090909090909090909090909090909090909090909090909090909090909090909090909090909090909090909090909090909090909090909090909090909090909090909090909090909090909090909090909090909090909090909090909090909090909090909090909090909090909090909090909090909090909
310
09090909090909090909090909090909090909090909090909090909090909090909090909090909090909090909090909090909090909090909090909090909090909090909090909090909090909090909090909090909090909090909090909090909090909090909090909090909090909090909090909090909090909
310
09090909090909090909090909090909090909090909090909090909090909090909090909090909090909090909090909090909090909090909090909090909090909090909090909090909090909090909090909090909090909090909090909090909090909090909090909090909090909090909090909090909090909
310
09090909090909090909090909090909090909090909090909090909090909090909090909090909090909090909090909090909090909090909090909090909090909090909090909090909090909090909090909090909090909090909090909090909090909090909090909090909090909090909090909090909090909
310
09090909090909090909090909090909090909090909090909090909090909090909090909090909090909090909090909090909090909090909090909090909090909090909090909090909090909090909090909090909090909090909090909090909090909090909090909090909090909090909090909090909090909
310
09090909090909090909090909090909090909090909090909090909090909090909090909090909090909090909090909090909090909090909090909090909090909090909090909090909090909090909090909090909090909090909090909090909090909090909090909090909090909090909090909090909090909
310
09090909090909090909090909090909090909090909090909090909090909090909090909090909090909090909090909090909090909090909090909090909090909090909090909090909090909090909090909090909090909090909090909090909090909090909090909090909090909090909090909090909090909
310
09090909090909090909090909090909090909090909090909090909090909090909090909090909090909090909090909090909090909090909090909090909090909090909090909090909090909090909090909090909090909090909090909090909090909090909090909090909090909090909090909090909090909
310
09090909090909090909090909090909090909090909090909090909090909090909090909090909090909090909090909090909090909090909090909090909090909090909090909090909090909090909090909090909090909090909090909090909090909090909090909090909090909090909090909090909090909
310
09090909090909090909090909090909090909090909090909090909090909090909090909090909090909090909090909090909090909090909090909090909090909090909090909090909090909090909090909090909090909090909090909090909090909090909090909090909090909090909090909090909090909
310
09090909090909090909090909090909090909090909090909090909090909090909090909090909090909090909090909090909090909090909090909090909090909090909090909090909090909090909090909090909090909090909090909090909090909090909090909090909090909090909090909090909090909
310
09090909090909090909090909090909090909090909090909090909090909090909090909090909090909090909090909090909090909090909090909090909090909090909090909090909090909090909090909090909090909090909090909090909090909090909090909090909090909090909090909090909090909
310
09090909090909090909090909090909090909090909090909090909090909090909090909090909090909090909090909090909090909090909090909090909090909090909090909090909090909090909090909090909090909090909090909090909090909090909090909090909090909090909090909090909090909
310
09090909090909090909090909090909090909090909090909090909090909090909090909090909090909090909090909090909090909090909090909090909090909090909090909090909090909090909090909090909090909090909090909090909090909090909090909090909090909090909090909090909090909
310
09090909090909090909090909090909090909090909090909090909090909090909090909090909090909090909090909090909090909090909090909090909090909090909090909090909090909090909090909090909090909090909090909090909090909090909090909090909090909090909090909090909090909
310
09090909090909090909090909090909090909090909090909090909090909090909090909090909090909090909090909090909090909090909090909090909090909090909090909090909090909090909090909090909090909090909090909090909090909090909090909090909090909090909090909090909090909
310
09090909090909090909090909090909090909090909090909090909090909090909090909090909090909090909090909090909090909090909090909090909090909090909090909090909090909090909090909090909090909090909090909090909090909090909090909090909090909090909090909090909090909
310
09090909090909090909090909090909090909090909090909090909090909090909090909090909090909090909090909090909090909090909090909090909090909090909090909090909090909090909090909090909090909090909090909090909090909090909090909090909090909090909090909090909090909
310
09090909090909090909090909090909090909090909090909090909090909090909090909090909090909090909090909090909090909090909090909090909090909090909090909090909090909090909090909090909090909090909090909090909090909090909090909090909090909090909090909090909090909
310
09090909090909090909090909090909090909090909090909090909090909090909090909090909090909090909090909090909090909090909090909090909090909090909090909090909090909090909090909090909090909090909090909090909090909090909090909090909090909090909090909090909090909
310
09090909090909090909090909090909090909090909090909090909090909090909090909090909090909090909090909090909090909090909090909090909090909090909090909090909090909090909090909090909090909090909090909090909090909090909090909090909090909090909090909090909090909
310
09090909090909090909090909090909090909090909090909090909090909090909090909090909090909090909090909090909090909090909090909090909090909090909090909090909090909090909090909090909090909090909090909090909090909090909090909090909090909090909090909090909090909
310
09090909090909090909090909090909090909090909090909090909090909090909090909090909090909090909090909090909090909090909090909090909090909090909090909090909090909090909090909090909090909090909090909090909090909090909090909090909090909090909090909090909090909
310
09090909090909090909090909090909090909090909090909090909090909090909090909090909090909090909090909090909090909090909090909090909090909090909090909090909090909090909090909090909090909090909090909090909090909090909090909090909090909090909090909090909090909
310
09090909090909090909090909090909090909090909090909090909090909090909090909090909090909090909090909090909090909090909090909090909090909090909090909090909090909090909090909090909090909090909090909090909090909090909090909090909090909090909090909090909090909
310
09090909090909090909090909090909090909090909090909090909090909090909090909090909090909090909090909090909090909090909090909090909090909090909090909090909090909090909090909090909090909090909090909090909090909090909090909090909090909090909090909090909090909
310
09090909090909090909090909090909090909090909090909090909090909090909090909090909090909090909090909090909090909090909090909090909090909090909090909090909090909090909090909090909090909090909090909090909090909090909090909090909090909090909090909090909090909
310
09090909090909090909090909090909090909090909090909090909090909090909090909090909090909090909090909090909090909090909090909090909090909090909090909090909090909090909090909090909090909090909090909090909090909090909090909090909090909090909090909090909090909
310
09090909090909090909090909090909090909090909090909090909090909090909090909090909090909090909090909090909090909090909090909090909090909090909090909090909090909090909090909090909090909090909090909090909090909090909090909090909090909090909090909090909090909
310
09090909090909090909090909090909090909090909090909090909090909090909090909090909090909090909090909090909090909090909090909090909090909090909090909090909090909090909090909090909090909090909090909090909090909090909090909090909090909090909090909090909090909
310
09090909090909090909090909090909090909090909090909090909090909090909090909090909090909090909090909090909090909090909090909090909090909090909090909090909090909090909090909090909090909090909090909090909090909090909090909090909090909090909090909090909090909
310
09090909090909090909090909090909090909090909090909090909090909090909090909090909090909090909090909090909090909090909090909090909090909090909090909090909090909090909090909090909090909090909090909090909090909090909090909090909090909090909090909090909090909
310
09090909090909090909090909090909090909090909090909090909090909090909090909090909090909090909090909090909090909090909090909090909090909090909090909090909090909090909090909090909090909090909090909090909090909090909090909090909090909090909090909090909090909
310
09090909090909090909090909090909090909090909090909090909090909090909090909090909090909090909090909090909090909090909090909090909090909090909090909090909090909090909090909090909090909090909090909090909090909090909090909090909090909090909090909090909090909
310
09090909090909090909090909090909090909090909090909090909090909090909090909090909090909090909090909090909090909090909090909090909090909090909090909090909090909090909090909090909090909090909090909090909090909090909090909090909090909090909090909090909090909
310
09090909090909090909090909090909090909090909090909090909090909090909090909090909090909090909090909090909090909090909090909090909090909090909090909090909090909090909090909090909090909090909090909090909090909090909090909090909090909090909090909090909090909
310
09090909090909090909090909090909090909090909090909090909090909090909090909090909090909090909090909090909090909090909090909090909090909090909090909090909090909090909090909090909090909090909090909090909090909090909090909090909090909090909090909090909090909
310
09090909090909090909090909090909090909090909090909090909090909090909090909090909090909090909090909090909090909090909090909090909090909090909090909090909090909090909090909090909090909090909090909090909090909090909090909090909090909090909090909090909090909
310
09090909090909090909090909090909090909090909090909090909090909090909090909090909090909090909090909090909090909090909090909090909090909090909090909090909090909090909090909090909090909090909090909090909090909090909090909090909090909090909090909090909090909
310
09090909090909090909090909090909090909090909090909090909090909090909090909090909090909090909090909090909090909090909090909090909090909090909090909090909090909090909090909090909090909090909090909090909090909090909090909090909090909090909090909090909090909
310
09090909090909090909090909090909090909090909090909090909090909090909090909090909090909090909090909090909090909090909090909090909090909090909090909090909090909090909090909090909090909090909090909090909090909090909090909090909090909090909090909090909090909
310
09090909090909090909090909090909090909090909090909090909090909090909090909090909090909090909090909090909090909090909090909090909090909090909090909090909090909090909090909090909090909090909090909090909090909090909090909090909090909090909090909090909090909
310
09090909090909090909090909090909090909090909090909090909090909090909090909090909090909090909090909090909090909090909090909090909090909090909090909090909090909090909090909090909090909090909090909090909090909090909090909090909090909090909090909090909090909
310
09090909090909090909090909090909090909090909090909090909090909090909090909090909090909090909090909090909090909090909090909090909090909090909090909090909090909090909090909090909090909090909090909090909090909090909090909090909090909090909090909090909090909
310
09090909090909090909090909090909090909090909090909090909090909090909090909090909090909090909090909090909090909090909090909090909090909090909090909090909090909090909090909090909090909090909090909090909090909090909090909090909090909090909090909090909090909
310
09090909090909090909090909090909090909090909090909090909090909090909090909090909090909090909090909090909090909090909090909090909090909090909090909090909090909090909090909090909090909090909090909090909090909090909090909090909090909090909090909090909090909
310
09090909090909090909090909090909090909090909090909090909090909090909090909090909090909090909090909090909090909090909090909090909090909090909090909090909090909090909090909090909090909090909090909090909090909090909090909090909090909090909090909090909090909
310
09090909090909090909090909090909090909090909090909090909090909090909090909090909090909090909090909090909090909090909090909090909090909090909090909090909090909090909090909090909090909090909090909090909090909090909090909090909090909090909090909090909090909
310
09090909090909090909090909090909090909090909090909090909090909090909090909090909090909090909090909090909090909090909090909090909090909090909090909090909090909090909090909090909090909090909090909090909090909090909090909090909090909090909090909090909090909
310
09090909090909090909090909090909090909090909090909090909090909090909090909090909090909090909090909090909090909090909090909090909090909090909090909090909090909090909090909090909090909090909090909090909090909090909090909090909090909090909090909090909090909
310
09090909090909090909090909090909090909090909090909090909090909090909090909090909090909090909090909090909090909090909090909090909090909090909090909090909090909090909090909090909090909090909090909090909090909090909090909090909090909090909090909090909090909
310
09090909090909090909090909090909090909090909090909090909090909090909090909090909090909090909090909090909090909090909090909090909090909090909090909090909090909090909090909090909090909090909090909090909090909090909090909090909090909090909090909090909090909
310
09090909090909090909090909090909090909090909090909090909090909090909090909090909090909090909090909090909090909090909090909090909090909090909090909090909090909090909090909090909090909090909090909090909090909090909090909090909090909090909090909090909090909
310
09090909090909090909090909090909090909090909090909090909090909090909090909090909090909090909090909090909090909090909090909090909090909090909090909090909090909090909090909090909090909090909090909090909090909090909090909090909090909090909090909090909090909
310
09090909090909090909090909090909090909090909090909090909090909090909090909090909090909090909090909090909090909090909090909090909090909090909090909090909090909090909090909090909090909090909090909090909090909090909090909090909090909090909090909090909090909
310
09090909090909090909090909090909090909090909090909090909090909090909090909090909090909090909090909090909090909090909090909090909090909090909090909090909090909090909090909090909090909090909090909090909090909090909090909090909090909090909090909090909090909
310
09090909090909090909090909090909090909090909090909090909090909090909090909090909090909090909090909090909090909090909090909090909090909090909090909090909090909090909090909090909090909090909090909090909090909090909090909090909090909090909090909090909090909
310
09090909090909090909090909090909090909090909090909090909090909090909090909090909090909090909090909090909090909090909090909090909090909090909090909090909090909090909090909090909090909090909090909090909090909090909090909090909090909090909090909090909090909
310
09090909090909090909090909090909090909090909090909090909090909090909090909090909090909090909090909090909090909090909090909090909090909090909090909090909090909090909090909090909090909090909090909090909090909090909090909090909090909090909090909090909090909
310
09090909090909090909090909090909090909090909090909090909090909090909090909090909090909090909090909090909090909090909090909090909090909090909090909090909090909090909090909090909090909090909090909090909090909090909090909090909090909090909090909090909090909
310
09090909090909090909090909090909090909090909090909090909090909090909090909090909090909090909090909090909090909090909090909090909090909090909090909090909090909090909090909090909090909090909090909090909090909090909090909090909090909090909090909090909090909
310
09090909090909090909090909090909090909090909090909090909090909090909090909090909090909090909090909090909090909090909090909090909090909090909090909090909090909090909090909090909090909090909090909090909090909090909090909090909090909090909090909090909090909
310
09090909090909090909090909090909090909090909090909090909090909090909090909090909090909090909090909090909090909090909090909090909090909090909090909090909090909090909090909090909090909090909090909090909090909090909090909090909090909090909090909090909090909
310
09090909090909090909090909090909090909090909090909090909090909090909090909090909090909090909090909090909090909090909090909090909090909090909090909090909090909090909090909090909090909090909090909090909090909090909090909090909090909090909090909090909090909
310
09090909090909090909090909090909090909090909090909090909090909090909090909090909090909090909090909090909090909090909090909090909090909090909090909090909090909090909090909090909090909090909090909090909090909090909090909090909090909090909090909090909090909
310
09090909090909090909090909090909090909090909090909090909090909090909090909090909090909090909090909090909090909090909090909090909090909090909090909090909090909090909090909090909090909090909090909090909090909090909090909090909090909090909090909090909090909
310
09090909090909090909090909090909090909090909090909090909090909090909090909090909090909090909090909090909090909090909090909090909090909090909090909090909090909090909090909090909090909090909090909090909090909090909090909090909090909090909090909090909090909
310
09090909090909090909090909090909090909090909090909090909090909090909090909090909090909090909090909090909090909090909090909090909090909090909090909090909090909090909090909090909090909090909090909090909090909090909090909090909090909090909090909090909090909
310
09090909090909090909090909090909090909090909090909090909090909090909090909090909090909090909090909090909090909090909090909090909090909090909090909090909090909090909090909090909090909090909090909090909090909090909090909090909090909090909090909090909090909
310
09090909090909090909090909090909090909090909090909090909090909090909090909090909090909090909090909090909090909090909090909090909090909090909090909090909090909090909090909090909090909090909090909090909090909090909090909090909090909090909090909090909090909
310
09090909090909090909090909090909090909090909090909090909090909090909090909090909090909090909090909090909090909090909090909090909090909090909090909090909090909090909090909090909090909090909090909090909090909090909090909090909090909090909090909090909090909
310
09090909090909090909090909090909090909090909090909090909090909090909090909090909090909090909090909090909090909090909090909090909090909090909090909090909090909090909090909090909090909090909090909090909090909090909090909090909090909090909090909090909090909
310
09090909090909090909090909090909090909090909090909090909090909090909090909090909090909090909090909090909090909090909090909090909090909090909090909090909090909090909090909090909090909090909090909090909090909090909090909090909090909090909090909090909090909
310
09090909090909090909090909090909090909090909090909090909090909090909090909090909090909090909090909090909090909090909090909090909090909090909090909090909090909090909090909090909090909090909090909090909090909090909090909090909090909090909090909090909090909
310
09090909090909090909090909090909090909090909090909090909090909090909090909090909090909090909090909090909090909090909090909090909090909090909090909090909090909090909090909090909090909090909090909090909090909090909090909090909090909090909090909090909090909
310
09090909090909090909090909090909090909090909090909090909090909090909090909090909090909090909090909090909090909090909090909090909090909090909090909090909090909090909090909090909090909090909090909090909090909090909090909090909090909090909090909090909090909
310
09090909090909090909090909090909090909090909090909090909090909090909090909090909090909090909090909090909090909090909090909090909090909090909090909090909090909090909090909090909090909090909090909090909090909090909090909090909090909090909090909090909090909
310
09090909090909090909090909090909090909090909090909090909090909090909090909090909090909090909090909090909090909090909090909090909090909090909090909090909090909090909090909090909090909090909090909090909090909090909090909090909090909090909090909090909090909
310
09090909090909090909090909090909090909090909090909090909090909090909090909090909090909090909090909090909090909090909090909090909090909090909090909090909090909090909090909090909090909090909090909090909090909090909090909090909090909090909090909090909090909
310
09090909090909090909090909090909090909090909090909090909090909090909090909090909090909090909090909090909090909090909090909090909090909090909090909090909090909090909090909090909090909090909090909090909090909090909090909090909090909090909090909090909090909
310
09090909090909090909090909090909090909090909090909090909090909090909090909090909090909090909090909090909090909090909090909090909090909090909090909090909090909090909090909090909090909090909090909090909090909090909090909090909090909090909090909090909090909
310
09090909090909090909090909090909090909090909090909090909090909090909090909090909090909090909090909090909090909090909090909090909090909090909090909090909090909090909090909090909090909090909090909090909090909090909090909090909090909090909090909090909090909
310
09090909090909090909090909090909090909090909090909090909090909090909090909090909090909090909090909090909090909090909090909090909090909090909090909090909090909090909090909090909090909090909090909090909090909090909090909090909090909090909090909090909090909
310
09090909090909090909090909090909090909090909090909090909090909090909090909090909090909090909090909090909090909090909090909090909090909090909090909090909090909090909090909090909090909090909090909090909090909090909090909090909090909090909090909090909090909
310
09090909090909090909090909090909090909090909090909090909090909090909090909090909090909090909090909090909090909090909090909090909090909090909090909090909090909090909090909090909090909090909090909090909090909090909090909090909090909090909090909090909090909
310
09090909090909090909090909090909090909090909090909090909090909090909090909090909090909090909090909090909090909090909090909090909090909090909090909090909090909090909090909090909090909090909090909090909090909090909090909090909090909090909090909090909090909
310
09090909090909090909090909090909090909090909090909090909090909090909090909090909090909090909090909090909090909090909090909090909090909090909090909090909090909090909090909090909090909090909090909090909090909090909090909090909090909090909090909090909090909
310
09090909090909090909090909090909090909090909090909090909090909090909090909090909090909090909090909090909090909090909090909090909090909090909090909090909090909090909090909090909090909090909090909090909090909090909090909090909090909090909090909090909090909
310
09090909090909090909090909090909090909090909090909090909090909090909090909090909090909090909090909090909090909090909090909090909090909090909090909090909090909090909090909090909090909090909090909090909090909090909090909090909090909090909090909090909090909
310
09090909090909090909090909090909090909090909090909090909090909090909090909090909090909090909090909090909090909090909090909090909090909090909090909090909090909090909090909090909090909090909090909090909090909090909090909090909090909090909090909090909090909
310
09090909090909090909090909090909090909090909090909090909090909090909090909090909090909090909090909090909090909090909090909090909090909090909090909090909090909090909090909090909090909090909090909090909090909090909090909090909090909090909090909090909090909
310
09090909090909090909090909090909090909090909090909090909090909090909090909090909090909090909090909090909090909090909090909090909090909090909090909090909090909090909090909090909090909090909090909090909090909090909090909090909090909090909090909090909090909
310
09090909090909090909090909090909090909090909090909090909090909090909090909090909090909090909090909090909090909090909090909090909090909090909090909090909090909090909090909090909090909090909090909090909090909090909090909090909090909090909090909090909090909
310
09090909090909090909090909090909090909090909090909090909090909090909090909090909090909090909090909090909090909090909090909090909090909090909090909090909090909090909090909090909090909090909090909090909090909090909090909090909090909090909090909090909090909
310
09090909090909090909090909090909090909090909090909090909090909090909090909090909090909090909090909090909090909090909090909090909090909090909090909090909090909090909090909090909090909090909090909090909090909090909090909090909090909090909090909090909090909
310
09090909090909090909090909090909090909090909090909090909090909090909090909090909090909090909090909090909090909090909090909090909090909090909090909090909090909090909090909090909090909090909090909090909090909090909090909090909090909090909090909090909090909
310
09090909090909090909090909090909090909090909090909090909090909090909090909090909090909090909090909090909090909090909090909090909090909090909090909090909090909090909090909090909090909090909090909090909090909090909090909090909090909090909090909090909090909
310
09090909090909090909090909090909090909090909090909090909090909090909090909090909090909090909090909090909090909090909090909090909090909090909090909090909090909090909090909090909090909090909090909090909090909090909090909090909090909090909090909090909090909
310
09090909090909090909090909090909090909090909090909090909090909090909090909090909090909090909090909090909090909090909090909090909090909090909090909090909090909090909090909090909090909090909090909090909090909090909090909090909090909090909090909090909090909
310
09090909090909090909090909090909090909090909090909090909090909090909090909090909090909090909090909090909090909090909090909090909090909090909090909090909090909090909090909090909090909090909090909090909090909090909090909090909090909090909090909090909090909
310
09090909090909090909090909090909090909090909090909090909090909090909090909090909090909090909090909090909090909090909090909090909090909090909090909090909090909090909090909090909090909090909090909090909090909090909090909090909090909090909090909090909090909
310
09090909090909090909090909090909090909090909090909090909090909090909090909090909090909090909090909090909090909090909090909090909090909090909090909090909090909090909090909090909090909090909090909090909090909090909090909090909090909090909090909090909090909
310
09090909090909090909090909090909090909090909090909090909090909090909090909090909090909090909090909090909090909090909090909090909090909090909090909090909090909090909090909090909090909090909090909090909090909090909090909090909090909090909090909090909090909
310
09090909090909090909090909090909090909090909090909090909090909090909090909090909090909090909090909090909090909090909090909090909090909090909090909090909090909090909090909090909090909090909090909090909090909090909090909090909090909090909090909090909090909
310
09090909090909090909090909090909090909090909090909090909090909090909090909090909090909090909090909090909090909090909090909090909090909090909090909090909090909090909090909090909090909090909090909090909090909090909090909090909090909090909090909090909090909
310
09090909090909090909090909090909090909090909090909090909090909090909090909090909090909090909090909090909090909090909090909090909090909090909090909090909090909090909090909090909090909090909090909090909090909090909090909090909090909090909090909090909090909
310
09090909090909090909090909090909090909090909090909090909090909090909090909090909090909090909090909090909090909090909090909090909090909090909090909090909090909090909090909090909090909090909090909090909090909090909090909090909090909090909090909090909090909
310
09090909090909090909090909090909090909090909090909090909090909090909090909090909090909090909090909090909090909090909090909090909090909090909090909090909090909090909090909090909090909090909090909090909090909090909090909090909090909090909090909090909090909
310
09090909090909090909090909090909090909090909090909090909090909090909090909090909090909090909090909090909090909090909090909090909090909090909090909090909090909090909090909090909090909090909090909090909090909090909090909090909090909090909090909090909090909
310
09090909090909090909090909090909090909090909090909090909090909090909090909090909090909090909090909090909090909090909090909090909090909090909090909090909090909090909090909090909090909090909090909090909090909090909090909090909090909090909090909090909090909
310
09090909090909090909090909090909090909090909090909090909090909090909090909090909090909090909090909090909090909090909090909090909090909090909090909090909090909090909090909090909090909090909090909090909090909090909090909090909090909090909090909090909090909
310
09090909090909090909090909090909090909090909090909090909090909090909090909090909090909090909090909090909090909090909090909090909090909090909090909090909090909090909090909090909090909090909090909090909090909090909090909090909090909090909090909090909090909
310
09090909090909090909090909090909090909090909090909090909090909090909090909090909090909090909090909090909090909090909090909090909090909090909090909090909090909090909090909090909090909090909090909090909090909090909090909090909090909090909090909090909090909
310
09090909090909090909090909090909090909090909090909090909090909090909090909090909090909090909090909090909090909090909090909090909090909090909090909090909090909090909090909090909090909090909090909090909090909090909090909090909090909090909090909090909090909
310
09090909090909090909090909090909090909090909090909090909090909090909090909090909090909090909090909090909090909090909090909090909090909090909090909090909090909090909090909090909090909090909090909090909090909090909090909090909090909090909090909090909090909
310
09090909090909090909090909090909090909090909090909090909090909090909090909090909090909090909090909090909090909090909090909090909090909090909090909090909090909090909090909090909090909090909090909090909090909090909090909090909090909090909090909090909090909
310
09090909090909090909090909090909090909090909090909090909090909090909090909090909090909090909090909090909090909090909090909090909090909090909090909090909090909090909090909090909090909090909090909090909090909090909090909090909090909090909090909090909090909
310
09090909090909090909090909090909090909090909090909090909090909090909090909090909090909090909090909090909090909090909090909090909090909090909090909090909090909090909090909090909090909090909090909090909090909090909090909090909090909090909090909090909090909
310
09090909090909090909090909090909090909090909090909090909090909090909090909090909090909090909090909090909090909090909090909090909090909090909090909090909090909090909090909090909090909090909090909090909090909090909090909090909090909090909090909090909090909
310
09090909090909090909090909090909090909090909090909090909090909090909090909090909090909090909090909090909090909090909090909090909090909090909090909090909090909090909090909090909090909090909090909090909090909090909090909090909090909090909090909090909090909
310
09090909090909090909090909090909090909090909090909090909090909090909090909090909090909090909090909090909090909090909090909090909090909090909090909090909090909090909090909090909090909090909090909090909090909090909090909090909090909090909090909090909090909
310
09090909090909090909090909090909090909090909090909090909090909090909090909090909090909090909090909090909090909090909090909090909090909090909090909090909090909090909090909090909090909090909090909090909090909090909090909090909090909090909090909090909090909
310
09090909090909090909090909090909090909090909090909090909090909090909090909090909090909090909090909090909090909090909090909090909090909090909090909090909090909090909090909090909090909090909090909090909090909090909090909090909090909090909090909090909090909
310
09090909090909090909090909090909090909090909090909090909090909090909090909090909090909090909090909090909090909090909090909090909090909090909090909090909090909090909090909090909090909090909090909090909090909090909090909090909090909090909090909090909090909
310
09090909090909090909090909090909090909090909090909090909090909090909090909090909090909090909090909090909090909090909090909090909090909090909090909090909090909090909090909090909090909090909090909090909090909090909090909090909090909090909090909090909090909
310
09090909090909090909090909090909090909090909090909090909090909090909090909090909090909090909090909090909090909090909090909090909090909090909090909090909090909090909090909090909090909090909090909090909090909090909090909090909090909090909090909090909090909
310
09090909090909090909090909090909090909090909090909090909090909090909090909090909090909090909090909090909090909090909090909090909090909090909090909090909090909090909090909090909090909090909090909090909090909090909090909090909090909090909090909090909090909
310
09090909090909090909090909090909090909090909090909090909090909090909090909090909090909090909090909090909090909090909090909090909090909090909090909090909090909090909090909090909090909090909090909090909090909090909090909090909090909090909090909090909090909
310
09090909090909090909090909090909090909090909090909090909090909090909090909090909090909090909090909090909090909090909090909090909090909090909090909090909090909090909090909090909090909090909090909090909090909090909090909090909090909090909090909090909090909
310
09090909090909090909090909090909090909090909090909090909090909090909090909090909090909090909090909090909090909090909090909090909090909090909090909090909090909090909090909090909090909090909090909090909090909090909090909090909090909090909090909090909090909
310
09090909090909090909090909090909090909090909090909090909090909090909090909090909090909090909090909090909090909090909090909090909090909090909090909090909090909090909090909090909090909090909090909090909090909090909090909090909090909090909090909090909090909
310
09090909090909090909090909090909090909090909090909090909090909090909090909090909090909090909090909090909090909090909090909090909090909090909090909090909090909090909090909090909090909090909090909090909090909090909090909090909090909090909090909090909090909
310
09090909090909090909090909090909090909090909090909090909090909090909090909090909090909090909090909090909090909090909090909090909090909090909090909090909090909090909090909090909090909090909090909090909090909090909090909090909090909090909090909090909090909
310
09090909090909090909090909090909090909090909090909090909090909090909090909090909090909090909090909090909090909090909090909090909090909090909090909090909090909090909090909090909090909090909090909090909090909090909090909090909090909090909090909090909090909
310
09090909090909090909090909090909090909090909090909090909090909090909090909090909090909090909090909090909090909090909090909090909090909090909090909090909090909090909090909090909090909090909090909090909090909090909090909090909090909090909090909090909090909
310
09090909090909090909090909090909090909090909090909090909090909090909090909090909090909090909090909090909090909090909090909090909090909090909090909090909090909090909090909090909090909090909090909090909090909090909090909090909090909090909090909090909090909
310
09090909090909090909090909090909090909090909090909090909090909090909090909090909090909090909090909090909090909090909090909090909090909090909090909090909090909090909090909090909090909090909090909090909090909090909090909090909090909090909090909090909090909
310
09090909090909090909090909090909090909090909090909090909090909090909090909090909090909090909090909090909090909090909090909090909090909090909090909090909090909090909090909090909090909090909090909090909090909090909090909090909090909090909090909090909090909
310
09090909090909090909090909090909090909090909090909090909090909090909090909090909090909090909090909090909090909090909090909090909090909090909090909090909090909090909090909090909090909090909090909090909090909090909090909090909090909090909090909090909090909
310
09090909090909090909090909090909090909090909090909090909090909090909090909090909090909090909090909090909090909090909090909090909090909090909090909090909090909090909090909090909090909090909090909090909090909090909090909090909090909090909090909090909090909
310
09090909090909090909090909090909090909090909090909090909090909090909090909090909090909090909090909090909090909090909090909090909090909090909090909090909090909090909090909090909090909090909090909090909090909090909090909090909090909090909090909090909090909
310
09090909090909090909090909090909090909090909090909090909090909090909090909090909090909090909090909090909090909090909090909090909090909090909090909090909090909090909090909090909090909090909090909090909090909090909090909090909090909090909090909090909090909
310
09090909090909090909090909090909090909090909090909090909090909090909090909090909090909090909090909090909090909090909090909090909090909090909090909090909090909090909090909090909090909090909090909090909090909090909090909090909090909090909090909090909090909
310
09090909090909090909090909090909090909090909090909090909090909090909090909090909090909090909090909090909090909090909090909090909090909090909090909090909090909090909090909090909090909090909090909090909090909090909090909090909090909090909090909090909090909
310
09090909090909090909090909090909090909090909090909090909090909090909090909090909090909090909090909090909090909090909090909090909090909090909090909090909090909090909090909090909090909090909090909090909090909090909090909090909090909090909090909090909090909
310
09090909090909090909090909090909090909090909090909090909090909090909090909090909090909090909090909090909090909090909090909090909090909090909090909090909090909090909090909090909090909090909090909090909090909090909090909090909090909090909090909090909090909
310
09090909090909090909090909090909090909090909090909090909090909090909090909090909090909090909090909090909090909090909090909090909090909090909090909090909090909090909090909090909090909090909090909090909090909090909090909090909090909090909090909090909090909
310
09090909090909090909090909090909090909090909090909090909090909090909090909090909090909090909090909090909090909090909090909090909090909090909090909090909090909090909090909090909090909090909090909090909090909090909090909090909090909090909090909090909090909
310
09090909090909090909090909090909090909090909090909090909090909090909090909090909090909090909090909090909090909090909090909090909090909090909090909090909090909090909090909090909090909090909090909090909090909090909090909090909090909090909090909090909090909
310
09090909090909090909090909090909090909090909090909090909090909090909090909090909090909090909090909090909090909090909090909090909090909090909090909090909090909090909090909090909090909090909090909090909090909090909090909090909090909090909090909090909090909
310
09090909090909090909090909090909090909090909090909090909090909090909090909090909090909090909090909090909090909090909090909090909090909090909090909090909090909090909090909090909090909090909090909090909090909090909090909090909090909090909090909090909090909
310
09090909090909090909090909090909090909090909090909090909090909090909090909090909090909090909090909090909090909090909090909090909090909090909090909090909090909090909090909090909090909090909090909090909090909090909090909090909090909090909090909090909090909
310
09090909090909090909090909090909090909090909090909090909090909090909090909090909090909090909090909090909090909090909090909090909090909090909090909090909090909090909090909090909090909090909090909090909090909090909090909090909090909090909090909090909090909
310
09090909090909090909090909090909090909090909090909090909090909090909090909090909090909090909090909090909090909090909090909090909090909090909090909090909090909090909090909090909090909090909090909090909090909090909090909090909090909090909090909090909090909
310
09090909090909090909090909090909090909090909090909090909090909090909090909090909090909090909090909090909090909090909090909090909090909090909090909090909090909090909090909090909090909090909090909090909090909090909090909090909090909090909090909090909090909
310
09090909090909090909090909090909090909090909090909090909090909090909090909090909090909090909090909090909090909090909090909090909090909090909090909090909090909090909090909090909090909090909090909090909090909090909090909090909090909090909090909090909090909
310
09090909090909090909090909090909090909090909090909090909090909090909090909090909090909090909090909090909090909090909090909090909090909090909090909090909090909090909090909090909090909090909090909090909090909090909090909090909090909090909090909090909090909
310
09090909090909090909090909090909090909090909090909090909090909090909090909090909090909090909090909090909090909090909090909090909090909090909090909090909090909090909090909090909090909090909090909090909090909090909090909090909090909090909090909090909090909
310
09090909090909090909090909090909090909090909090909090909090909090909090909090909090909090909090909090909090909090909090909090909090909090909090909090909090909090909090909090909090909090909090909090909090909090909090909090909090909090909090909090909090909
310
09090909090909090909090909090909090909090909090909090909090909090909090909090909090909090909090909090909090909090909090909090909090909090909090909090909090909090909090909090909090909090909090909090909090909090909090909090909090909090909090909090909090909
310
09090909090909090909090909090909090909090909090909090909090909090909090909090909090909090909090909090909090909090909090909090909090909090909090909090909090909090909090909090909090909090909090909090909090909090909090909090909090909090909090909090909090909
310
09090909090909090909090909090909090909090909090909090909090909090909090909090909090909090909090909090909090909090909090909090909090909090909090909090909090909090909090909090909090909090909090909090909090909090909090909090909090909090909090909090909090909
310
09090909090909090909090909090909090909090909090909090909090909090909090909090909090909090909090909090909090909090909090909090909090909090909090909090909090909090909090909090909090909090909090909090909090909090909090909090909090909090909090909090909090909
310
09090909090909090909090909090909090909090909090909090909090909090909090909090909090909090909090909090909090909090909090909090909090909090909090909090909090909090909090909090909090909090909090909090909090909090909090909090909090909090909090909090909090909
310
09090909090909090909090909090909090909090909090909090909090909090909090909090909090909090909090909090909090909090909090909090909090909090909090909090909090909090909090909090909090909090909090909090909090909090909090909090909090909090909090909090909090909
310
09090909090909090909090909090909090909090909090909090909090909090909090909090909090909090909090909090909090909090909090909090909090909090909090909090909090909090909090909090909090909090909090909090909090909090909090909090909090909090909090909090909090909
310
09090909090909090909090909090909090909090909090909090909090909090909090909090909090909090909090909090909090909090909090909090909090909090909090909090909090909090909090909090909090909090909090909090909090909090909090909090909090909090909090909090909090909
310
09090909090909090909090909090909090909090909090909090909090909090909090909090909090909090909090909090909090909090909090909090909090909090909090909090909090909090909090909090909090909090909090909090909090909090909090909090909090909090909090909090909090909
310
09090909090909090909090909090909090909090909090909090909090909090909090909090909090909090909090909090909090909090909090909090909090909090909090909090909090909090909090909090909090909090909090909090909090909090909090909090909090909090909090909090909090909
310
09090909090909090909090909090909090909090909090909090909090909090909090909090909090909090909090909090909090909090909090909090909090909090909090909090909090909090909090909090909090909090909090909090909090909090909090909090909090909090909090909090909090909
310
09090909090909090909090909090909090909090909090909090909090909090909090909090909090909090909090909090909090909090909090909090909090909090909090909090909090909090909090909090909090909090909090909090909090909090909090909090909090909090909090909090909090909
310
09090909090909090909090909090909090909090909090909090909090909090909090909090909090909090909090909090909090909090909090909090909090909090909090909090909090909090909090909090909090909090909090909090909090909090909090909090909090909090909090909090909090909
310
09090909090909090909090909090909090909090909090909090909090909090909090909090909090909090909090909090909090909090909090909090909090909090909090909090909090909090909090909090909090909090909090909090909090909090909090909090909090909090909090909090909090909
310
09090909090909090909090909090909090909090909090909090909090909090909090909090909090909090909090909090909090909090909090909090909090909090909090909090909090909090909090909090909090909090909090909090909090909090909090909090909090909090909090909090909090909
310
09090909090909090909090909090909090909090909090909090909090909090909090909090909090909090909090909090909090909090909090909090909090909090909090909090909090909090909090909090909090909090909090909090909090909090909090909090909090909090909090909090909090909
310
09090909090909090909090909090909090909090909090909090909090909090909090909090909090909090909090909090909090909090909090909090909090909090909090909090909090909090909090909090909090909090909090909090909090909090909090909090909090909090909090909090909090909
310
09090909090909090909090909090909090909090909090909090909090909090909090909090909090909090909090909090909090909090909090909090909090909090909090909090909090909090909090909090909090909090909090909090909090909090909090909090909090909090909090909090909090909
310
09090909090909090909090909090909090909090909090909090909090909090909090909090909090909090909090909090909090909090909090909090909090909090909090909090909090909090909090909090909090909090909090909090909090909090909090909090909090909090909090909090909090909
310
09090909090909090909090909090909090909090909090909090909090909090909090909090909090909090909090909090909090909090909090909090909090909090909090909090909090909090909090909090909090909090909090909090909090909090909090909090909090909090909090909090909090909
310
09090909090909090909090909090909090909090909090909090909090909090909090909090909090909090909090909090909090909090909090909090909090909090909090909090909090909090909090909090909090909090909090909090909090909090909090909090909090909090909090909090909090909
310
09090909090909090909090909090909090909090909090909090909090909090909090909090909090909090909090909090909090909090909090909090909090909090909090909090909090909090909090909090909090909090909090909090909090909090909090909090909090909090909090909090909090909
310
09090909090909090909090909090909090909090909090909090909090909090909090909090909090909090909090909090909090909090909090909090909090909090909090909090909090909090909090909090909090909090909090909090909090909090909090909090909090909090909090909090909090909
310
09090909090909090909090909090909090909090909090909090909090909090909090909090909090909090909090909090909090909090909090909090909090909090909090909090909090909090909090909090909090909090909090909090909090909090909090909090909090909090909090909090909090909
310
09090909090909090909090909090909090909090909090909090909090909090909090909090909090909090909090909090909090909090909090909090909090909090909090909090909090909090909090909090909090909090909090909090909090909090909090909090909090909090909090909090909090909
310
09090909090909090909090909090909090909090909090909090909090909090909090909090909090909090909090909090909090909090909090909090909090909090909090909090909090909090909090909090909090909090909090909090909090909090909090909090909090909090909090909090909090909
310
09090909090909090909090909090909090909090909090909090909090909090909090909090909090909090909090909090909090909090909090909090909090909090909090909090909090909090909090909090909090909090909090909090909090909090909090909090909090909090909090909090909090909
310
09090909090909090909090909090909090909090909090909090909090909090909090909090909090909090909090909090909090909090909090909090909090909090909090909090909090909090909090909090909090909090909090909090909090909090909090909090909090909090909090909090909090909
310
09090909090909090909090909090909090909090909090909090909090909090909090909090909090909090909090909090909090909090909090909090909090909090909090909090909090909090909090909090909090909090909090909090909090909090909090909090909090909090909090909090909090909
310
09090909090909090909090909090909090909090909090909090909090909090909090909090909090909090909090909090909090909090909090909090909090909090909090909090909090909090909090909090909090909090909090909090909090909090909090909090909090909090909090909090909090909
310
09090909090909090909090909090909090909090909090909090909090909090909090909090909090909090909090909090909090909090909090909090909090909090909090909090909090909090909090909090909090909090909090909090909090909090909090909090909090909090909090909090909090909
310
09090909090909090909090909090909090909090909090909090909090909090909090909090909090909090909090909090909090909090909090909090909090909090909090909090909090909090909090909090909090909090909090909090909090909090909090909090909090909090909090909090909090909
310
09090909090909090909090909090909090909090909090909090909090909090909090909090909090909090909090909090909090909090909090909090909090909090909090909090909090909090909090909090909090909090909090909090909090909090909090909090909090909090909090909090909090909
310
09090909090909090909090909090909090909090909090909090909090909090909090909090909090909090909090909090909090909090909090909090909090909090909090909090909090909090909090909090909090909090909090909090909090909090909090909090909090909090909090909090909090909
310
09090909090909090909090909090909090909090909090909090909090909090909090909090909090909090909090909090909090909090909090909090909090909090909090909090909090909090909090909090909090909090909090909090909090909090909090909090909090909090909090909090909090909
310
09090909090909090909090909090909090909090909090909090909090909090909090909090909090909090909090909090909090909090909090909090909090909090909090909090909090909090909090909090909090909090909090909090909090909090909090909090909090909090909090909090909090909
310
09090909090909090909090909090909090909090909090909090909090909090909090909090909090909090909090909090909090909090909090909090909090909090909090909090909090909090909090909090909090909090909090909090909090909090909090909090909090909090909090909090909090909
310
09090909090909090909090909090909090909090909090909090909090909090909090909090909090909090909090909090909090909090909090909090909090909090909090909090909090909090909090909090909090909090909090909090909090909090909090909090909090909090909090909090909090909
310
09090909090909090909090909090909090909090909090909090909090909090909090909090909090909090909090909090909090909090909090909090909090909090909090909090909090909090909090909090909090909090909090909090909090909090909090909090909090909090909090909090909090909
310
09090909090909090909090909090909090909090909090909090909090909090909090909090909090909090909090909090909090909090909090909090909090909090909090909090909090909090909090909090909090909090909090909090909090909090909090909090909090909090909090909090909090909
310
09090909090909090909090909090909090909090909090909090909090909090909090909090909090909090909090909090909090909090909090909090909090909090909090909090909090909090909090909090909090909090909090909090909090909090909090909090909090909090909090909090909090909
310
09090909090909090909090909090909090909090909090909090909090909090909090909090909090909090909090909090909090909090909090909090909090909090909090909090909090909090909090909090909090909090909090909090909090909090909090909090909090909090909090909090909090909
310
09090909090909090909090909090909090909090909090909090909090909090909090909090909090909090909090909090909090909090909090909090909090909090909090909090909090909090909090909090909090909090909090909090909090909090909090909090909090909090909090909090909090909
310
09090909090909090909090909090909090909090909090909090909090909090909090909090909090909090909090909090909090909090909090909090909090909090909090909090909090909090909090909090909090909090909090909090909090909090909090909090909090909090909090909090909090909
310
09090909090909090909090909090909090909090909090909090909090909090909090909090909090909090909090909090909090909090909090909090909090909090909090909090909090909090909090909090909090909090909090909090909090909090909090909090909090909090909090909090909090909
310
09090909090909090909090909090909090909090909090909090909090909090909090909090909090909090909090909090909090909090909090909090909090909090909090909090909090909090909090909090909090909090909090909090909090909090909090909090909090909090909090909090909090909
310
09090909090909090909090909090909090909090909090909090909090909090909090909090909090909090909090909090909090909090909090909090909090909090909090909090909090909090909090909090909090909090909090909090909090909090909090909090909090909090909090909090909090909
310
09090909090909090909090909090909090909090909090909090909090909090909090909090909090909090909090909090909090909090909090909090909090909090909090909090909090909090909090909090909090909090909090909090909090909090909090909090909090909090909090909090909090909
310
09090909090909090909090909090909090909090909090909090909090909090909090909090909090909090909090909090909090909090909090909090909090909090909090909090909090909090909090909090909090909090909090909090909090909090909090909090909090909090909090909090909090909
310
09090909090909090909090909090909090909090909090909090909090909090909090909090909090909090909090909090909090909090909090909090909090909090909090909090909090909090909090909090909090909090909090909090909090909090909090909090909090909090909090909090909090909
310
09090909090909090909090909090909090909090909090909090909090909090909090909090909090909090909090909090909090909090909090909090909090909090909090909090909090909090909090909090909090909090909090909090909090909090909090909090909090909090909090909090909090909
310
09090909090909090909090909090909090909090909090909090909090909090909090909090909090909090909090909090909090909090909090909090909090909090909090909090909090909090909090909090909090909090909090909090909090909090909090909090909090909090909090909090909090909
310
09090909090909090909090909090909090909090909090909090909090909090909090909090909090909090909090909090909090909090909090909090909090909090909090909090909090909090909090909090909090909090909090909090909090909090909090909090909090909090909090909090909090909
310
09090909090909090909090909090909090909090909090909090909090909090909090909090909090909090909090909090909090909090909090909090909090909090909090909090909090909090909090909090909090909090909090909090909090909090909090909090909090909090909090909090909090909
310
09090909090909090909090909090909090909090909090909090909090909090909090909090909090909090909090909090909090909090909090909090909090909090909090909090909090909090909090909090909090909090909090909090909090909090909090909090909090909090909090909090909090909
310
09090909090909090909090909090909090909090909090909090909090909090909090909090909090909090909090909090909090909090909090909090909090909090909090909090909090909090909090909090909090909090909090909090909090909090909090909090909090909090909090909090909090909
310
09090909090909090909090909090909090909090909090909090909090909090909090909090909090909090909090909090909090909090909090909090909090909090909090909090909090909090909090909090909090909090909090909090909090909090909090909090909090909090909090909090909090909
310
09090909090909090909090909090909090909090909090909090909090909090909090909090909090909090909090909090909090909090909090909090909090909090909090909090909090909090909090909090909090909090909090909090909090909090909090909090909090909090909090909090909090909
310
09090909090909090909090909090909090909090909090909090909090909090909090909090909090909090909090909090909090909090909090909090909090909090909090909090909090909090909090909090909090909090909090909090909090909090909090909090909090909090909090909090909090909
310
09090909090909090909090909090909090909090909090909090909090909090909090909090909090909090909090909090909090909090909090909090909090909090909090909090909090909090909090909090909090909090909090909090909090909090909090909090909090909090909090909090909090909
310
09090909090909090909090909090909090909090909090909090909090909090909090909090909090909090909090909090909090909090909090909090909090909090909090909090909090909090909090909090909090909090909090909090909090909090909090909090909090909090909090909090909090909
310
09090909090909090909090909090909090909090909090909090909090909090909090909090909090909090909090909090909090909090909090909090909090909090909090909090909090909090909090909090909090909090909090909090909090909090909090909090909090909090909090909090909090909
310
09090909090909090909090909090909090909090909090909090909090909090909090909090909090909090909090909090909090909090909090909090909090909090909090909090909090909090909090909090909090909090909090909090909090909090909090909090909090909090909090909090909090909
310
09090909090909090909090909090909090909090909090909090909090909090909090909090909090909090909090909090909090909090909090909090909090909090909090909090909090909090909090909090909090909090909090909090909090909090909090909090909090909090909090909090909090909
310
09090909090909090909090909090909090909090909090909090909090909090909090909090909090909090909090909090909090909090909090909090909090909090909090909090909090909090909090909090909090909090909090909090909090909090909090909090909090909090909090909090909090909
310
09090909090909090909090909090909090909090909090909090909090909090909090909090909090909090909090909090909090909090909090909090909090909090909090909090909090909090909090909090909090909090909090909090909090909090909090909090909090909090909090909090909090909
310
09090909090909090909090909090909090909090909090909090909090909090909090909090909090909090909090909090909090909090909090909090909090909090909090909090909090909090909090909090909090909090909090909090909090909090909090909090909090909090909090909090909090909
310
09090909090909090909090909090909090909090909090909090909090909090909090909090909090909090909090909090909090909090909090909090909090909090909090909090909090909090909090909090909090909090909090909090909090909090909090909090909090909090909090909090909090909
310
09090909090909090909090909090909090909090909090909090909090909090909090909090909090909090909090909090909090909090909090909090909090909090909090909090909090909090909090909090909090909090909090909090909090909090909090909090909090909090909090909090909090909
310
09090909090909090909090909090909090909090909090909090909090909090909090909090909090909090909090909090909090909090909090909090909090909090909090909090909090909090909090909090909090909090909090909090909090909090909090909090909090909090909090909090909090909
310
09090909090909090909090909090909090909090909090909090909090909090909090909090909090909090909090909090909090909090909090909090909090909090909090909090909090909090909090909090909090909090909090909090909090909090909090909090909090909090909090909090909090909
310
09090909090909090909090909090909090909090909090909090909090909090909090909090909090909090909090909090909090909090909090909090909090909090909090909090909090909090909090909090909090909090909090909090909090909090909090909090909090909090909090909090909090909
310
09090909090909090909090909090909090909090909090909090909090909090909090909090909090909090909090909090909090909090909090909090909090909090909090909090909090909090909090909090909090909090909090909090909090909090909090909090909090909090909090909090909090909
310
09090909090909090909090909090909090909090909090909090909090909090909090909090909090909090909090909090909090909090909090909090909090909090909090909090909090909090909090909090909090909090909090909090909090909090909090909090909090909090909090909090909090909
310
09090909090909090909090909090909090909090909090909090909090909090909090909090909090909090909090909090909090909090909090909090909090909090909090909090909090909090909090909090909090909090909090909090909090909090909090909090909090909090909090909090909090909
310
09090909090909090909090909090909090909090909090909090909090909090909090909090909090909090909090909090909090909090909090909090909090909090909090909090909090909090909090909090909090909090909090909090909090909090909090909090909090909090909090909090909090909
310
09090909090909090909090909090909090909090909090909090909090909090909090909090909090909090909090909090909090909090909090909090909090909090909090909090909090909090909090909090909090909090909090909090909090909090909090909090909090909090909090909090909090909
310
09090909090909090909090909090909090909090909090909090909090909090909090909090909090909090909090909090909090909090909090909090909090909090909090909090909090909090909090909090909090909090909090909090909090909090909090909090909090909090909090909090909090909
310
09090909090909090909090909090909090909090909090909090909090909090909090909090909090909090909090909090909090909090909090909090909090909090909090909090909090909090909090909090909090909090909090909090909090909090909090909090909090909090909090909090909090909
310
09090909090909090909090909090909090909090909090909090909090909090909090909090909090909090909090909090909090909090909090909090909090909090909090909090909090909090909090909090909090909090909090909090909090909090909090909090909090909090909090909090909090909
310
09090909090909090909090909090909090909090909090909090909090909090909090909090909090909090909090909090909090909090909090909090909090909090909090909090909090909090909090909090909090909090909090909090909090909090909090909090909090909090909090909090909090909
310
09090909090909090909090909090909090909090909090909090909090909090909090909090909090909090909090909090909090909090909090909090909090909090909090909090909090909090909090909090909090909090909090909090909090909090909090909090909090909090909090909090909090909
310
09090909090909090909090909090909090909090909090909090909090909090909090909090909090909090909090909090909090909090909090909090909090909090909090909090909090909090909090909090909090909090909090909090909090909090909090909090909090909090909090909090909090909
310
09090909090909090909090909090909090909090909090909090909090909090909090909090909090909090909090909090909090909090909090909090909090909090909090909090909090909090909090909090909090909090909090909090909090909090909090909090909090909090909090909090909090909
310
09090909090909090909090909090909090909090909090909090909090909090909090909090909090909090909090909090909090909090909090909090909090909090909090909090909090909090909090909090909090909090909090909090909090909090909090909090909090909090909090909090909090909
310
09090909090909090909090909090909090909090909090909090909090909090909090909090909090909090909090909090909090909090909090909090909090909090909090909090909090909090909090909090909090909090909090909090909090909090909090909090909090909090909090909090909090909
310
09090909090909090909090909090909090909090909090909090909090909090909090909090909090909090909090909090909090909090909090909090909090909090909090909090909090909090909090909090909090909090909090909090909090909090909090909090909090909090909090909090909090909
310
09090909090909090909090909090909090909090909090909090909090909090909090909090909090909090909090909090909090909090909090909090909090909090909090909090909090909090909090909090909090909090909090909090909090909090909090909090909090909090909090909090909090909
310
09090909090909090909090909090909090909090909090909090909090909090909090909090909090909090909090909090909090909090909090909090909090909090909090909090909090909090909090909090909090909090909090909090909090909090909090909090909090909090909090909090909090909
310
09090909090909090909090909090909090909090909090909090909090909090909090909090909090909090909090909090909090909090909090909090909090909090909090909090909090909090909090909090909090909090909090909090909090909090909090909090909090909090909090909090909090909
310
09090909090909090909090909090909090909090909090909090909090909090909090909090909090909090909090909090909090909090909090909090909090909090909090909090909090909090909090909090909090909090909090909090909090909090909090909090909090909090909090909090909090909
310
09090909090909090909090909090909090909090909090909090909090909090909090909090909090909090909090909090909090909090909090909090909090909090909090909090909090909090909090909090909090909090909090909090909090909090909090909090909090909090909090909090909090909
310
09090909090909090909090909090909090909090909090909090909090909090909090909090909090909090909090909090909090909090909090909090909090909090909090909090909090909090909090909090909090909090909090909090909090909090909090909090909090909090909090909090909090909
310
09090909090909090909090909090909090909090909090909090909090909090909090909090909090909090909090909090909090909090909090909090909090909090909090909090909090909090909090909090909090909090909090909090909090909090909090909090909090909090909090909090909090909
310
09090909090909090909090909090909090909090909090909090909090909090909090909090909090909090909090909090909090909090909090909090909090909090909090909090909090909090909090909090909090909090909090909090909090909090909090909090909090909090909090909090909090909
310
09090909090909090909090909090909090909090909090909090909090909090909090909090909090909090909090909090909090909090909090909090909090909090909090909090909090909090909090909090909090909090909090909090909090909090909090909090909090909090909090909090909090909
310
09090909090909090909090909090909090909090909090909090909090909090909090909090909090909090909090909090909090909090909090909090909090909090909090909090909090909090909090909090909090909090909090909090909090909090909090909090909090909090909090909090909090909
310
09090909090909090909090909090909090909090909090909090909090909090909090909090909090909090909090909090909090909090909090909090909090909090909090909090909090909090909090909090909090909090909090909090909090909090909090909090909090909090909090909090909090909
310
09090909090909090909090909090909090909090909090909090909090909090909090909090909090909090909090909090909090909090909090909090909090909090909090909090909090909090909090909090909090909090909090909090909090909090909090909090909090909090909090909090909090909
310
09090909090909090909090909090909090909090909090909090909090909090909090909090909090909090909090909090909090909090909090909090909090909090909090909090909090909090909090909090909090909090909090909090909090909090909090909090909090909090909090909090909090909
310
09090909090909090909090909090909090909090909090909090909090909090909090909090909090909090909090909090909090909090909090909090909090909090909090909090909090909090909090909090909090909090909090909090909090909090909090909090909090909090909090909090909090909
310
09090909090909090909090909090909090909090909090909090909090909090909090909090909090909090909090909090909090909090909090909090909090909090909090909090909090909090909090909090909090909090909090909090909090909090909090909090909090909090909090909090909090909
310
09090909090909090909090909090909090909090909090909090909090909090909090909090909090909090909090909090909090909090909090909090909090909090909090909090909090909090909090909090909090909090909090909090909090909090909090909090909090909090909090909090909090909
310
09090909090909090909090909090909090909090909090909090909090909090909090909090909090909090909090909090909090909090909090909090909090909090909090909090909090909090909090909090909090909090909090909090909090909090909090909090909090909090909090909090909090909
310
09090909090909090909090909090909090909090909090909090909090909090909090909090909090909090909090909090909090909090909090909090909090909090909090909090909090909090909090909090909090909090909090909090909090909090909090909090909090909090909090909090909090909
310
09090909090909090909090909090909090909090909090909090909090909090909090909090909090909090909090909090909090909090909090909090909090909090909090909090909090909090909090909090909090909090909090909090909090909090909090909090909090909090909090909090909090909
310
09090909090909090909090909090909090909090909090909090909090909090909090909090909090909090909090909090909090909090909090909090909090909090909090909090909090909090909090909090909090909090909090909090909090909090909090909090909090909090909090909090909090909
310
09090909090909090909090909090909090909090909090909090909090909090909090909090909090909090909090909090909090909090909090909090909090909090909090909090909090909090909090909090909090909090909090909090909090909090909090909090909090909090909090909090909090909
310
09090909090909090909090909090909090909090909090909090909090909090909090909090909090909090909090909090909090909090909090909090909090909090909090909090909090909090909090909090909090909090909090909090909090909090909090909090909090909090909090909090909090909
310
09090909090909090909090909090909090909090909090909090909090909090909090909090909090909090909090909090909090909090909090909090909090909090909090909090909090909090909090909090909090909090909090909090909090909090909090909090909090909090909090909090909090909
310
09090909090909090909090909090909090909090909090909090909090909090909090909090909090909090909090909090909090909090909090909090909090909090909090909090909090909090909090909090909090909090909090909090909090909090909090909090909090909090909090909090909090909
310
09090909090909090909090909090909090909090909090909090909090909090909090909090909090909090909090909090909090909090909090909090909090909090909090909090909090909090909090909090909090909090909090909090909090909090909090909090909090909090909090909090909090909
310
09090909090909090909090909090909090909090909090909090909090909090909090909090909090909090909090909090909090909090909090909090909090909090909090909090909090909090909090909090909090909090909090909090909090909090909090909090909090909090909090909090909090909
310
09090909090909090909090909090909090909090909090909090909090909090909090909090909090909090909090909090909090909090909090909090909090909090909090909090909090909090909090909090909090909090909090909090909090909090909090909090909090909090909090909090909090909
310
09090909090909090909090909090909090909090909090909090909090909090909090909090909090909090909090909090909090909090909090909090909090909090909090909090909090909090909090909090909090909090909090909090909090909090909090909090909090909090909090909090909090909
310
09090909090909090909090909090909090909090909090909090909090909090909090909090909090909090909090909090909090909090909090909090909090909090909090909090909090909090909090909090909090909090909090909090909090909090909090909090909090909090909090909090909090909
310
09090909090909090909090909090909090909090909090909090909090909090909090909090909090909090909090909090909090909090909090909090909090909090909090909090909090909090909090909090909090909090909090909090909090909090909090909090909090909090909090909090909090909
310
09090909090909090909090909090909090909090909090909090909090909090909090909090909090909090909090909090909090909090909090909090909090909090909090909090909090909090909090909090909090909090909090909090909090909090909090909090909090909090909090909090909090909
310
09090909090909090909090909090909090909090909090909090909090909090909090909090909090909090909090909090909090909090909090909090909090909090909090909090909090909090909090909090909090909090909090909090909090909090909090909090909090909090909090909090909090909
310
09090909090909090909090909090909090909090909090909090909090909090909090909090909090909090909090909090909090909090909090909090909090909090909090909090909090909090909090909090909090909090909090909090909090909090909090909090909090909090909090909090909090909
310
09090909090909090909090909090909090909090909090909090909090909090909090909090909090909090909090909090909090909090909090909090909090909090909090909090909090909090909090909090909090909090909090909090909090909090909090909090909090909090909090909090909090909
310
09090909090909090909090909090909090909090909090909090909090909090909090909090909090909090909090909090909090909090909090909090909090909090909090909090909090909090909090909090909090909090909090909090909090909090909090909090909090909090909090909090909090909
310
09090909090909090909090909090909090909090909090909090909090909090909090909090909090909090909090909090909090909090909090909090909090909090909090909090909090909090909090909090909090909090909090909090909090909090909090909090909090909090909090909090909090909
310
09090909090909090909090909090909090909090909090909090909090909090909090909090909090909090909090909090909090909090909090909090909090909090909090909090909090909090909090909090909090909090909090909090909090909090909090909090909090909090909090909090909090909
310
09090909090909090909090909090909090909090909090909090909090909090909090909090909090909090909090909090909090909090909090909090909090909090909090909090909090909090909090909090909090909090909090909090909090909090909090909090909090909090909090909090909090909
310
09090909090909090909090909090909090909090909090909090909090909090909090909090909090909090909090909090909090909090909090909090909090909090909090909090909090909090909090909090909090909090909090909090909090909090909090909090909090909090909090909090909090909
310
09090909090909090909090909090909090909090909090909090909090909090909090909090909090909090909090909090909090909090909090909090909090909090909090909090909090909090909090909090909090909090909090909090909090909090909090909090909090909090909090909090909090909
310
09090909090909090909090909090909090909090909090909090909090909090909090909090909090909090909090909090909090909090909090909090909090909090909090909090909090909090909090909090909090909090909090909090909090909090909090909090909090909090909090909090909090909
310
09090909090909090909090909090909090909090909090909090909090909090909090909090909090909090909090909090909090909090909090909090909090909090909090909090909090909090909090909090909090909090909090909090909090909090909090909090909090909090909090909090909090909
310
09090909090909090909090909090909090909090909090909090909090909090909090909090909090909090909090909090909090909090909090909090909090909090909090909090909090909090909090909090909090909090909090909090909090909090909090909090909090909090909090909090909090909
310
09090909090909090909090909090909090909090909090909090909090909090909090909090909090909090909090909090909090909090909090909090909090909090909090909090909090909090909090909090909090909090909090909090909090909090909090909090909090909090909090909090909090909
310
09090909090909090909090909090909090909090909090909090909090909090909090909090909090909090909090909090909090909090909090909090909090909090909090909090909090909090909090909090909090909090909090909090909090909090909090909090909090909090909090909090909090909
310
09090909090909090909090909090909090909090909090909090909090909090909090909090909090909090909090909090909090909090909090909090909090909090909090909090909090909090909090909090909090909090909090909090909090909090909090909090909090909090909090909090909090909
310
09090909090909090909090909090909090909090909090909090909090909090909090909090909090909090909090909090909090909090909090909090909090909090909090909090909090909090909090909090909090909090909090909090909090909090909090909090909090909090909090909090909090909
310
09090909090909090909090909090909090909090909090909090909090909090909090909090909090909090909090909090909090909090909090909090909090909090909090909090909090909090909090909090909090909090909090909090909090909090909090909090909090909090909090909090909090909
310
09090909090909090909090909090909090909090909090909090909090909090909090909090909090909090909090909090909090909090909090909090909090909090909090909090909090909090909090909090909090909090909090909090909090909090909090909090909090909090909090909090909090909
310
09090909090909090909090909090909090909090909090909090909090909090909090909090909090909090909090909090909090909090909090909090909090909090909090909090909090909090909090909090909090909090909090909090909090909090909090909090909090909090909090909090909090909
310
09090909090909090909090909090909090909090909090909090909090909090909090909090909090909090909090909090909090909090909090909090909090909090909090909090909090909090909090909090909090909090909090909090909090909090909090909090909090909090909090909090909090909
310
09090909090909090909090909090909090909090909090909090909090909090909090909090909090909090909090909090909090909090909090909090909090909090909090909090909090909090909090909090909090909090909090909090909090909090909090909090909090909090909090909090909090909
310
09090909090909090909090909090909090909090909090909090909090909090909090909090909090909090909090909090909090909090909090909090909090909090909090909090909090909090909090909090909090909090909090909090909090909090909090909090909090909090909090909090909090909
310
09090909090909090909090909090909090909090909090909090909090909090909090909090909090909090909090909090909090909090909090909090909090909090909090909090909090909090909090909090909090909090909090909090909090909090909090909090909090909090909090909090909090909
310
09090909090909090909090909090909090909090909090909090909090909090909090909090909090909090909090909090909090909090909090909090909090909090909090909090909090909090909090909090909090909090909090909090909090909090909090909090909090909090909090909090909090909
310
09090909090909090909090909090909090909090909090909090909090909090909090909090909090909090909090909090909090909090909090909090909090909090909090909090909090909090909090909090909090909090909090909090909090909090909090909090909090909090909090909090909090909
310
09090909090909090909090909090909090909090909090909090909090909090909090909090909090909090909090909090909090909090909090909090909090909090909090909090909090909090909090909090909090909090909090909090909090909090909090909090909090909090909090909090909090909
310
09090909090909090909090909090909090909090909090909090909090909090909090909090909090909090909090909090909090909090909090909090909090909090909090909090909090909090909090909090909090909090909090909090909090909090909090909090909090909090909090909090909090909
310
09090909090909090909090909090909090909090909090909090909090909090909090909090909090909090909090909090909090909090909090909090909090909090909090909090909090909090909090909090909090909090909090909090909090909090909090909090909090909090909090909090909090909
310
09090909090909090909090909090909090909090909090909090909090909090909090909090909090909090909090909090909090909090909090909090909090909090909090909090909090909090909090909090909090909090909090909090909090909090909090909090909090909090909090909090909090909
310
09090909090909090909090909090909090909090909090909090909090909090909090909090909090909090909090909090909090909090909090909090909090909090909090909090909090909090909090909090909090909090909090909090909090909090909090909090909090909090909090909090909090909
310
09090909090909090909090909090909090909090909090909090909090909090909090909090909090909090909090909090909090909090909090909090909090909090909090909090909090909090909090909090909090909090909090909090909090909090909090909090909090909090909090909090909090909
310
09090909090909090909090909090909090909090909090909090909090909090909090909090909090909090909090909090909090909090909090909090909090909090909090909090909090909090909090909090909090909090909090909090909090909090909090909090909090909090909090909090909090909
310
09090909090909090909090909090909090909090909090909090909090909090909090909090909090909090909090909090909090909090909090909090909090909090909090909090909090909090909090909090909090909090909090909090909090909090909090909090909090909090909090909090909090909
310
09090909090909090909090909090909090909090909090909090909090909090909090909090909090909090909090909090909090909090909090909090909090909090909090909090909090909090909090909090909090909090909090909090909090909090909090909090909090909090909090909090909090909
310
09090909090909090909090909090909090909090909090909090909090909090909090909090909090909090909090909090909090909090909090909090909090909090909090909090909090909090909090909090909090909090909090909090909090909090909090909090909090909090909090909090909090909
310
09090909090909090909090909090909090909090909090909090909090909090909090909090909090909090909090909090909090909090909090909090909090909090909090909090909090909090909090909090909090909090909090909090909090909090909090909090909090909090909090909090909090909
310
09090909090909090909090909090909090909090909090909090909090909090909090909090909090909090909090909090909090909090909090909090909090909090909090909090909090909090909090909090909090909090909090909090909090909090909090909090909090909090909090909090909090909
310
09090909090909090909090909090909090909090909090909090909090909090909090909090909090909090909090909090909090909090909090909090909090909090909090909090909090909090909090909090909090909090909090909090909090909090909090909090909090909090909090909090909090909
310
09090909090909090909090909090909090909090909090909090909090909090909090909090909090909090909090909090909090909090909090909090909090909090909090909090909090909090909090909090909090909090909090909090909090909090909090909090909090909090909090909090909090909
310
09090909090909090909090909090909090909090909090909090909090909090909090909090909090909090909090909090909090909090909090909090909090909090909090909090909090909090909090909090909090909090909090909090909090909090909090909090909090909090909090909090909090909
310
09090909090909090909090909090909090909090909090909090909090909090909090909090909090909090909090909090909090909090909090909090909090909090909090909090909090909090909090909090909090909090909090909090909090909090909090909090909090909090909090909090909090909
310
09090909090909090909090909090909090909090909090909090909090909090909090909090909090909090909090909090909090909090909090909090909090909090909090909090909090909090909090909090909090909090909090909090909090909090909090909090909090909090909090909090909090909
310
09090909090909090909090909090909090909090909090909090909090909090909090909090909090909090909090909090909090909090909090909090909090909090909090909090909090909090909090909090909090909090909090909090909090909090909090909090909090909090909090909090909090909
310
09090909090909090909090909090909090909090909090909090909090909090909090909090909090909090909090909090909090909090909090909090909090909090909090909090909090909090909090909090909090909090909090909090909090909090909090909090909090909090909090909090909090909
310
C9060606060606060606060606060606060606060606060606060606060606060606060606060606060606060606060606060606060606060606060606060606060606060606060606060606060606060606060606060606060606060606060606060606060606060606060606060606060606060606060606060606060606
310
06060606060606060606060606060606060606060606060609090909090909090909090909090909090909090909090909090909090909090909090909090909090909090909090909090909090909090909090909090909090909090909090909090909090909090909090909090909090909090909090909090909090909
310
09090909090909090909090909090909090909090909090909090909090909090909090909090909090909090909090909090909090909090909090909090909090909090909090909090909090909090909090909090909090909090909090909090909090909090909090909090909090909090909090909090909090909
310
09090909090909090909090909090909090909090909090909090909090909090909090909090909090909090909090909090909090909090909090909090909090909090909090909090909090909090909090909090909090909090909090909090909090909090909090909090909090909090909090909090909090909
310
09090909060909090909090909090909090909090909090909090909090909090909090909090909090909090909090909090909090909090909090909090909090909090909090909090909090909090909090909090909090909090909090909090909090909090909090909090909090909090909090909090909090909
310
090909090909090909090909090909090909090909090909090909C9090909090909090909090909090909090909090909090909090909090909090909090909090909090909090909090909090909090909090909090909090909090909090909090909090909090909090909090909090909090909090909090909090909
310
09090909090909090909090909090909090909090909090909090909090909090909090909090909090909090909090909090909090909090909090909090909090909090909090909090909090909090909090909090909090909090909090909090909090909090909090909090909090909090909090909090909090909
310
09090909090909090909090909090909090909090909090909090909090909090909090909090909090909090909090909090909090909090909090909090909090909090909090909090909090909090909090909090909090909090909090909090909090909090909090909090909090909090909090909090909090909
310
09090909090909090609090909090909090909090909090909090909090909090909090909090909090909090909090909090909090909090909090909090909090909090909090909090909090909090909090909090909090909090909090909090909090909090909090909090909090909090909090909090909090909
310
09090909090909090909090909090909090909090909090909090909090909C90909090909090909090909090909090909090909090909090909090909090909090909090909090909090909090909090909090909090909090909090909090909090909090909090909090909090909090909090909090909090909090909
310
09090909090909090909090909090909090909090909090909090909090909090909090909090909090909090909090909090909090909090909090909090909090909090909090909090909090909090909090909090909090909090909090909090909090909090909090909090909090909090909090909090909090909
310
09090909090909090909090909090909090909090909090909090909090909090909090909090909090909090909090909090909090909090909090909090909090909090909090909090909090909090909090909090909090909090909090909090909090909090909090909090909090909090909090909090909090909
310
09090909090909090909090906090909090909090909090909090909090909090909090909090909090909090909090909090909090909090909090909090909090909090909090909090909090909090909090909090909090909090909090909090909090909090909090909090909090909090909090909090909090909
310
0909090909090909090909090909090909090909090909090909090909090909090909C909090909090909090909090909090909090909090909090909090909090909090909090909090909090909090909090909090909090909090909090909090909090909090909090909090909090909090909090909090909090909
310
09090909090909090909090909090909090909090909090909090909090909090909090909090909090909090909090909090909090909090909090909090909090909090909090909090909090909090909090909090909090909090909090909090909090909090909090909090909090909090909090909090909090909
310
09090909090909090909090909090909090909090909090909090909090909090909090909090909090909090909090909090909090909090909090909090909090909090909090909090909090909090909090909090909090909090909090909090909090909090909090909090909090909090909090909090909090909
310
09090909090909090909090909090909060909090909090909090909090909090909090909090909090909090909090909090909090909090909090909090909090909090909090909090909090909090909090909090909090909090909090909090909090909090909090909090909090909090909090909090909090909
310
090909090909090909090909090909090909090909090909090909090909090909090909090909C9090909090909090909090909090909090909090909090909090909090909090909090909090909090909090909090909090909090909090909090909090909090909090909090909090909090909090909090909090909
310
09090909090909090909090909090909090909090909090909090909090909090909090909090909090909090909090909090909090909090909090909090909090909090909090909090909090909090909090909090909090909090909090909090909090909090909090909090909090909090909090909090909090909
310
09090909090909090909090909090909090909090909090909090909090909090909090909090909090909090909090909090909090909090909090909090909090909090909090909090909090909090909090909090909090909090909090909090909090909090909090909090909090909090909090909090909090909
310
09090909090909090909090909090909090909090609090909090909090909090909090909090909090909090909090909090909090909090909090909090909090909090909090909090909090909090909090909090909090909090909090909090909090909090909090909090909090909090909090909090909090909
310
09090909090909090909090909090909090909090909090909090909090909090909090909090909090909C90909090909090909090909090909090909090909090909090909090909090909090909090909090909090909090909090909090909090909090909090909090909090909090909090909090909090909090909
310
09090909090909090909090909090909090909090909090909090909090909090909090909090909090909090909090909090909090909090909090909090909090909090909090909090909090909090909090909090909090909090909090909090909090909090909090909090909090909090909090909090909090909
310
09090909090909090909090909090909090909090909090909090909090909090909090909090909090909090909090909090909090909090909090909090909090909090909090909090909090909090909090909090909090909090909090909090909090909090909090909090909090909090909090909090909090909
310
09090909090909090909090909090909090909090909090906090909090909090909090909090909090909090909090909090909090909090909090909090909090909090909090909090909090909090909090909090909090909090909090909090909090909090909090909090909090909090909090909090909090909
310
0909090909090909090909090909090909090909090909090909090909090909090909090909090909090909090909C909090909090909090909090909090909090909090909090909090909090909090909090909090909090909090909090909090909090909090909090909090909090909090909090909090909090909
310
09090909090909090909090909090909090909090909090909090909090909090909090909090909090909090909090909090909090909090909090909090909090909090909090909090909090909090909090909090909090909090909090909090909090909090909090909090909090909090909090909090909090909
310
09090909090909090909090909090909090909090909090909090909090909090909090909090909090909090909090909090909090909090909090909090909090909090909090909090909090909090909090909090909090909090909090909090909090909090909090909090909090909090909090909090909090909
310
090909090909090909090909090909090909090909090909090909090609090909090909090909C9C9C9C9C9C9C9C9C9090909C9C9C9C9C9C9C9C9C9C9C9C9C9C9C9C9C9C9C9C9C9C9C9C909090909C9C9C9C9C9C9C9C9C9C9C9C9C9C9C9C9C9C9C9C9C9C9C9090909C9C9C9C9C9C9C9C9C9C9C9C9C9C9C9C9C9C9C9C9C9C9
310
C9C9090909C9C9C9C9C9C9C9C9C9C9C9C9C9C9C9C9C9C9C9C9C9C9C9C9090909C9C9C9C9C9C9C9C9C909090909090909090909C9090909090909090909090909090909090909090909090909090909090909090909090909090909090909090909090909090909090909090909090909090909090909090909090909090909
310
09090909090909090909090909090909090909090909090909090909090909090909090909090909090909090909090909090909090909090909090909090909090909090909090909090909090909090909090909090909090909090909090909090909090909090909090909090909090909090909090909090909090909
310
09090909090909090909090909090909090909090909090909090909090909090909090909090909090909090909090909090909090909090909090909090909090909090909090909090909090909090909090909090909090909090909090909090909090909090909090909090909090909090909090909090909090909
310
09090909090909090909090909090909090909090909090909090909090909090609090909090909090609090909090909090909C90909090909090909090909090909090909090909090909090909C90909090909090909090909090909090909090909090909090909090909090909090909090909090909090909090909
310
0909090909090909090909090909090909090909090909090909090909090909090909C909090909090909090909C90909090909090909C90909090909090909090909090909090909090909090909090909090909090909090909090909090909090909090909090909090909090909090909090909090909090909090909
310
09090909090909090909090909090909090909090909090909090909090909090909090909090909090909090909090909090909090909090909090909090909090909090909090909090909090909090909090909090909090909090909090909090909090909090909090909090909090909090909090909090909090909
310
09090909090909090909090909090909090909090909090909090909090909090909090909090909090909090909090909090909090909090909090909090909090909090909090909090909090909090909090909090909090909090909090909090909090909090909090909090909090909090909090909090909090909
310
09090909090909090909090909090909090909090909090909090909090909090909090906090909090909090609790909090909090909090909090909090909090909097909090909047909090909090909090909090909090909090909097909090909790909090909090909090909090909090909090909097909090909
310
7909090909090909090909090909090909090909090979090909097909090909090909090909090909090909090909090904090909090909090909C909090909090909090909090909090909090909090909090909090909090909090909090909090909090909090909090909090909090909090909090909090909090909
310
09090909090909090909090909090909090909090909090909090909090909090909090909090909090909090909090909090909090909090909090909090909090909090909090909090909090909090909090909090909090909090909090909090909090909090909090909090909090909090909090909090909090909
310
09090909090909090909090909090909090909090909090909090909090909090909090909090909090909090909090909090909090909090909090909090909090909090909090909090909090909090909090909090909090909090909090909090909090909090909090909090909090909090909090909090909090909
310
09090909090909090909090909090909090909090909090909090909090909090909090909090909060909090909090909040909090909090909090909090909090909090909090909097909790909090909090909090909090909090909090909090909090909790909090909090909090909090909090909090909090909
310
090909090909090909090909090909090909090909090909090909790909090909090909090909090909090909090909090909090909090909090909090909C9090909090909090909090909090909090909090909090909090909090909090909090909090909090909090909090909090909090909090909090909090909
310
09090909090909090909090909090909090909090909090909090909090909090909090909090909090909090909090909090909090909090909090909090909090909090909090909090909090909090909090909090909090909090909090909090909090909090909090909090909090909090909090909090909090909
310
09090909090909090909090909090909090909090909090909090909090909090909090909090909090909090909090909090909090909090909090909090909090909090909090909090909090909090909090909090909090909090909090909090909090909090909090909090909090909090909090909090909090909
310
09090909090909090909090909090909090909090909090909090909090909090909090909090909090909090609090909090906090909090909090909090909090909090909090909090909090904090909090909090909090909090909090909090909090909090979090909090909090909090909090909090909090909
310
090909090979790909090909090909090909090909090909090909090909090909790909090909090909090909090909090909090909090909090909C9090909090909C90909090909090909090909090909090909090909090909090909090909090909090909090909090909090909090909090909090909090909090909
310
09090909090909090909090909090909090909090909090909090909090909090909090909090909090909090909090909090909090909090909090909090909090909090909090909090909090909090909090909090909090909090909090909090909090909090909090909090909090909090909090909090909090909
310
09090909090909090909090909090909090909090909090909090909090909090909090909090909090909090909090909090909090909090909090909090909090909090909090909090909090909090909090909090909090909090909090909090909090909090909090909090909090909090909090909090909090909
310
09090909090909090909090909090909090909090909090909090909090909090909090909090909090909090909090906090909090909060909090909090909090909090909090909090909090909090909790909090909090909090909090909090909090909090909090909790909090909090909090909090909090909
310
0909090909090909090479090909090909090909090909090909090909090909090909090979090909090909090909090909090909090909090909090909090906090909090909C909090909090909090909090909090909090909090909090909090909090909090909090909090909090909090909090909090909090909
310
09090909090909090909090909090909090909090909090909090909090909090909090909090909090909090909090909090909090909090909090909090909090909090909090909090909090909090909090909090909090909090909090909090909090909090909090909090909090909090909090909090909090909
310
09090909090909090909090909090909090909090909090909090909090909090909090909090909090909090909090909090909090909090909090909090909090909090909090909090909090909090909090909090909090909090909090909090909090909090909090909090909090909090909090909090909090909
310
09090909090909090909090909090909090909090909090909090909090909090909090909090909090909090909090909090909060909090909090609090909090909090909090909090909090909090909090909097909090909090909090909090909090909090909090909090909097909090909090909090909090909
310
090909090909090909090909090479090909090909090909090909090909090909090909090909090979090909090909090909090909090909090909090909090909090906090909090909C9090909090909090909090909090909090909090909090909090909090909090909090909090909090909090909090909090909
310
09090909090909090909090909090909090909090909090909090909090909090909090909090909090909090909090909090909090909090909090909090909090909090909090909090909090909090909090909090909090909090909090909090909090909090909090909090909090909090909090909090909090909
310
09090909090909090909090909090909090909090909090909090909090909090909090909090909090909090909090909090909090909090909090909090909090909090909090909090909090909090909090909090909090909090909090909090909090909090909090909090909090909090909090909090909090909
310
09090909090909090909090909090909090909090909090909090909090909090909090909090909090909090909090909090909090909090609090909090906090909090909090909090909090909090909090909090909090979090909090909090909090909090909090909090909090909090979090909090909090909
310
09090909090909090909090909090909090479090909090909090909090909090909090909090909090909090979090909090909090909090909090909090909090909090909090906090909090909C90909090909090909090909090909090909090909090909090909090909090909090909090909090909090909090909
310
09090909090909090909090909090909090909090909090909090909090909090909090909090909090909090909090909090909090909090909090909090909090909090909090909090909090909090909090909090909090909090909090909090909090909090909090909090909090909090909090909090909090909
310
09090909090909090909090909090909090909090909090909090909090909090909090909090909090909090909090909090909090909090909090909090909090909090909090909090909090909090909090909090909090909090909090909090909090909090909090909090909090909090909090909090909090909
310
09090909090909090909090909090909090909090909090909090909090909090909090909090909090909090909090909090909090909090909090906090909090909060909090909090909090909090909090909090909090909090909790909090909090909090909090909090909090909090909090909790909090909
310
0909090909090909090909090909090909090909090479090909090909090909090909090909090909090909090909090979090909090909090909090909090909090909090909090909090906090909090909C909090909090909090909090909090909090909090909090909090909090909090909090909090909090909
310
09090909090909090909090909090909090909090909090909090909090909090909090909090909090909090909090909090909090909090909090909090909090909090909090909090909090909090909090909090909090909090909090909090909090909090909090909090909090909090909090909090909090909
310
09090909090909090909090909090909090909090909090909090909090909090909090909090909090909090909090909090909090909090909090909090909090909090909090909090909090909090909090909090909090909090909090909090909090909090909090909090909090909090909090909090909090909
310
09090909090909090909090909090909090909090909090909090909090909090909090909090909090909090909090909090909090909090909090909090909060909090909090609090909090909090909090909090909090909090909090909097909090909090909090909090909090909090909090909090909097909
310
090909090909090909090909090909090909090909090909090479090909090909090909090909090909090909090909090909090979090909090909090909090909090909090909090909090909090906090909090909C9090909090909090909090909090909090909090909090909090909090909090909090909090909
310
09090909090909090909090909090909090909090909090909090909090909090909090909090909090909090909090909090909090909090909090909090909090909090909090909090909090909090909090909090909090909090909090909090909090909090909090909090909090909090909090909090909090909
310
09090909090909090909090909090909090909090909090909090909090909090909090909090909090909090909090909090909090909090909090909090909090909090909090909090909090909090909090909090909090909090909090909090909090909090909090909090909090909090909090909090909090909
310
09090909090909090909090909090909090909090909090909090909090909090909090909090909090909090909090909090909090909090909090909090909090909090609090909090906090909090909090909090909090909090909090909090909090979090909090909090909090909090909090909090909090909
310
09097909090909090909090909090909090909090909090909090909090479090909090909090909090909090909090909090909090909090979090909090909090909090909090909090909090909090909090906090909090909C90909090909090909090909090909090909090909090909090909090909090909090909
310
09090909090909090909090909090909090909090909090909090909090909090909090909090909090909090909090909090909090909090909090909090909090909090909090909090909090909090909090909090909090909090909090909090909090909090909090909090909090909090909090909090909090909
310
09090909090909090909090909090909090909090909090909090909090909090909090909090909090909090909090909090909090909090909090909090909090909090909090909090909090909090909090909090909090909090909090909090909090909090909090909090909090909090909090909090909090909
310
09090909090909090909090909090909090909090909090909090909090909090909090909090909090909090909090909090909090909090909090909090909090909090909090906090909090909C90909090909090909090909090909090909090909090909090909A1C909090909090909090909090909090909090909
310
09090909090906C909090909090909090909090909090909090909090909090909C8C809090909090909090909090909090909090909090909090909C9060909090909090909090909090909090909090909090909090906C9090909090909C909090909090909090909090909090909090909090909090909090909090909
310
09090909090909090909090909090909090909090909090909090909090909090909090909090909090909090909090909090909090909090909090909090909090909090909090909090909090909090909090909090909090909090909090909090909090909090909090909090909090909090909090909090909090909
310
09090909090909090909090909090909090909090909090909090909090909090909090909090909090909090909090909090909090909090909090909090909090909090909090909090909090909090909090909090909090909090909090909090909090909090909090909090909090909090909090909090909090909
310
09090909090909090909090909090909090909090909090909090909090909090909090909090909090909090909090909090909090909090909090909090909090909090909090909090909060909090909090909090909090909090909090909090909090909090909090909097909090909090909090909090909090909
310
090909090909090909097909090909090909090909090909090909090909090909090909090479090909090909090909090909090909090909090909090909090979090909090909090909090909090909090909090909090909090909090909090909C9090909090909090909090909090909090909090909090909090909
310
09090909090909090909090909090909090909090909090909090909090909090909090909090909090909090909090909090909090909090909090909090909090909090909090909090909090909090909090909090909090909090909090909090909090909090909090909090909090909090909090909090909090909
310
09090909090909090909090909090909090909090909090909090909090909090909090909090909090909090909090909090909090909090909090909090909090909090909090909090909090909090909090909090909090909090909090909090909090909090909090909090909090909090909090909090909090909
310
09090909090909090909090909090909090909090909090909090909090909090909090909090909090909090909090909090909090909090909090909090909090909090909090909090909090909090609090909090909090909090909090909090909090909090909090909090909090979090909090909090909090909
310
09090909090909090909090909097909090909090909090909090909090909090909090909090909090479090909090909090909090909090909090909090909090909090979090909090909090909090909090909090909090909090909090909090909090909C90909090909090909090909090909090909090909090909
310
09090909090909090909090909090909090909090909090909090909090909090909090909090909090909090909090909090909090909090909090909090909090909090909090909090909090909090909090909090909090909090909090909090909090909090909090909090909090909090909090909090909090909
310
09090909090909090909090909090909090909090909090909090909090909090909090909090909090909090909090909090909090909090909090909090909090909090909090909090909090909090909090909090909090909090909090909090909090909090909090909090909090909090909090909090909090909
310
09090909090909090909090909090909090909090909090909090909090909090909090909090909090909090909090909090909090909090909090909090909090909090909090909090909090909090909090906090909090909090909090909090909090909090909090909090909090909090909790909090909090909
310
0909090909090909090909090909090909097909090909090909090909090909090909090909090909090909090479090909090909090909090909090909090909090909090909090979090909090909090909090909090909090909090909090909090909090909090909C909090909090909090909090909090909090909
310
09090909090909090909090909090909090909090909090909090909090909090909090909090909090909090909090909090909090909090909090909090909090909090909090909090909090909090909090909090909090909090909090909090909090909090909090909090909090909090909090909090909090909
310
09090909090909090909090909090909090909090909090909090909090909090909090909090909090909090909090909090909090909090909090909090909090909090909090909090909090909090909090909090909090909090909090909090909090909090909090909090909090909090909090909090909090909
310
09090909090909090909090909090909090909090909090909090909090909090909090909090909090909090909090909090909090909090909090909090909090909090909090909090909090909090909090909090909060909090909090609090909090909090909090909090909090909090909090909099709090909
310
09090909090909090909090909090909090909090909A10909090909090909090909090909090909090909090909090909A1BF0909090909090909090909090909090909090909090909090909BF090909090909090909090909090909090909090909090909090906090909090909C9090909090909090909090909090909
310
09090909090909090909090909090909090909090909090909090909090909090909090909090909090909090909090909090909090909090909090909090909090909090909090909090909090909090909090909090909090909090909090909090909090909090909090909090909090909090909090909090909090909
310
09090909090909090909090909090909090909090909090909090909090909090909090909090909090909090909090909090909090909090909090909090909090909090909090909090909090909090909090909090909090909090909090909090909090909090909090909090909090909090909090909090909090909
310
09090909090909090909090909090909090909090909090909090909090909090909090909090909090909090909090909090909090909090909090909090909090909090909090909090909090909090909090909090909090909090609090909090906090909090909090909090909090909090909090909090909090979
310
09090909090909090909090909090909090909090909090909097909090909090909090909090909090909090909090909090909090479090909090909090909090909090909090909090909090909090979090909090909090909090909090909090909090909090909090906090909090909C90909090909090909090909
310
09090909090909090909090909090909090909090909090909090909090909090909090909090909090909090909090909090909090909090909090909090909090909090909090909090909090909090909090909090909090909090909090909090909090909090909090909090909090909090909090909090909090909
310
09090909090909090909090909090909090909090909090909090909090909090909090909090909090909090909090909090909090909090909090909090909090909090909090909090909090909090909090909090909090909090909090909090909090909090909090909090909090909090909090909090909090909
310
09090909090909090909090909090909090909090909090909090909090909090909090909090909090909090909090909090909090909090909090909090909090909090909090909090909090909090909090909090909090909090909090906090909090909060909090909090909090909090909090909090909090909
310
0909097909090909090909090909090909090909090909090909090909097909090909090909090909090909090909090909090909090909090479090909090909090909090909090909090909090909090909090979090909090909090909090909090909090909090909090909090906090909090909C909090909090909
310
09090909090909090909090909090909090909090909090909090909090909090909090909090909090909090909090909090909090909090909090909090909090909090909090909090909090909090909090909090909090909090909090909090909090909090909090909090909090909090909090909090909090909
310
09090909090909090909090909090909090909090909090909090909090909090909090909090909090909090909090909090909090909090909090909090909090909090909090909090909090909090909090909090909090909090909090909090909090909090909090909090909090909090909090909090909090909
310
09090909090909090909090909090909090909090909090909090909090909090909090909090909090909090909090909090909090909090909090909090909090909090909090909090909090909090909090909090909090909090909090909090909060909090909090609090909090909090909090909090909090909
310
090909090909097909090909090909090909090909090909090909090909090909097909090909090909090909090909090909090909090909090909090479090909090909090909090909090909090909090909090909090979090909090909090909090909090909090909090909090909090906090909090909C9090909
310
09090909090909090909090909090909090909090909090909090909090909090909090909090909090909090909090909090909090909090909090909090909090909090909090909090909090909090909090909090909090909090909090909090909090909090909090909090909090909090909090909090909090909
310
09090909090909090909090909090909090909090909090909090909090909090909090909090909090909090909090909090909090909090909090909090909090909090909090909090909090909090909090909090909090909090909090909090909090909090909090909090909090909090909090909090909090909
310
09090909090909090909090909090909090909090909090909090909090909090909090909090909090909090909090909090909090909090909090909090909090909090909090909090909090909090909090909090909090909090909090909090909090909090609090909090906090909090909090909090909090909
310
09090909090909090909097909090909090909090909090909090909090909090909090909097909090909090909090909090909090909090909090909090909090479090909090909090909090909090909090909090909090909090979090909090909090909090909090909090909090909090909090906090909090909
310
C9090909090909090909090909090909090909090909090909090909090909090909090909090909090909090909090909090909090909090909090909090909090909090909090909090909090909090909090909090909090909090909090909090909090909090909090909090909090909090909090909090909090909
310
09090909090909090909090909090909090909090909090909090909090909090909090909090909090909090909090909090909090909090909090909090909090909090909090909090909090909090909090909090909090909090909090909090909090909090909090909090909090909090909090909090909090909
310
09090909090909090909090909090909090909090909090909090909090909090909090909090909090909090909090909090909090909090909090909090909090909090909090909090909090909090909090909090909090909090909090909090909090909090909090906090909090909060909090909090909090909
310
09090909090909090909090909090979090909090909090909090909090909090909090909090909090979090909090909090909090909090909090909090909090909090904790909090909090909090909090909090909090909090909090909790909090909090909090909090909090909090909090909090909060909
310
09090909C90909090909090909090909090909090909090909090909090909090909090909090909090909090909090909090909090909090909090909090909090909090909090909090909090909090909090909090909090909090909090909090909090909090909090909090909090909090909090909090909090909
310
09090909090909090909090909090909090909090909090909090909090909090909090909090909090909090909090909090909090909090909090909090909090909090909090909090909090909090909090909090909090909090909090909090909090909090909090909090909090909090909090909090909090909
310
09090909090909090909090909090909090909090909090909090909090909090909090909090909090909090909090909090909090909090909090909090909090909090909090909090909090909090909090909090909090909090909090909090909090909090909090909090909060909090909090609090909090909
310
09090909090909090909090909090909090909790909090909090909090909090909090909090909090909090909790909090909090909090909090909090909090909090909090909047909090909090909090909090909090909090909090909090909097909090909090909090909090909090909090909090909090909
310
0906090909090909C909090909090909090909090909090909090909090909090909090909090909090909090909090909090909090909090909090909090909090909090909090909090909090909090909090909090909090909090909090909090909090909090909090909090909090909090909090909090909090909
310
09090909090909090909090909090909090909090909090909090909090909090909090909090909090909090909090909090909090909090909090909090909090909090909090909090909090909090909090909090909090909090909090909090909090909090909090909090909090909090909090909090909090909
310
09090909090909090909090909090909090909090909090909090909090909090909090909090909090909090909090909090909090909090909090909090909090909090909090909090909090909090909090909090909090909090909090909090909090909090909090909090909090909090609090909090906090909
310
09090909090909090909090909090909090909090909097909090909090909090909090909090909090909090909090909097909090909090909090909090909090909090909090909090909090479090909090909090909090909090909090909090909090909090979090909090909090909090909090909090909090909
310
090909090906090909090909C9090909090909090909090909090909090909090909090909090909090909090909090909090909090909090909090909090909090909090909090909090909090909090909090909090909090909090909090909090909090909090909090909090909090909090909090909090909090909
310
09090909090909090909090909090909090909090909090909090909090909090909090909090909090909090909090909090909090909090909090909090909090909090909090909090909090909090909090909090909090909090909090909090909090909090909090909090909090909090909090909090909090909
310
09090909090909090909090909090909090909090909090909090909090909090909090909090909090909090909090909090909090909090909090909090909090909090909090909090909090909090909090909090909090909090909090909090909090909090909090909090909090909090909090906090909090909
310
06090909090909090909090909090909090909090909090909090979090909090909090909090909090909090909090909090909090979090909090909090909090909090909090909090909090909090904790909090909090909090909090909090909090909090909090909790909090909090909090909090909090909
310
09090909090909090906090909090909C90909090909090909090909090909090909090909090909090909090909090909090909090909090909090909090909090909090909090909090909090909090909090909090909090909090909090909090909090909090909090909090909090909090909090909090909090909
310
09090909090909090909090909090909090909090909090909090909090909090909090909090909090909090909090909090909090909090909090909090909090909090909090909090909090909090909090909090909090909090909090909090909090909090909090909090909090909090909090909090909090909
310
09090909090909090909090909090909090909090909090909090909090909090909090909090909090909090909090909090909090909090909090909090909090909090909090909090909090909090909090909090909090909090909090909090909090909090909090909090909090909090909090909090909060909
310
09090909060909090909090909090909090909090909090909090909090909790909090909090909090909090909090909090909090909090909790909090909090909090909090909090909090909090909090909047909090909090909090909090909090909090909090909090909097909090909090909090909090909
310
0909090909090909090909090906090909090909C909090909090909090909090909090909090909090909090909090909090909090909090909090909090909090909090909090909090909090909090909090909090909090909090909090909090909090909090909090909090909090909090909090909090909090909
310
09090909090909090909090909090909090909090909090909090909090909090909090909090909090909090909090909090909090909090909090909090909090909090909090909090909090909090909090909090909090909090909090909090909090909090909090909090909090909090909090909090909090909
310
09090909090909090909090909090909090909090909090909090909090909090909090909090909090909090909090909090909090909090909090909090909090909090909090909090909090909090909090909090909090909090909090909090909090909090909090909090909090909090909090909090909090909
310
09060909090909090609090909090909090909090909090909090909090909090909097909090909090909090909090909090909090909090909090909097909090909090909090909090909090909090909090909090909090479090909090909090909090909090909090909090909090909090979090909090909090909
310
090909090909090909090909090909090906090909090909C9090909090909090909090909090909090909090909090909090909090909090909090909090909090909090909090909090909090909090909090909090909090909090909090909090909090909090909090909090909090909090909090909090909090909
310
09090909090909090909090909090909090909090909090909090909090909090909090909090909090909090909090909090909090909090909090909090909090909090909090909090909090909090909090909090909090909090909090909090909090909090909090909090909090909090909090909090909090909
310
09090909090909090909090909090909090909090909090909090909090909090909090909090909090909090909090909090909090909090909090909090909090909090909090909090909090909090909090909090909090909090909090909090909090909090909090909090909090909090909090909090909090909
310
09090909090609090909090906090909090909090909090909090909090909090909090909090979090909090909090909090909090909090909090909090909090979090909090909090909090909090909090909090909090909090904790909090909090909090909090909090909090909090909090909790909090909
310
09090909090909090909090909090909090909090906090909090909C90909090909090909090909090909090909090909090909090909090909090909090909090909090909090909090909090909090909090909090909090909090909090909090909090909090909090909090909090909090909090909090909090909
310
09090909090909090909090909090909090909090909090909090909090909090909090909090909090909090909090909090909090909090909090909090909090909090909090909090909090909090909090909090909090909090909090909090909090909090909090909090909090909090909090909090909090909
310
09090909090909090909090909090909090909090909090909090909090909090909090909090909090909090909090909090909090909090909090909090909090909090909090909090909090909090909090909090909090909090909090909090909090909090909090909090909090909090909090909090909090909
310
09090909090909090906090909090909060909090909090909090909090909090909090909090909090909790909090909090909090909090909090909090909090909090909790909090909090909090909090909090909090909090909090909047909090909090909090909090909090909090909090909090909097909
310
0909090909090909090909090909090909090909090909090906090909090909C909090909090909090909090909090909090909090909090909090909090909090909090909090909090909090909090909090909090909090909090909090909090909090909090909090909090909090909090909090909090909090909
310
09090909090909090909090909090909090909090909090909090909090909090909090909090909090909090909090909090909090909090909090909090909090909090909090909090909090909090909090909090909090909090909090909090909090909090909090909090909090909090909090909090909090909
310
09090909090909090909090909090909090909090909090909090909090909090909090909090909090909090909090909090909090909090909090909090909090909090909090909090909090909090909090909090909090909090909090909090909090909090909090909090909090909090909090909090909090909
310
0909090909090909090909090906090909090909C9090909090909090909090909090909090909090909090909090997C909090909090909090909090909090909090909090909090909C8C909090909090909090909090909090909090909090909090909BFC8090909090909090909090909090909090909090909090909
310
09C9C80909090909090909090909090909090909090909090909090906C9090909090909C9090909090909090909090909090909090909090909090909090909090909090909090909090909090909090909090909090909090909090909090909090909090909090909090909090909090909090909090909090909090909
310
09090909090909090909090909090909090909090909090909090909090909090909090909090909090909090909090909090909090909090909090909090909090909090909090909090909090909090909090909090909090909090909090909090909090909090909090909090909090909090909090909090909090909
310
09090909090909090909090909090909090909090909090909090909090909090909090909090909090909090909090909090909090909090909090909090909090909090909090909090909090909090909090909090909090909090909090909090909090909090909090909090909090909090909090909090909090909
310
09090909090909090909090909090909090609090909090909090909090909090909090909090909090909090909090909090979090909090909090909090909090909090909090909090909090979090909090909090909090909090909090909090909090909090904790909090909090909090909090909090909090909
310
09090909090979090909090909090909090909090909090909090909090909090909090909090909C90909090909090909090909090909090909090909090909090909090909090909090909090909090909090909090909090909090909090909090909090909090909090909090909090909090909090909090909090909
310
09090909090909090909090909090909090909090909090909090909090909090909090909090909090909090909090909090909090909090909090909090909090909090909090909090909090909090909090909090909090909090909090909090909090909090909090909090909090909090909090909090909090909
310
09090909090909090909090909090909090909090909090909090909090909090909090909090909090909090909090909090909090909090909090909090909090909090909090909090909090909090909090909090909090909090909090909090909090909090909090909090909090909090909090909090909090909
310
09090909090909090909090909090909090909090906090909090909090909090909090909090909090909090909090909090909090909790909090909090909090909090909090909090909090909090909790909090909090909090909090909090909090909090909090909047909090909090909090909090909090909
310
0909090909090909090979090909090909090909090909090909090909090909090909090909090909090909C909090909090909090909090909090909090909090909090909090909090909090909090909090909090909090909090909090909090909090909090909090909090909090909090909090909090909090909
310
09090909090909090909090909090909090909090909090909090909090909090909090909090909090909090909090909090909090909090909090909090909090909090909090909090909090909090909090909090909090909090909090909090909090909090909090909090909090909090909090909090909090909
310
09090909090909090909090909090909090909090909090909090909090909090909090909090909090909090909090909090909090909090909090909090909090909090909090909090909090909090909090909090909090909090909090909090909090909090909090909090909090909090909090909090909090909
310
090909090909090909090909090909090909090909090909090609090909090909C9090909090909090909090909090909090909090909090909097909090909090909090909090909090909090909090909090909098DFE090909090909090909090909090909090909090909090909090479090909090909090909090909
310
090909090909090909090909090979090909090909090909090909090909090909090909090909090909090909090909C9090909090909090909090909090909090909090909090909090909090909090909090909090909090909090909090909090909090909090909090909090909090909090909090909090909090909
310
09090909090909090909090909090909090909090909090909090909090909090909090909090909090909090909090909090909090909090909090909090909090909090909090909090909090909090909090909090909090909090909090909090909090909090909090909090909090909090909090909090909090909
310
09090909090909090909090909090909090909090909090909090909090909090909090909090909090909090909090909090909090909090909090909090909090909090909090909090909090909090909090909090909090909090909090909090909090909090909090909090909090909090909090909090909090909
310
09090909090909090909090909090909090909090909090909090909090609090909090906090909090909090909090909090909090909090909090909090979090909090909090909090909090909090909090909090909090979090909090909090909090909090909090909090909090909090997B50909090909090909
310
090909090909090909090909090909090909FE090909090909090909090909090909090909090909090909090906090909090909C90909090909090909090909090909090909090909090909090909090909090909090909090909090909090909090909090909090909090909090909090909090909090909090909090909
310
09090909090909090909090909090909090909090909090909090909090909090909090909090909090909090909090909090909090909090909090909090909090909090909090909090909090909090909090909090909090909090909090909090909090909090909090909090909090909090909090909090909090909
310
09090909090909090909090909090909090909090909090909090909090909090909090909090909090909090909090909090909090909090909090909090909090909090909090909090909090909090909090909090909090909090909090909090909090909090909090909090909090909090909090909090909090909
310
09090909090909090909090909090909090909090909090909090909090909090906090909090909060909090909090909090909090909090909090909090909090909790909090909090909090909090909090909090909090909090909790909090909090909090909090909090909090909090909090909047909090909
310
0909090909090909090909090909090909090909090979090909090909090909090909090909090909090909090909090906090909090909C909090909090909090909090909090909090909090909090909090909090909090909090909090909090909090909090909090909090909090909090909090909090909090909
310
09090909090909090909090909090909090909090909090909090909090909090909090909090909090909090909090909090909090909090909090909090909090909090909090909090909090909090909090909090909090909090909090909090909090909090909090909090909090909090909090909090909090909
310
09090909090909090909090909090909090909090909090909090909090909090909090909090909090909090909090909090909090909090909090909090909090909090909090909090909090909090909090909090909090909090909090909090909090909090909090909090909090909090909090909090909090909
310
09090909090909090909090909090909090909090909090909090909090909090909090909060909090909090609090909090909090909090909090909090909090909090909097909090909090909090909090909090909090909090909090909097909090909090909090909090909090909090909090909090909090479
310
090909090909090909090909090909090909090909090909090979090909090909090909090909090909090909090909090909090906090909090909C9090909090909090909090909090909090909090909090909090909090909090909090909090909090909090909090909090909090909090909090909090909090909
310
09090909090909090909090909090909090909090909090909090909090909090909090909090909090909090909090909090909090909090909090909090909090909090909090909090909090909090909090909090909090909090909090909090909090909090909090909090909090909090909090909090909090909
310
09090909090909090909090909090909090909090909090909090909090909090909090909090909090909090909090909090909090909090909090909090909090909090909090909090909090909090909090909090909090909090909090909090909090909090909090909090909090909090909090909090909090909
310
09090909090909090909090909090909090909090909090909090909090909090909090909090909090609090909090906090909090909090909090909090909090909090909090909090979090909090909090909090909090909090909090909090909090979090909090909090909090909090909090909090909090909
310
09090479090909090909090909090909090909090909090909090909090979090909090909090909090909090909090909090909090909090906090909090909C90909090909090909090909090909090909090909090909090909090909090909090909090909090909090909090909090909090909090909090909090909
310
09090909090909090909090909090909090909090909090909090909090909090909090909090909090909090909090909090909090909090909090909090909090909090909090909090909090909090909090909090909090909090909090909090909090909090909090909090909090909090909090909090909090909
310
09090909090909090909090909090909090909090909090909090909090909090909090909090909090909090909090909090909090909090909090909090909090909090909090909090909090909090909090909090909090909090909090909090909090909090909090909090909090909090909090909090909090909
310
09090909090909090909090909090909090909090909090909090909090909090909090909090909090909090906090909090909060909090909090909090909090909090909090909090909090909790909090909090909090909090909090909090909090909090909790909090909090909090909090909090909090909
310
0909090909090479090909090909090909090909090909090909090909090909090979090909090909090909090909090909090909090909090909090906090909090909C909090909090909090909090909090909090909090909090909090909090909090909090909090909090909090909090909090909090909090909
310
09090909090909090909090909090909090909090909090909090909090909090909090909090909090909090909090909090909090909090909090909090909090909090909090909090909090909090909090909090909090909090909090909090909090909090909090909090909090909090909090909090909090909
310
09090909090909090909090909090909090909090909090909090909090909090909090909090909090909090909090909090909090909090909090909090909090909090909090909090909090909090909090909090909090909090909090909090909090909090909090909090909090909090909090909090909090909
310
09090909090909090909090909090909090909090909090909090909090909090909090909090909090909090909090909060909090909090609090909090909090909090909090909090909090909090909097909090909090909090909090909090909090909090909090909097909090909090909090909090909090909
310
090909090909090909090479090909090909090909090909090909090909090909090909090979090909090909090909090909090909090909090909090909090906090909090909C9090909090909090909090909090909090909090909090909090909090909090909090909090909090909090909090909090909090909
310
09090909090909090909090909090909090909090909090909090909090909090909090909090909090909090909090909090909090909090909090909090909090909090909090909090909090909090909090909090909090909090909090909090909090909090909090909090909090909090909090909090909090909
310
09090909090909090909090909090909090909090909090909090909090909090909090909090909090909090909090909090909090909090909090909090909090909090909090909090909090909090909090909090909090909090909090909090909090909090909090909090909090909090909090909090909090909
310
09090909090909090909090909090909090909090909090909090909090909090909090909090909090909090909090909090909090609090909090906090909090909090909090909090909090909090909090909090979090909090909090909090909090909090909090909090909090979090909090909090909090909
310
09090909090909090909090909090479090909090909090909090909090909090909090909090909090979090909090909090909090909090909090909090909090909090906090909090909C90909090909090909090909090909090909090909090909090909090909090909090909090909090909090909090909090909
310
09090909090909090909090909090909090909090909090909090909090909090909090909090909090909090909090909090909090909090909090909090909090909090909090909090909090909090909090909090909090909090909090909090909090909090909090909090909090909090909090909090909090909
310
09090909090909090909090909090909090909090909090909090909090909090909090909090909090909090909090909090909090909090909090909090909090909090909090909090909090909090909090909090909090909090909090909090909090909090909090909090909090909090909090909090909090909
310
09090909090909090909090909090909090909090909090909090909090909090909090909090909090909090909090909090909090909090906090909090909060979090909090909090909090909090909090909090909090909040909090909090909090909090909090909090909090909090909090909090909090909
310
0909090909090909090909090909090909097909090909090909090909090909090909090909090909090909090909090909090909090909090909090909090909090909090909090906090909090909C909090909090909090909090909090909090909090909090909090909090909090909090909090909090909090909
310
09090909090909090909090909090909090909090909090909090909090909090909090909090909090909090909090909090909090909090909090909090909090909090909090909090909090909090909090909090909090909090909090909090909090909090909090909090909090909090909090909090909090909
310
09090909090909090909090909090909090909090909090909090909090909090909090909090909090909090909090909090909090909090909090909090909090909090909090909090909090909090909090909090909090909090909090909090909090909090909090909090909090909090909090909090909090909
310
09090909090909090909090909090909090909090909090909090909090909090909090909090909090909090909090909090909090909090909090909060909090909090609790909090909090909090909090909090909090909090909090909040909090909090909090909090909090909090909090909790909040909
310
090909090909090909090909090909090909090909790909790909090909090909090909090909090909090909090909040909790909090909090909090909090909090909090909090909040906090909090909C9090909090909090909090909090909090909090909090909090909090909090909090909090909090909
310
09090909090909090909090909090909090909090909090909090909090909090909090909090909090909090909090909090909090909090909090909090909090909090909090909090909090909090909090909090909090909090909090909090909090909090909090909090909090909090909090909090909090909
310
09090909090909090909090909090909090909090909090909090909090909090909090909090909090909090909090909090909090909090909090909090909090909090909090909090909090909090909090909090909090909090909090909090909090909090909090909090909090909090909090909090909090909
310
09090909090909090909090909090909090909090909090909090909090909090909090909090909090909090909090909090909090909090909090909090909090609090909090906090909797979797979797997797979977979797979797979040909090979797979797979797979797979977979797979797979040909
310
090904797979797979797997797979FE7979797979797979040909090904797979797979797997797979FE7979797979797979040909090904797979797979797979797979BF797979797979797904090906090909090909C90909090909090909090909090909090909090909090909090909090909090909090909090909
310
09090909090909090909090909090909090909090909090909090909090909090909090909090909090909090909090909090909090909090909090909090909090909090909090909090909090909090909090909090909090909090909090909090909090909090909090909090909090909090909090909090909090909
310
09090909090909090909090909090909090909090909090909090909090909090909090909090909090909090909090909090909090909090909090909090909090909090909090909090909090909090909090909090909090909090909090909090909090909090909090909090909090909090909090909090909090909
310
0909090909090909090909090909090909090909090909090909090909090909090909090909090909090909090909090909090909090909090909090909090909090909090609090909090906090909090909090909090909C90909090909090909090909090909090909090909090909090909C909090909090909090909
310
090909090909090909090909090909090909090909090909090909090909090909090909090909090909090909090909090909090909090909090909090909090909090909090909C909090909090909090909090906090909090909C909090909090909090909090909090909090909090909090909090909090909090909
310
09090909090909090909090909090909090909090909090909090909090909090909090909090909090909090909090909090909090909090909090909090909090909090909090909090909090909090909090909090909090909090909090909090909090909090909090909090909090909090909090909090909090909
310
09090909090909090909090909090909090909090909090909090909090909090909090909090909090909090909090909090909090909090909090909090909090909090909090909090909090909090909090909090909090909090909090909090909090909090909090909090909090909090909090909090909090909
310
09090909090909090909090909090909090909090909090909090909090909090909090909090909090909090909090909090909090909090909090909090909090909090909090909060909090909090609090409090909090909090909090909090909090909090909040909097909090909090909090909090909090909
310
090909090909790909090909090909090909090909090909090909090909090909790909090909090909090909090909090909090909090909090909090909090909090909090909090909090909090909090909090979090906090909090909C9090909090909090909090909090909090909090909090909090909090909
310
09090909090909090909090909090909090909090909090909090909090909090909090909090909090909090909090909090909090909090909090909090909090909090909090909090909090909090909090909090909090909090909090909090909090909090909090909090909090909090909090909090909090909
310
09090909090909090909090909090909090909090909090909090909090909090909090909090909090909090909090909090909090909090909090909090909090909090909090909090909090909090909090909090909090909090909090909090909090909090909090909090909090909090909090909090909090909
310
09090909090909090909090909090909090909090909090909090909090909090909090909090909090909090909090909090909090909090909090909090909090909090909090909090909090609090909090906090409090909090909090909090909090909090909090909090979097909090909090909090909090909
310
09090909090909090909090909790909090909090909090909090909090909090909090909090909090909090909090909090909090909090909090909090909790909090909090909090909090909090909090909090909090909790906090909090909C90909090909090909090909090909090909090909090909090909
310
09090909090909090909090909090909090909090909090909090909090909090909090909090909090909090909090909090909090909090909090909090909090909090909090909090909090909090909090909090909090909090909090909090909090909090909090909090909090909090909090909090909090909
310
09090909090909090909090909090909090909090909090909090909090909090909090909090909090909090909090909090909090909090909090909090909090909090909090909090909090909090909090909090909090909090909090909090909090909090909090909090909090909090909090909090909090909
310
09090909090909090909090909090909090909090909090909090909090909090909090909090909090909090909090909090909090909090909090909090909090909090909090909090909090909090906090909090909060909090909090909090909090909090909090909090909090909040909090909090909090909
310
0909090909090909090909090909097909090909090909090909090909090909090909090909090909097979090909090909090909090909090909090909090909090909090979090909090909090909090909090909090909090909090909090906090909090909C909090909090909090909090909090909090909090909
310
09090909090909090909090909090909090909090909090909090909090909090909090909090909090909090909090909090909090909090909090909090909090909090909090909090909090909090909090909090909090909090909090909090909090909090909090909090909090909090909090909090909090909
310
09090909090909090909090909090909090909090909090909090909090909090909090909090909090909090909090909090909090909090909090909090909090909090909090909090909090909090909090909090909090909090909090909090909090909090909090909090909090909090909090909090909090909
310
09090909090909090909090909090909090909090909090909090909090909090909090909090909090909090909090909090909090909090909090909090909090909090909090909090909090909090909090909060909090909090609090909090909090909090909090909090909090909090909097909090909090909
310
090909090909090909090909090909090909097909090909090909090909090909090909090909090909090909090479090909090909090909090909090909090909090909090909090979090909090909090909090909090909090909090909090909090906090909090909C9090909090909090909090909090909090909
310
09090909090909090909090909090909090909090909090909090909090909090909090909090909090909090909090909090909090909090909090909090909090909090909090909090909090909090909090909090909090909090909090909090909090909090909090909090909090909090909090909090909090909
310
09090909090909090909090909090909090909090909090909090909090909090909090909090909090909090909090909090909090909090909090909090909090909090909090909090909090909090909090909090909090909090909090909090909090909090909090909090909090909090909090909090909090909
310
09090909090909090909090909090909090909090909090909090909090909090909090909090909090909090909090909090909090909090909090909090909090909090909090909090909090909090909090909090909090609090909090906090909090909090909090909090909090909090909090909090979090909
310
09090909090909090909090909090909090909090909097909090909090909090909090909090909090909090909090909090479090909090909090909090909090909090909090909090909090979090909090909090909090909090909090909090909090909090906090909090909C90909090909090909090909090909
310
09090909090909090909090909090909090909090909090909090909090909090909090909090909090909090909090909090909090909090909090909090909090909090909090909090909090909090909090909090909090909090909090909090909090909090909090909090909090909090909090909090909090909
310
09090909090909090909090909090909090909090909090909090909090909090909090909090909090909090909090909090909090909090909090909090909090909090909090909090909090909090909090909090909090909090909090909090909090909090909090909090909090909090909090909090909090909
310
09090909090909090909090909090909090909090909090909090909090909090909090909090909090909090909090909090909090909090909090909090909090909090909090909090909090909090909090909090909090909090906090909090909060909090909090909090909090909090909090909090909090909
310
7909090909090909090909090909090909090909090909090909097909090909090909090909090909090909090909090909090909090479090909090909090909090909090909090909090909090909090979090909090909090909090909090909090909090909090909090906090909090909C909090909090909090909
310
09090909090909090909090909090909090909090909090909090909090909090909090909090909090909090909090909090909090909090909090909090909090909090909090909090909090909090909090909090909090909090909090909090909090909090909090909090909090909090909090909090909090909
310
09090909090909090909090909090909090909090909090909090909090909090909090909090909090909090909090909090909090909090909090909090909090909090909090909090909090909090909090909090909090909090909090909090909090909090909090909090909090909090909090909090909090909
310
09090909090909090909090909090909090909090909090909090909090909090909090909090909090909090909090909090909090909090909090909090909090909090909090909090909090909090909090909090909090909090909090909060909090909090609090909090909090909090909090909090909090909
310
090909097909090909090909090909090909090909090909090909090909097909090909090909090909090909090909090909090909090909090479090909090909090909090909090909090909090909090909090979090909090909090909090909090909090909090909090909090906090909090909C9090909090909
310
09090909090909090909090909090909090909090909090909090909090909090909090909090909090909090909090909090909090909090909090909090909090909090909090909090909090909090909090909090909090909090909090909090909090909090909090909090909090909090909090909090909090909
310
09090909090909090909090909090909090909090909090909090909090909090909090909090909090909090909090909090909090909090909090909090909090909090909090909090909090909090909090909090909090909090909090909090909090909090909090909090909090909090909090909090909090909
310
09090909090909090909090909090909090909090909090909090909090909090909090909090909090909090909090909090909090909090909090909090909090909090909090909090909090909090909090909090909090909090909090909090909090609090909090906090909090909090909090909090909090909
310
09090909090909097909090909090909090909090909090909090909090909090909097909090909090909090909090909090909090909090909090909090479090909090909090909090909090909090909090909090909090979090909090909090909090909090909090909090909090909090906090909090909C90909
310
09090909090909090909090909090909090909090909090909090909090909090909090909090909090909090909090909090909090909090909090909090909090909090909090909090909090909090909090909090909090909090909090909090909090909090909090909090909090909090909090909090909090909
310
09090909090909090909090909090909090909090909090909090909090909090909090909090909090909090909090909090909090909090909090909090909090909090909090909090909090909090909090909090909090909090909090909090909090909090909090909090909090909090909090909090909090909
310
09090909090909090909090909090909090909090909090909090909090909090909090909090909090909090909090909090909090909090909090909090909090909090909090909090909090909090909090909090909090909090909090909090909090909090906090909090909060909090909090909090909090909
310
09090909090909090909090979090909090909090909090909090909090909090909090909090979090909090909090909090909090909090909090909090909090904790909090909090909090909090909090909090909090909090909790909090909090909090909090909090909090909090909090909060909090909
310
09C90909090909090909090909090909090909090909090909090909090909090909090909090909090909090909090909090909090909090909090909090909090909090909090909090909090909090909090909090909090909090909090909090909090909090909090909090909090909090909090909090909090909
310
09090909090909090909090909090909090909090909090909090909090909090909090909090909090909090909090909090909090909090909090909090909090909090909090909090909090909090909090909090909090909090909090909090909090909090909090909090909090909090909090909090909090909
310
0909090909090909090909090909090909090909090909090909090909090909090909090909090909090909090909090909090909090909090909090909090909090909090909090909090909090909090909090909090909090909090909090909090909090909090909090906090909090909C909090909090909090909
310
09090909090909090909090909090909B5C909090909090909090909090909090909090909090909090909060909090909090909090909090909090909090909090909090909C8C809090909090909090909090909090909090909090909090909C90609090909090909090909090909090909090909090909090909C9C909
310
0909090909C909090909090909090909090909090909090909090909090909090909090909090909090909090909090909090909090909090909090909090909090909090909090909090909090909090909090909090909090909090909090909090909090909090909090909090909090909090909090909090909090909
310
09090909090909090909090909090909090909090909090909090909090909090909090909090909090909090909090909090909090909090909090909090909090909090909090909090909090909090909090909090909090909090909090909090909090909090909090909090909090909090909090909090909090909
310
09090909090909090909090909090909090909090909090909090909090909090909090909090909090909090909090909090909090909090909090909090909090909090909090909090909090909090909090909090909090909090909090909090909090909090909090909090909090609090909090909090909090909
310
09090909090909090909090909090909090909097909090909090909090909090909090909090909090909090909097909090909090909090909090909090909090909090909090909090479090909090909090909090909090909090909090909090909090979090909090909090909090909090909090909090909090909
310
090909090909090909C9090909090909090909090909090909090909090909090909090909090909090909090909090909090909090909090909090909090909090909090909090909090909090909090909090909090909090909090909090909090909090909090909090909090909090909090909090909090909090909
310
09090909090909090909090909090909090909090909090909090909090909090909090909090909090909090909090909090909090909090909090909090909090909090909090909090909090909090909090909090909090909090909090909090909090909090909090909090909090909090909090909090909090909
310
09090909090909090909090909090909090909090909090909090909090909090909090909090909090909090909090909090909090909090909090909090909090909090909090909090909090909090909090909090909090909090909090909090909090909090909090909090909090909090906090909090909090909
310
09090909090909090909090909090909090909090909090979090909090909090909090909090909090909090909090909090979090909090909090909090909090909090909090909090909090904790909090909090909090909090909090909090909090909090909790909090909090909090909090909090909090909
310
09090909090909090909090909C90909090909090909090909090909090909090909090909090909090909090909090909090909090909090909090909090909090909090909090909090909090909090909090909090909090909090909090909090909090909090909090909090909090909090909090909090909090909
310
09090909090909090909090909090909090909090909090909090909090909090909090909090909090909090909090909090909090909090909090909090909090909090909090909090909090909090909090909090909090909090909090909090909090909090909090909090909090909090909090909090909090909
310
09090909090909090909090909090909090909090909090909090909090909090909090909090909090909090909090909090909090909090909090909090909090909090909090909090909090909090909090909090909090909090909090909090909090909090909090909090909090909090909090909060909090909
310
09090909090909090909090909090909090909090909090909090909790909090909090909090909090909090909090909090909090909790909090909090909090909090909090909090909090909090909047909090909090909090909090909090909090909090909090909097909090909090909090909090909090909
310
0909090909090909090909090909090909C909090909090909090909090909090909090909090909090909090909090909090909090909090909090909090909090909090909090909090909090909090909090909090909090909090909090909090909090909090909090909090909090909090909090909090909090909
310
09090909090909090909090909090909090909090909090909090909090909090909090909090909090909090909090909090909090909090909090909090909090909090909090909090909090909090909090909090909090909090909090909090909090909090909090909090909090909090909090909090909090909
310
09090909090909090909090909090909090909090909090909090909090909090909090909090909090909090909090909090909090909090909090909090909090909090909090909090909090909090909090909090909090909090909090909090909090909090909090909090909090909090909090909090909090609
310
0909090909060909090909090909090909090909090909090909090909090909A10909090909090909090909090909090909090909090909090909BF0909090909090909090909090909090909090909090909090909BF060909090909090909090909090909090909090909090909090909C9090909090909090909090909
310
09090909090909090909090909C9C9090909090909C9090909090909090909090909090909090909090909090909090909090909090909090909090909090909090909090909090909090909090909090909090909090909090909090909090909090909090909090909090909090909090909090909090909090909090909
310
09090909090909090909090909090909090909090909090909090909090909090909090909090909090909090909090909090909090909090909090909090909090909090909090909090909090909090909090909090909090909090909090909090909090909090909090909090909090909090909090909090909090909
310
09090909090909090909090909090909090909090909090909090909090909090909090909090909090909090909090909090909090909090909090909090909090909090909090909090909090909090909090909090909090909090909090909090909090909090909090909090909090909090909090909090909090909
310
09090609090909090906090909090909090909090909090909090909090909090909090979090909090909090909090909090909090909090909090909090979090909090909090909090909090909090909090909090909090904790909090909090909090909090909090909090909090909090909790909090909090909
310
09090909090909090909090909090909090906090909090909C90909090909090909090909090909090909090909090909090909090909090909090909090909090909090909090909090909090909090909090909090909090909090909090909090909090909090909090909090909090909090909090909090909090909
310
09090909090909090909090909090909090909090909090909090909090909090909090909090909090909090909090909090909090909090909090909090909090909090909090909090909090909090909090909090909090909090909090909090909090909090909090909090909090909090909090909090909090909
310
09090909090909090909090909090909090909090909090909090909090909090909090909090909090909090909090909090909090909090909090909090909090909090909090909090909090909090909090909090909090909090909090909090909090909090909090909090909090909090909090909090909090909
310
09090909090906090909090909060909090909090909090909090909090909090909090909090909790909090909090909090909090909090909090909090909090909790909090909090909090909090909090909090909090909090909047909090909090909090909090909090909090909090909090909097909090909
310
0909090909090909090909090909090909090909090906090909090909C909090909090909090909090909090909090909090909090909090909090909090909090909090909090909090909090909090909090909090909090909090909090909090909090909090909090909090909090909090909090909090909090909
310
09090909090909090909090909090909090909090909090909090909090909090909090909090909090909090909090909090909090909090909090909090909090909090909090909090909090909090909090909090909090909090909090909090909090909090909090909090909090909090909090909090909090909
310
09090909090909090909090909090909090909090909090909090909090909090909090909090909090909090909090909090909090909090909090909090909090909090909090909090909090909090909090909090909090909090909090909090909090909090909090909090909090909090909090909090909090909
310
09090909090909090909060909090909090609090909090909090909090909090909090909090909090909097909090909090909090909090909090909090909090909090909097909090909090909090909090909090909090909090909090909090479090909090909090909090909090909090909090909090909090979
310
090909090909090909090909090909090909090909090909090906090909090909C9090909090909090909090909090909090909090909090909090909090909090909090909090909090909090909090909090909090909090909090909090909090909090909090909090909090909090909090909090909090909090909
310
09090909090909090909090909090909090909090909090909090909090909090909090909090909090909090909090909090909090909090909090909090909090909090909090909090909090909090909090909090909090909090909090909090909090909090909090909090909090909090909090909090909090909
310
09090909090909090909090909090909090909090909090909090909090909090909090909090909090909090909090909090909090909090909090909090909090909090909090909090909090909090909090909090909090909090909090909090909090909090909090909090909090909090909090909090909090909
310
09090909090909090909090909090609090909090906090909090909090909090909090909090909090909090909090979090909090909090909090909090909090909090909090909090979090909090909090909090909090909090909090909090909090904790909090909090909090909090909090909090909090909
310
09090979090909090909090909090909090909090909090909090909090906090909090909C90909090909090909090909090909090909090909090909090909090909090909090909090909090909090909090909090909090909090909090909090909090909090909090909090909090909090909090909090909090909
310
09090909090909090909090909090909090909090909090909090909090909090909090909090909090909090909090909090909090909090909090909090909090909090909090909090909090909090909090909090909090909090909090909090909090909090909090909090909090909090909090909090909090909
310
09090909090909090909090909090909090909090909090909090909090909090909090909090909090909090909090909090909090909090909090909090909090909090909090909090909090909090909090909090909090909090909090909090909090909090909090909090909090909090909090909090909090909
310
09090909090909090909090909090909090906090909090909060909090909090909090909090909090909090909090909090909790909090909090909090909090909090909090909090909090909790909090909090909090909090909090909090909090909090909047909090909090909090909090909090909090909
310
0909090909090979090909090909090909090909090909090909090909090909090906090909090909C909090909090909090909090909090909090909090909090909090909090909090909090909090909090909090909090909090909090909090909090909090909090909090909090909090909090909090909090909
310
09090909090909090909090909090909090909090909090909090909090909090909090909090909090909090909090909090909090909090909090909090909090909090909090909090909090909090909090909090909090909090909090909090909090909090909090909090909090909090909090909090909090909
310
09090909090909090909090909090909090909090909090909090909090909090909090909090909090909090909090909090909090909090909090909090909090909090909090909090909090909090909090909090909090909090909090909090909090909090909090909090909090909090909090909090909090909
310
09090909090909090909090909090909090909090909060909090909090609090909090909090909090909090909090909090909090909097909090909090909090909090909090909090909090909090909097909090909090909090909090909090909090909090909090909090479090909090909090909090909090909
310
090909090909090909090979090909090909090909090909090909090909090909090909090906090909090909C9090909090909090909090909090909090909090909090909090909090909090909090909090909090909090909090909090909090909090909090909090909090909090909090909090909090909090909
310
09090909090909090909090909090909090909090909090909090909090909090909090909090909090909090909090909090909090909090909090909090909090909090909090909090909090909090909090909090909090909090909090909090909090909090909090909090909090909090909090909090909090909
310
09090909090909090909090909090909090909090909090909090909090909090909090909090909090909090909090909090909090909090909090909090909090909090909090909090909090909090909090909090909090909090909090909090909090909090909090909090909090909090909090909090909090909
310
09090909090909090909090909090909090909090909090909090609090909090906090909090909090909090909090909090909090909090909090979090909090909090909090909090909090909090909090909090979090909090909090909090909090909090909090909090909090904790909090909090909090909
310
09090909090909090909090909090979090909090909090909090909090909090909090909090909090906090909090909C90909090909090909090909090909090909090909090909090909090909090909090909090909090909090909090909090909090909090909090909090909090909090909090909090909090909
310
09090909090909090909090909090909090909090909090909090909090909090909090909090909090909090909090909090909090909090909090909090909090909090909090909090909090909090909090909090909090909090909090909090909090909090909090909090909090909090909090909090909090909
310
09090909090909090909090909090909090909090909090909090909090909090909090909090909090909090909090909090909090909090909090909090909090909090909090909090909090909090909090909090909090909090909090909090909090909090909090909090909090909090909090909090909090909
310
09090909090909090909090909090909090909090909090909090909090906090909090909060909090909090909090909090909090909090909090909090909790909090909090909090909090909090909090909090909090909790909090909090909090909090909090909090909090909090909047909090909090909
310
0909090909090909090909090909090909090979090909090909090909090909090909090909090909090909090906090909090909C909090909090909090909090909090909090909090909090909090909090909090909090909090909090909090909090909090909090909090909090909090909090909090909090909
310
09090909090909090909090909090909090909090909090909090909090909090909090909090909090909090909090909090909090909090909090909090909090909090909090909090909090909090909090909090909090909090909090909090909090909090909090909090909090909090909090909090909090909
310
09090909090909090909090909090909090909090909090909090909090909090909090909090909090909090909090909090909090909090909090909090909090909090909090909090909090909090909090909090909090909090909090909090909090909090909090909090909090909090909090909090909090909
310
09090909090909090909090909090909090909090909090909090909090909090909060909090909090609090909090909090909090909090909090909090909090909097909090909090909090909090909090909090909090909090909097909090909090909090909090909090909090909090909090909090479090909
310
090909090909090909090909090909090909090909090979090909090909090909090909090909090909090909090909090906090909090909C9090909090909090909090909090909090909090909090909090909090909090909090909090909090909090909090909090909090909090909090909090909090909090909
310
09090909090909090909090909090909090909090909090909090909090909090909090909090909090909090909090909090909090909090909090909090909090909090909090909090909090909090909090909090909090909090909090909090909090909090909090909090909090909090909090909090909090909
310
09090909090909090909090909090909090909090909090909090909090909090909090909090909090909090909090909090909090909090909090909090909090909090909090909090909090909090909090909090909090909090909090909090909090909090909090909090909090909090909090909090909090909
310
09090909090909090909090909090909090909090909090909090909090909090909090909090609090909090906090909090909090909090909090909090909090909090909090979090909090909090909090909090909090909090909090909090979090909090909090909090909090909090909090909090909090904
310
79090909090909090909090909090909090909090909090909090979090909090909090909090909090909090909090909090909090906090909090909C90909090909090909090909090909090909090909090909090909090909090909090909090909090909090909090909090909090909090909090909090909090909
310
09090909090909090909090909090909090909090909090909090909090909090909090909090909090909090909090909090909090909090909090909090909090909090909090909090909090909090909090909090909090909090909090909090909090909090909090909090909090909090909090909090909090909
310
09090909090909090909090909090909090909090909090909090909090909090909090909090909090909090909090909090909090909090909090909090909090909090909090909090909090909090909090909090909090909090909090909090909090909090909090909090909090909090909090909090909090909
310
09090909090909090909090909090909090909090909090909090909090909090909090909090909090906090909090909060909090909090909090909090909090909090909090909090909790909090909090909090909090909090909090909090909090909790909090909090909090909090909090909090909090909
310
0909090479090909090909090909090909090909090909090909090909090979090909090909090909090909090909090909090909090909090906090909090909C909090909090909090909090909090909090909090909090909090909090909090909090909090909090909090909090909090909090909090909090909
310
09090909090909090909090909090909090909090909090909090909090909090909090909090909090909090909090909090909090909090909090909090909090909090909090909090909090909090909090909090909090909090909090909090909090909090909090909090909090909090909090909090909090909
310
09090909090909090909090909090909090909090909090909090909090909090909090909090909090909090909090909090909090909090909090909090909090909090909090909090909090909090909090909090909090909090909090909090909090909090909090909090909090909090909090909090909090909
310
09090909090909090909090909090909090909090909090909090909090909090909090909090909090909090909060909090909090609090909090909090909090909090909090909090909090909097909090909090909090909090909090909090909090909090909097909090909090909090909090909090909090909
310
090909090909090479090909090909090909090909090909090909090909090909090979090909090909090909090909090909090909090909090909090906090909090909C9090909090909090909090909090909090909090909090909090909090909090909090909090909090909090909090909090909090909090909
310
09090909090909090909090909090909090909090909090909090909090909090909090909090909090909090909090909090909090909090909090909090909090909090909090909090909090909090909090909090909090909090909090909090909090909090909090909090909090909090909090909090909090909
310
09090909090909090909090909090909090909090909090909090909090909090909090909090909090909090909090909090909090909090909090909090909090909090909090909090909090909090909090909090909090909090909090909090909090909090909090909090909090909090909090909090909090909
310
090909090909090909090909090909090909090909090909090909090909090909090909090909090909090909090909090906090909090909C90909090909090909090909090909090909090909090909090909B5C90909090909090909090909090909090909090909090909090906C90909090909090909090909090909
310
0909090909090909090909C8C809090909090909090909090909090909090909090909090909C90609090909090909090909090909090909090909090909090909C9C9090909090909C90909090909090909090909090909090909090909090909090909090909090909090909090909090909090909090909090909090909
310
09090909090909090909090909090909090909090909090909090909090909090909090909090909090909090909090909090909090909090909090909090909090909090909090909090909090909090909090909090909090909090909090909090909090909090909090909090909090909090909090909090909090909
310
09090909090909090909090909090909090909090909090909090909090909090909090909090909090909090909090909090909090909090909090909090909090909090909090909090909090909090909090909090909090909090909090909090909090909090909090909090909090909090909090909090909090909
310
09090909090909090909090909090909090909090909090909090909090909090909090909090909090909090909090909090909090906090909090909090909090909090909090909090909090909090909090909090909790909090909090909090909090909090909090909090909090909790909090909090909090909
310
0909090909090909090909090909090479090909090909090909090909090909090909090909090909090979090909090909090909090909090909090909090909090909090909090909090909C909090909090909090909090909090909090909090909090909090909090909090909090909090909090909090909090909
310
09090909090909090909090909090909090909090909090909090909090909090909090909090909090909090909090909090909090909090909090909090909090909090909090909090909090909090909090909090909090909090909090909090909090909090909090909090909090909090909090909090909090909
310
09090909090909090909090909090909090909090909090909090909090909090909090909090909090909090909090909090909090909090909090909090909090909090909090909090909090909090909090909090909090909090909090909090909090909090909090909090909090909090909090909090909090909
310
09090909090909090909090909090909090909090909090909090909090909090909090909090909090909090909090909090909090909090909060909090909090909090909090909090909090909090909090909090909090909097909090909090909090909090909090909090909090909090909097909090909090909
310
090909090909090909090909090909090909090479090909090909090909090909090909090909090909090909090979090909090909090909090909090909090909090909090909090909090909090909C9090909090909090909090909090909090909090909090909090909090909090909090909090909090909090909
310
09090909090909090909090909090909090909090909090909090909090909090909090909090909090909090909090909090909090909090909090909090909090909090909090909090909090909090909090909090909090909090909090909090909090909090909090909090909090909090909090909090909090909
310
09090909090909090909090909090909090909090909090909090909090909090909090909090909090909090909090909090909090909090909090909090909090909090909090909090909090909090909090909090909090909090909090909090909090909090909090909090909090909090909090909090909090909
310
09090909090909090909090909090909090909090909090909090909090909090909090909090909090909090909090909090909090909090909090909090609090909090909090909090909090909090909090909090909090909090909090979090909090909090909090909090909090909090909090909090979090909
310
09090909090909090909090909090909090909090909090479090909090909090909090909090909090909090909090909090979090909090909090909090909090909090909090909090909090909090909090909C90909090909090909090909090909090909090909090909090909090909090909090909090909090909
310
09090909090909090909090909090909090909090909090909090909090909090909090909090909090909090909090909090909090909090909090909090909090909090909090909090909090909090909090909090909090909090909090909090909090909090909090909090909090909090909090909090909090909
310
09090909090909090909090909090909090909090909090909090909090909090909090909090909090909090909090909090909090909090909090909090909090909090909090909090909090909090909090909090909090909090909090909090909090909090909090909090909090909090909090909090909090909
310
09090909090909090909090909090909090909090909090909090909090909090909090909090909090909090909090909090909090909090909090909090909090906090909090909060909090909090909090909090909090909090909090909090909970909090909090909090909090909090909090909090909090909
310
A10909090909090909090909090909090909090909090909090909A1C90909090909090909090909090909090909090909090909090909C909090909090909090909090909090909090909090909090909C906090909090909C909090909090909090909090909090909090909090909090909090909090909090909090909
310
09090909090909090909090909090909090909090909090909090909090909090909090909090909090909090909090909090909090909090909090909090909090909090909090909090909090909090909090909090909090909090909090909090909090909090909090909090909090909090909090909090909090909
310
09090909090909090909090909090909090909090909090909090909090909090909090909090909090909090909090909090909090909090909090909090909090909090909090909090909090909090909090909090909090909090909090909090909090909090909090909090909090909090909090909090909090909
310
09090909090909090909090909090909090909090909090909090909090909090909090909090909090909090909090909090909090909090909090909090909090909090909060909090909090609090909090909090909090909090909090909090909090909097909090909090909090909090909090909090909090909
310
090909097909090909090909090909090909090909090909090909090909090479090909090909090909090909090909090909090909090909090979090909090909090909090909090909090909090909090909090906090909090909C9090909090909090909090909090909090909090909090909090909090909090909
310
09090909090909090909090909090909090909090909090909090909090909090909090909090909090909090909090909090909090909090909090909090909090909090909090909090909090909090909090909090909090909090909090909090909090909090909090909090909090909090909090909090909090909
310
09090909090909090909090909090909090909090909090909090909090909090909090909090909090909090909090909090909090909090909090909090909090909090909090909090909090909090909090909090909090909090909090909090909090909090909090909090909090909090909090909090909090909
310
09090909090909090909090909090909090909090909090909090909090909090909090909090909090909090909090909090909090909090909090909090909090909090909090909090609090909090906090909090909090909090909090909090909090909090909090979090909090909090909090909090909090909
310
09090909090909097909090909090909090909090909090909090909090909090909090479090909090909090909090909090909090909090909090909090979090909090909090909090909090909090909090909090909090906090909090909C90909090909090909090909090909090909090909090909090909090909
310
09090909090909090909090909090909090909090909090909090909090909090909090909090909090909090909090909090909090909090909090909090909090909090909090909090909090909090909090909090909090909090909090909090909090909090909090909090909090909090909090909090909090909
310
09090909090909090909090909090909090909090909090909090909090909090909090909090909090909090909090909090909090909090909090909090909090909090909090909090909090909090909090909090909090909090909090909090909090909090909090909090909090909090909090909090909090909
310
09090909090909090909090909090909090909090909090909090909090909090909090909090909090909090909090909090909090909090909090909090909090909090909090909090909090906090909090909060909090909090909090909090909090909090909090909090909790909090909090909090909090909
310
0909090909090909090909097909090909090909090909090909090909090909090909090909090479090909090909090909090909090909090909090909090909090979090909090909090909090909090909090909090909090909090906090909090909C909090909090909090909090909090909090909090909090909
310
09090909090909090909090909090909090909090909090909090909090909090909090909090909090909090909090909090909090909090909090909090909090909090909090909090909090909090909090909090909090909090909090909090909090909090909090909090909090909090909090909090909090909
310
09090909090909090909090909090909090909090909090909090909090909090909090909090909090909090909090909090909090909090909090909090909090909090909090909090909090909090909090909090909090909090909090909090909090909090909090909090909090909090909090909090909090909
310
09090909090909090909090909090909090909090909090909090909090909090909090909090909090909090909090909090909090909090909090909090909090909090909090909090909090909090909060909090909090609090909090909090909090909090909090909090909090909097909090909090909090909
310
090909090909090909090909090909097909090909090909090909090909090909090909090909090909090479090909090909090909090909090909090909090909090909090979090909090909090909090909090909090909090909090909090906090909090909C9090909090909090909090909090909090909090909
310
09090909090909090909090909090909090909090909090909090909090909090909090909090909090909090909090909090909090909090909090909090909090909090909090909090909090909090909090909090909090909090909090909090909090909090909090909090909090909090909090909090909090909
310
09090909090909090909090909090909090909090909090909090909090909090909090909090909090909090909090909090909090909090909090909090909090909090909090909090909090909090909090909090909090909090909090909090909090909090909090909090909090909090909090909090909090909
310
09090909090909090909090909090909090909090909090909090909090909090909090909090909090909090909090909090909090909090909090909090909090909090909090909090909090909090909090909090609090909090906090909090909090909090909090909090909090909090909090979090909090909
310
09090909090909090909090909090909090909097909090909090909090909090909090909090909090909090909090479090909090909090909090909090909090909090909090909090979090909090909090909090909090909090909090909090909090906090909090909C90909090909090909090909090909090909
310
09090909090909090909090909090909090909090909090909090909090909090909090909090909090909090909090909090909090909090909090909090909090909090909090909090909090909090909090909090909090909090909090909090909090909090909090909090909090909090909090909090909090909
310
09090909090909090909090909090909090909090909090909090909090909090909090909090909090909090909090909090909090909090909090909090909090909090909090909090909090909090909090909090909090909090909090909090909090909090909090909090909090909090909090909090909090909
310
09090909090909090909090909090909090909090909090909090909090909090909090909090909090909090909090909090909090909090909090909090909090909090909090909090909090909090909090909090909090906090909090909060909090909090909090909090909090909090909090909090909790909
310
0909090909090909090909090909090909090909090909097909090909090909090909090909090909090909090909090909090479090909090909090909090909090909090909090909090909090979090909090909090909090909090909090909090909090909090906090909090909C909090909090909090909090909
310
09090909090909090909090909090909090909090909090909090909090909090909090909090909090909090909090909090909090909090909090909090909090909090909090909090909090909090909090909090909090909090909090909090909090909090909090909090909090909090909090909090909090909
310
09090909090909090909090909090909090909090909090909090909090909090909090909090909090909090909090909090909090909090909090909090909090909090909090909090909090909090909090909090909090909090909090909090909090909090909090909090909090909090909090909090909090909
310
0909090909090909090909090909090909090909090909090909090909090909090909090909090909090909090909090909090909090909090909090909090909090909090909090909090909090909090909090909090909090909090906090909090909C909090909090909090909090909090909090909090909090909
310
0904090909090909090909090909090909090909090909090909090979090909090909090909090909090909090909090909090909090979790909090909090909090909090909090909090909090909090909090909090909090909090909090909090909090909090909090909C9090909090909C9090909090909090909
310
09090909090909090909090909090909090909090909090909090909090909090909090909090909090909090909090909090909090909090909090909090909090909090909090909090909090909090909090909090909090909090909090909090909090909090909090909090909090909090909090909090909090909
310
09090909090909090909090909090909090909090909090909090909090909090909090909090909090909090909090909090909090909090909090909090909090909090909090909090909090909090909090909090909090909090909090909090909090909090909090909090909090909090909090909090909090909
310
09090909090909090909090909090909090909090909090909090909090909090909090909090909090909090909090909090909090909090909090909090909090909090909090909090909090909090909090909090909090909090909090909090609090909090909097909090909090909090909090909090909090909
310
09090909090909040909090909090909090909090909090909090909090909790909040909090909090909090909090909090909090909090909090909790909090909090909090909090909090909090909090909040909790909090909090909090909090909090909090909090909040909090909090909C90909090909
310
09090909090909090909090909090909090909090909090909090909090909090909090909090909090909090909090909090909090909090909090909090909090909090909090909090909090909090909090909090909090909090909090909090909090909090909090909090909090909090909090909090909090909
310
09090909090909090909090909090909090909090909090909090909090909090909090909090909090909090909090909090909090909090909090909090909090909090909090909090909090909090909090909090909090909090909090909090909090909090909090909090909090909090909090909090909090909
310
0909090909090909090909090909090909090909090909090909090909090909090909090909090909090909090909090909090909090909090909090909090909090909090909090909090909090909090909090909090909090909090909090909090909090609090909090909C90909040404040404040497040404B504
310
0404040404040479090909090904040404040404048C040404AB04040404040404047909090909790404040404040404C80404040604040404040404047909090909090404040404040404B5040404C804040404040404047909090909790404040404040404AB040404C8040404040404040409090609090909090909C909
310
09090909090909090909090909090909090909090909090909090909090909090909090909090909090909090909090909090909090909090909090909090909090909090909090909090909090909090909090909090909090909090909090909090909090909090909090909090909090909090909090909090909090909
310
09090909090909090909090909090909090909090909090909090909090909090909090909090909090909090909090909090909090909090909090909090909090909090909090909090909090909090909090909090909090909090909090909090909090909090909090909090909090909090909090909090909090909
310
0909090909090909090909090909090909090909090909090909090909090909090909090909090909090909090909090909090909090909090909090909090909090909090909090909090909090909090909090909090909090909090909090909090909090909090906090909090909090909FE090909090909090909C9
310
0909090909090909090909090909090909090909090909090909C90909C909090909090909090909090909090909090909090909090909090909090909090909090909090909090909090909090909090909090909090909090909090909090909090909090909090909090909C90909090909090909090906090909090909
310
0909C909090909090909090909090909090909090909090909090909090909090909090909090909090909090909090909090909090909090909090909090909090909090909090909090909090909090909090909090909090909090909090909090909090909090909090909090909090909090909090909090909090909
310
09090909090909090909090909090909090909090909090909090909090909090909090909090909090909090909090909090909090909090909090909090909090909090909090909090909090909090909090909090909090909090909090909090909090909090909090909090909090909090909090909090909090909
310
09090909090909090909090909090909090909090909090909090909090909090909090909090909090909090909090909090909090909090909090909090909090909090909090909090909090909090909090909090909090909090909090909090909090909090909090909090609090909090909090909090909090909
310
09090909090909090909090909090909090909090909090909090909090909090909090909090909090909090909090909090909090909090909090909090909090909090909090909090909090909090909090909090909090909090909090909090909090909090909090909090909090909090909090909090909090909
310
090909090909C9090909090909090909090909090909090909090909090909090909090909090909090909090909090909090909090909090909090909090909090909090909090909090909090909090909090909090909090909090909090909090909090909090909090909090909090909090909090909090909090909
310
09090909090909090909090909090909090909090909090909090909090909090909090909090909090909090909090909090909090909090909090909090909090909090909090909090909090909090909090909090909090909090909090909090909090909090909090909090909090909090909090909090909090909
310
09090909090909090909090909090909090909090909090909090909090909090909090909090909090909090909090909090909090909090909090909090909090909090909090909090909090909090909090909090909090909090909090909090909090909090909090909090909090906090909090909090909090909
310
09090909090909090909090909090909090909090909090909090909090909090909090909090909090909090909090909090909090909090909090909090909090909090909090909090909090909090909090909090909090909090909090909090909090909090909090909090909090909090909090909090909090909
310
09090909090909090909C90909090909090909090909090909090909090909090909090909090909090909090909090909090909090909090909090909090909090909090909090909090909090909090909090909090909090909090909090909090909090909090909090909090909090909090909090909090909090909
310
09090909090909090909090909090909090909090909090909090909090909090909090909090909090909090909090909090909090909090909090909090909090909090909090909090909090909090909090909090909090909090909090909090909090909090909090909090909090909090909090909090909090909
310
09090909090909090909090909090909090909090909090909090909090909090909090909090909090909090909090909090909090909090909090909090909090909090909090909090909090909090909090909090909090909090909090909090909090909090909090909090909090909090909060909090909090909
310
09090909090909090909090909090909090909090909090909090909090909090909090909090909090909090909090909090909090909090909090909090909090909090909090909090909090909090909090909090909090909090909090909090909090909090909090909090909090909090909090909090909090909
310
0909090909090909090909090909C909090909090909090909090909090909090909090909090909090909090909090909090909090909090909090909090909090909090909090909090909090909090909090909090909090909090909090909090909090909090909090909090909090909090909090909090909090909
310
09090909090909090909090909090909090909090909090909090909090909090909090909090909090909090909090909090909090909090909090909090909090909090909090909090909090909090909090909090909090909090909090909090909090909090909090909090909090909090909090909090909090909
310
09090909090909090909090909090909090909090909090909090909090909090909090909090909090909090909090909090909090909090909090909090909090909090909090909090909090909090909090909090909090909090909090909090909090909090909090909090909090909090909090909090609090909
310
09090909090909090909090909090909090909090909090909090909090909090909090909090909090909090909090909090909090909090909090909090909090909090909090909090909090909090909090909090909090909090909090909090909090909090909090909090909090909090909090909090909090909
310
090909090909090909090909090909090909C9090909090909090909090909090909090909090909090909090909090909090909090909090909090909090909090909090909090909090909090909090909090909090909090909090909090909090909090909090909090909090909090909090909090909090909090909
310
09090909090909090909090909090909090909090909090909090909090909090909090909090909090909090909090909090909090909090909090909090909090909090909090909090909090909090909090909090909090909090909090909090909090909090909090909090909090909090909090909090909090909
310
09090909090909090909090909090909090909090909090909090909090909090909090909090909090909090909090909090909090909090909090909090909090909090909090909090909090909090909090909090909090909090909090909090909090909090909090909090909090909090909090909090909090906
310
09090909090909090909090909090909090909090909090909090909090909090909090909090909090909090909090909090909090909090909090909090909090909090909090909090909090909090909090909090909090909090909090909090909090909090909090909090909090909090909090909090909090909
310
09090909090909090909090909090909090909090909C90909090909090909090909090909090909090909090909090909090909090909090909090909090909090909090909090909090909090909090909090909090909090909090909090909090909090909090909090909090909090909090909090909090909090909
310
09090909090909090909090909090909090909090909090909090909090909090909090909090909090909090909090909090909090909090909090909090909090909090909090909090909090909090909090909090909090909090909090909090909090909090909090909090909090909090909090909090909090909
310
09090909090909090909090909090909090909090909090909090909090909090909090909090909090909090909090909090909090909090909090909090909090909090909090909090909090909090909090909090909090909090909090909090909090909090909090909090909090909090909090909090909090909
310
09090906090909090909090909090909090909090909090909090909090909090909090909090909090909090909090909090909090909090909090909090909090909090909090909090909090909090909090909090909090909090909090909090909090909090909090909090909090909090909090909090909090909
310
0909090909090909090909090909090909090909090909090909C909090909090909090909090909090909090909090909090909090909090909090909090909090909090909090909090909090909090909090909090909090909090909090909090909090909090909090909090909090909090909090909090909090909
310
09090909090909090909090909090909090909090909090909090909090909090909090909090909090909090909090909090909090909090909090909090909090909090909090909090909090909090909090909090909090909090909090909090909090909090909090909090909090909090909090909090909090909
310
09090909090909090909090909090909090909090909090909090909090909090909090909090909090909090909090909090909090909090909090909090909090909090909090909090909090909090909090909090909090909090909090909090909090909090909090909090909090909090909090909090909090909
310
09090909090909060909090909090909090909090909090909090909090909090909090909090909090909090909090909090909090909090909090909090909090909090909090909090909090909090909090909090909090909090909090909090909090909090909090909090909090909090909090909090909090909
310
090909090909090909090909090909090909090909090909090909090909C9090909090909090909090909090909090909090909090909090909090909090909090909090909090909090909090909090909090909090909090909090909090909090909090909090909090909090909090909090909090909090909090909
310
09090909090909090909090909090909090909090909090909090909090909090909090909090909090909090909090909090909090909090909090909090909090909090909090909090909090909090909090909090909090909090909090909090909090909090909090909090909090909090909090909090909090909
310
09090909090909090909090909090909090909090909090909090909090909090909090909090909090909090909090909090909090909090909090909090909090909090909090909090909090909090909090909090909090909090909090909090909090909090909090909090909090909090909090909090909090909
310
0909090909090909090909C9C9C9C9C9C9C9C9C9C9C9C9C9C9C9C9C9C9C9C9C9C9C9C9C9C9C9C9C9C9C9C9C9C9C9C9C9C9C9C9C9C9C9C9C9C9C9C9C9C9C9C9C9C9C9C9C9C9C9C9C9C9C9C9C9C9C9C9C9C9C9C9C9C9C9C9C9C9C9C9C9C9C9C9C9C9C9C9C9C9C9C9C9C9C9C9C9C9C9C9C9C9C9C9C9C9C9C9C9C9C9C9C9C9C9C9
310
C9C9C9C9C9C9C9C9C9C9C9C9C9C9C9C9C9C9C9C9C9C9C9C9C9C9C9C9C9C9C9C9C9C9C90909090909090909090909090909090909090909090909090909090909090909090909090909090909090909090909090909090909090909090909090909090909090909090909090909090909090909090909090909090909090909
310
09090909090909090909090909090909090909090909090909090909090909090909090909090909090909090909090909090909090909090909090909090909090909090909090909090909090909090909090909090909090909090909090909090909090909090909090909090909090909090909090909090909090909
310
09090909090909090909090909090909090909090909090909090909090909090909090909090909090909090909090909090909090909090909090909090909090909090909090909090909090909090909090909090909090909090909090909090909090909090909090909090909090909090909090909090909090909
310
09090909090909090909090909090909090909090909090909090909090909090909090909090909090909090909090909090909090909090909090909090909090909090909090909090909090909090909090909090909090909090909090909090909090909090909090909090909090909090909090909090909090909
310
09090909090909090909090909090909090909090909090909090909090909090909090909090909090909090909090909090909090909090909090909090909090909090909090909090909090909090909090909090909090909090909090909090909090909090909090909090909090909090909090909090909090909
310
09090909090909090909090909090909090909090909090909090909090909090909090909090909090909090909090909090909090909090909090909090909090909090909090909090909090909090909090909090909090909090909090909090909090909090909090909090909090909090909090909090909090909
310
09090909090909090909090909090909090909090909090909090909090909090909090909090909090909090909090909090909090909090909090909090909090909090909090909090909090909090909090909090909090909090909090909090909090909090909090909090909090909090909090909090909090909
310
09090909090909090909090909090909090909090909090909090909090909090909090909090909090909090909090909090909090909090909090909090909090909090909090909090909090909090909090909090909090909090909090909090909090909090909090909090909090909090909090909090909090909
310
09090909090909090909090909090909090909090909090909090909090909090909090909090909090909090909090909090909090909090909090909090909090909090909090909090909090909090909090909090909090909090909090909090909090909090909090909090909090909090909090909090909090909
310
09090909090909090909090909090909090909090909090909090909090909090909090909090909090909090909090909090909090909090909090909090909090909090909090909090909090909090909090909090909090909090909090909090909090909090909090909090909090909090909090909090909090909
310
09090909090909090909090909090909090909090909090909090909090909090909090909090909090909090909090909090909090909090909090909090909090909090909090909090909090909090909090909090909090909090909090909090909090909090909090909090909090909090909090909090909090909
310
09090909090909090909090909090909090909090909090909090909090909090909090909090909090909090909090909090909090909090909090909090909090909090909090909090909090909090909090909090909090909090909090909090909090909090909090909090909090909090909090909090909090909
310
09090909090909090909090909090909090909090909090909090909090909090909090909090909090909090909090909090909090909090909090909090909090909090909090909090909090909090909090909090909090909090909090909090909090909090909090909090909090909090909090909090909090909
310
09090909090909090909090909090909090909090909090909090909090909090909090909090909090909090909090909090909090909090909090909090909090909090909090909090909090909090909090909090909090909090909090909090909090909090909090909090909090909090909090909090909090909
310
09090909090909090909090909090909090909090909090909090909090909090909090909090909090909090909090909090909090909090909090909090909090909090909090909090909090909090909090909090909090909090909090909090909090909090909090909090909090909090909090909090909090909
310
09090909090909090909090909090909090909090909090909090909090909090909090909090909090909090909090909090909090909090909090909090909090909090909090909090909090909090909090909090909090909090909090909090909090909090909090909090909090909090909090909090909090909
310
09090909090909090909090909090909090909090909090909090909090909090909090909090909090909090909090909090909090909090909090909090909090909090909090909090909090909090909090909090909090909090909090909090909090909090909090909090909090909090909090909090909090909
310
09090909090909090909090909090909090909090909090909090909090909090909090909090909090909090909090909090909090909090909090909090909090909090909090909090909090909090909090909090909090909090909090909090909090909090909090909090909090909090909090909090909090909
310
09090909090909090909090909090909090909090909090909090909090909090909090909090909090909090909090909090909090909090909090909090909090909090909090909090909090909090909090909090909090909090909090909090909090909090909090909090909090909090909090909090909090909
310
09090909090909090909090909090909090909090909090909090909090909C9C9C9C9C9C9C9C9C9C9C9C9C9C9C9C9C9C9C9C9C9C9C9C9C9C9C9C9C9C9C9C9C9C9C9C9C9C9C9C9C9C9C9C9C9C9C9C9C9C9C9C9C9C9C9C9C9C9C9C9C9C9C9C9C9C9C9C9C9C9C9C9C9C9C9C9C9C9C9C9C9C9C9C9C9C9C9C9C9C9C9C9C9C9C9C9
310
C9C9C9C9C9C9C9C9C9C9C9C9C9C9C9C9C9C9C9C9C9C9C9C9C9C9C9C9C9C9C9C9C9C9C9C9C9C9C9C9C9C9C9C9C9C9C9C9C9C9C9C9C9C9C9090909090909090909090909090909090909090909090909090909090909090909090909090909090909090909090909090909090909090909090909090909090909090909090909
310
09090909090909090909090909090909090909090909090909090909090909090909090909090909090909090909090909090909090909090909090909090909090909090909090909090909090909090909090909090909090909090909090909090909090909090909090909090909090909090909090909090909090909
310
09090909090909090909090909090909090909090909090909090909090909090909090909090909090909090909090909090909090909090909090909090909090909090909090909090909090909090909090909090909090909090909090909090909090909090909090909090909090909090909090909090909090909
310
09090909090909090909090909090909090909090909090909090909090909090909090609090909090909090909090909090909090909090909090909090909090909090909090909090909090909090909090909090909090909090909090909090909090909090909090909090909090909090909090909090909090909
310
09090909090909090909090909090909090909090909090909090909090909090909090909090909090909090909090909090909090909090909C90909090909090909090909090909090909090909090909090909090909090909090909090909090909090909090909090909090909090909090909090909090909090909
310
09090909090909090909090909090909090909090909090909090909090909090909090909090909090909090909090909090909090909090909090909090909090909090909090909090909090909090909090909090909090909090909090909090909090909090909090909090909090909090909090909090909090909
310
09090909090909090909090909090909090909090909090909090909090909090909090909090909090909090909090909090909090909090909090909090909090909090909090909090909090909090909090909090909090909090909090909090909090909090909090909090909090909090909090909090909090909
310
09090909090909090909090909090909090909090909090909090909090909090909090909090906090909090909090909090909090909090909090909090909090909090909090909090909090909090909090909090909090909090909090909090909090909090909090909090909090909090909090909090909090909
310
0909090909090909090909090909090909090909090909090909090909090909090909090909090909090909090909090909090909090909090909090909C909090909090909090909090909090909090909090909090909090909090909090909090909090909090909090909090909090909090909090909090909090909
310
09090909090909090909090909090909090909090909090909090909090909090909090909090909090909090909090909090909090909090909090909090909090909090909090909090909090909090909090909090909090909090909090909090909090909090909090909090909090909090909090909090909090909
310
09090909090909090909090909090909090909090909090909090909090909090909090909090909090909090909090909090909090909090909090909090909090909090909090909090909090909090909090909090909090909090909090909090909090909090909090909090909090909090909090909090909090909
310
09090909090909090909090909090909090909090909090909090909090909090909090909090909090909060909090909090909090909090909090909090909090909090909090909090909090909090909090909090909090909090909090909090909090909090909090909090909090909090909090909090909090909
310
090909090909090909090909090909090909090909090909090909090909090909090909090909090909090909090909090909090909090909090909090909090909C9090909090909090909090909090909090909090909090909090909090909090909090909090909090909090909090909090909090909090909090909
310
09090909090909090909090909090909090909090909090909090909090909090909090909090909090909090909090909090909090909090909090909090909090909090909090909090909090909090909090909090909090909090909090909090909090909090909090909090909090909090909090909090909090909
310
09090909090909090909090909090909090909090909090909090909090909090909090909090909090909090909090909090909090909090909090909090909090909090909090909090909090909090909090909090909090909090909090909090909090909090909090909090909090909090909090909090909090909
310
09090909090909090909090909090909090909090909090909090909090909090909090909090909090909090909090609090909090909090909090909090909090909090909090909090909090909090909090909090909090909090909090909090909090909090909090909090909090909090909090909090909090909
310
09090909090909090909090909090909090909090909090909090909090909090909090909090909090909090909090909090909090909090909090909090909090909090909C90909090909090909090909090909090909090909090909090909090909090909090909090909090909090909090909090909090909090909
310
09090909090909090909090909090909090909090909090909090909090909090909090909090909090909090909090909090909090909090909090909090909090909090909090909090909090909090909090909090909090909090909090909090909090909090909090909090909090909090909090909090909090909
310
09090909090909090909090909090909090909090909090909090909090909090909090909090909090909090909090909090909090909090909090909090909090909090909090909090909090909090909090909090909090909090909090909090909090909090909090909090909090909090909090909090909090909
310
09090909090909090909090909090909090909090909090909090909090909090909090909090909090909090909090909090906090909090909090909090909090909090909090909090909090909090909090909090909090909090909090909090909090909090909090909090909090909090909090909090909090909
310
0909090909090909090909090909090909090909090909090909090909090909090909090909090909090909090909090909090909090909090909090909090909090909090909090909C909090909090909090909090909090909090909090909090909090909090909090909090909090909090909090909090909090909
310
09090909090909090909090909090909090909090909090909090909090909090909090909090909090909090909090909090909090909090909090909090909090909090909090909090909090909090909090909090909090909090909090909090909090909090909090909090909090909090909090909090909090909
310
09090909090909090909090909090909090909090909090909090909090909090909090909090909090909090909090909090909090909090909090909090909090909090909090909090909090909090909090909090909090909090909090909090909090909090909090909090909090909090909090909090909090909
310
09090909090909090909090909090909090909090909090909090909090909090909090909090909090909090909090909090909090909060909090909090909090909090909090909090909090909090909090909090909090909090909090909090909090909090909090909090909090909090909090909090909090909
310
090909090909090909090909090909090909090909090909090909090909090909090909090909090909090909090909090909090909090909090909090909090909090909090909090909090909C9090909090909090909090909090909090909090909090909090909090909090909090909090909090909090909090909
310
09090909090909090909090909090909090909090909090909090909090909090909090909090909090909090909090909090909090909090909090909090909090909090909090909090909090909090909090909090909090909090909090909090909090909090909090909090909090909090909090909090909090909
310
09090909090909090909090909090909090909090909090909090909090909090909090909090909090909090909090909090909090909090909090909090909090909090909090909090909090909090909090909090909090909090909090909090909090909090909090909090909090909090909090909090909090909
310
09090909090909090909090909090909090909090909090909090909090909090909090909090909090909090909090909090909090909090909090609090909090909090909C9C9C9C9C9FEFEFEC909090909C9FEFEC9C9C9C9C9C9C9FEFEFEC9C9C9C9C9C9C9FEFE0909090909C9FEFEFEC9C9C9C9C9FEFEFEFEC9C9C9C9
310
FEFEFEFEFE0909090909FEFEFEC9C9C9C9FEFEFEFEC9C9C9C9FEFEFEFEC9C9C90909090909FEC9C9C9C9FEFEFEFEC9C9C9C9FEFEFEFEC9C9C9C9FE09090909C9C9C9C9FEFEFEFEC909090909090909090909C90909090909090909090909090909090909090909090909090909090909090909090909090909090909090909
310
09090909090909090909090909090909090909090909090909090909090909090909090909090909090909090909090909090909090909090909090909090909090909090909090909090909090909090909090909090909090909090909090909090909090909090909090909090909090909090909090909090909090909
310
09090909090909090909090909090909090909090909090909090909090909090909090909090909090909090909090909090909090909090909090909090909090909090909090909090909090909090909090909090909090909090909090909090909090909090909090909090909090909090909090909090909090909
310
0909090909090909090909090909090909090909090909090909090909090909090909090909090909090909090909090909090909090909090909090909090609090909090909090609090909090909090909C90909090909090909090909090909090909090909090909090909C909090909090909090909090909090909
310
090909090909090909090909090909090909090909090909090909090909090909090909090909090909090909090909090909090909090909090909090909090909C909090909090909090909060909090909090909C909090909090909090909090909090909090909090909090909090909090909090909090909090909
310
09090909090909090909090909090909090909090909090909090909090909090909090909090909090909090909090909090909090909090909090909090909090909090909090909090909090909090909090909090909090909090909090909090909090909090909090909090909090909090909090909090909090909
310
09090909090909090909090909090909090909090909090909090909090909090909090909090909090909090909090909090909090909090909090909090909090909090909090909090909090909090909090909090909090909090909090909090909090909090909090909090909090909090909090909090909090909
310
090909090909090909090909090909090909090909090909090909090909090909090909090909090909090909090909090909090909090909090909090909090909090609090909090909C9090609090909090909090909090909090909090909090909C9090909C909090909090909090909090909090909090909090909
310
090909090909090909090909090909090909090909090909090909C909090909090909090909090909090909090909090909090909090909090909090909090909090909090909090909090909090909C9090909090909090909C9090909090909090909090909090909090909090909090909090909090909090909090909
310
09090909090909090909090909090909090909090909090909090909090909090909090909090909090909090909090909090909090909090909090909090909090909090909090909090909090909090909090909090909090909090909090909090909090909090909090909090909090909090909090909090909090909
310
09090909090909090909090909090909090909090909090909090909090909090909090909090909090909090909090909090909090909090909090909090909090909090909090909090909090909090909090909090909090909090909090909090909090909090909090909090909090909090909090909090909090909
310
090909090909090909090909090909090909090909090909090909090909090909090909090909090909090909090909090909090909090909090909090909090909090909090906090909090909090906090909090909090909090909090909090909090909090909C909C909090909090909090909090909090909090909
310
09090909090909C90909090909090909090909090909090909090909090909090909090909090909090909090909090909090909090909090909C90909090909090909090909090909090909090909090909090909C90909090909090909C90909090909090909090909090909090909090909090909090909090909090909
310
09090909090909090909090909090909090909090909090909090909090909090909090909090909090909090909090909090909090909090909090909090909090909090909090909090909090909090909090909090909090909090909090909090909090909090909090909090909090909090909090909090909090909
310
09090909090909090909090909090909090909090909090909090909090909090909090909090909090909090909090909090909090909090909090909090909090909090909090909090909090909090909090909090909090909090909090909090909090909090909090909090909090909090909090909090909090909
310
09090909090909090909090909090909090909090909090909090909090909090909090909090909090909090909090909090909090909090909090909090909090909090909090909090906090909090909060909090909090909090909090909090909090909090909090909060909090909090909090909090909090909
310
090909090909090909C90909090909090909090909090909090909090909090909090909C9C90909090909090909090909090909090909090909090909090909090909090909090909090909090909090909090909090909090909C9090909090909C909090909090909090909090909090909090909090909090909090909
310
09090909090909090909090909090909090909090909090909090909090909090909090909090909090909090909090909090909090909090909090909090909090909090909090909090909090909090909090909090909090909090909090909090909090909090909090909090909090909090909090909090909090909
310
09090909090909090909090909090909090909090909090909090909090909090909090909090909090909090909090909090909090909090909090909090909090909090909090909090909090909090909090909090909090909090909090909090909090909090909090909090909090909090909090909090909090909
310
0909090909090909090909090909090909090909090909090909090909090909090909090909090909090909090909090909090909090909090909090909090909090909090909090909090909090906090909090909060909090909090909090909090909090909090909090909090909C909090909090909090909090909
310
09090909090909090909090909C9090909090909090909090909090909090909090909090909090906C90909090909090909090909090909090909090909090909090909C9090909090909090909090909090909090909090909090909090906090909090909C9090909090909090909090909090909090909090909090909
310
09090909090909090909090909090909090909090909090909090909090909090909090909090909090909090909090909090909090909090909090909090909090909090909090909090909090909090909090909090909090909090909090909090909090909090909090909090909090909090909090909090909090909
310
09090909090909090909090909090909090909090909090909090909090909090909090909090909090909090909090909090909090909090909090909090909090909090909090909090909090909090909090909090909090909090909090909090909090909090909090909090909090909090909090909090909090909
310
090909090909090909090909090909090909090909090909090909090909090909090909090909090909090909090909090909090909090909090909090909090909090909090909090909090909090909090906090909090909060909090909090909090909090909090909090909090909090909C9090909090909090909
310
0909090909090909090909090909090909C9090909090909090909090909090909090909090909090909090906C90909090909090909090909090909090909090909090909090909C9090909090909090909090909090909090909090909090909090906090909090909C90909090909090909090909090909090909090909
310
09090909090909090909090909090909090909090909090909090909090909090909090909090909090909090909090909090909090909090909090909090909090909090909090909090909090909090909090909090909090909090909090909090909090909090909090909090909090909090909090909090909090909
310
09090909090909090909090909090909090909090909090909090909090909090909090909090909090909090909090909090909090909090909090909090909090909090909090909090909090909090909090909090909090909090909090909090909090909090909090909090909090909090909090909090909090909
310
09090909090909090909090909090909090909090909090909090909090909090909090909090909090909090909090909090909090909090909090909090909090909090909090909090909090909090909090909090906090909090909060909090909090909090909090909090909090909090909090909C90909090909
310
090909090909090909090909090909090909090909C9090909090909090909090909090909090909090909090909090906C90909090909090909090909090909090909090909090909090909C9090909090909090909090909090909090909090909090909090906090909090909C909090909090909090909090909090909
310
09090909090909090909090909090909090909090909090909090909090909090909090909090909090909090909090909090909090909090909090909090909090909090909090909090909090909090909090909090909090909090909090909090909090909090909090909090909090909090909090909090909090909
310
09090909090909090909090909090909090909090909090909090909090909090909090909090909090909090909090909090909090909090909090909090909090909090909090909090909090909090909090909090909090909090909090909090909090909090909090909090909090909090909090909090909090909
310
0909090909090909090909090909090909090909090909090909090909090909090909090909090909090909090909090909090909090909090909090909090909090909090909090909090909090909090909090909090909090906090909090909060909090909090909090909090909090909090909090909090909C909
310
09090909090909090909090909090909090909090909090909C9090909090909090909090909090909090909090909090909090906C90909090909090909090909090909090909090909090909090909C9090909090909090909090909090909090909090909090909090906090909090909C9090909090909090909090909
310
09090909090909090909090909090909090909090909090909090909090909090909090909090909090909090909090909090909090909090909090909090909090909090909090909090909090909090909090909090909090909090909090909090909090909090909090909090909090909090909090909090909090909
310
09090909090909090909090909090909090909090909090909090909090909090909090909090909090909090909090909090909090909090909090909090909090909090909090909090909090909090909090909090909090909090909090909090909090909090909090909090909090909090909090909090909090909
310
09090909090909090909090909090909090909090909090909090909090909090909090909090909090909090909090909090909090909090909090909090909090909090909090909090909090909090909090909090909090909090909090609090909090906090909090909090909090909090909090909090909090909
310
0909C90909090909090909090909090909090909090909090909090909C9090909090909090909090909090909090909090909090909090906C90909090909090909090909090909090909090909090909090909C9090909090909090909090909090909090909090909090909090906090909090909C90909090909090909
310
09090909090909090909090909090909090909090909090909090909090909090909090909090909090909090909090909090909090909090909090909090909090909090909090909090909090909090909090909090909090909090909090909090909090909090909090909090909090909090909090909090909090909
310
09090909090909090909090909090909090909090909090909090909090909090909090909090909090909090909090909090909090909090909090909090909090909090909090909090909090909090909090909090909090909090909090909090909090909090909090909090909090909090909090909090909090909
310
09090909090909090909090909090909090909090909090909090909090909090909090909090909090909090909090909090909090909090909090909090909090909090909090909090909090909090909090909090909090909090909090909090906090909090909060909090909090909090909090909090909090909
310
090909090909C90909090909090909090909090909090909090909090909090909C9090909090909090909090909090909090909090909090909090906C90909090909090909090909090909090909090909090909090909C9090909090909090909090909090909090909090909090909090906090909090909C909090909
310
09090909090909090909090909090909090909090909090909090909090909090909090909090909090909090909090909090909090909090909090909090909090909090909090909090909090909090909090909090909090909090909090909090909090909090909090909090909090909090909090909090909090909
310
09090909090909090909090909090909090909090909090909090909090909090909090909090909090909090909090909090909090909090909090909090909090909090909090909090909090909090909090909090909090909090909090909090909090909090909090909090909090909090909090909090909090909
310
0909090909090909090909090909090909090909090909090909090909090909090909090909090909090909090909090909090909090909090909090909090909090909090909090909090909090909090909090909090909090909090909090909090909090906090909090909C909090909090909090909090909090909
310
09090909090909090909C9C909090909090909090909090909090909090909090909090909060909090909090909090909090909090909090909090909090909060609090909090909090909090909090909090909090909090909C90609090909090909090909090909090909090909090909090909C9C9090909090909C9
310
09090909090909090909090909090909090909090909090909090909090909090909090909090909090909090909090909090909090909090909090909090909090909090909090909090909090909090909090909090909090909090909090909090909090909090909090909090909090909090909090909090909090909
310
09090909090909090909090909090909090909090909090909090909090909090909090909090909090909090909090909090909090909090909090909090909090909090909090909090909090909090909090909090909090909090909090909090909090909090909090909090909090909090909090909090909090909
310
09090909090909090909090909090909090909090909090909090909090909090909090909090909090909090909090909090909090909090909090909090909090909090909090909090909090909090909090909090909090909090909090909090909090909090909090609090909090909090909090909090909090909
310
09090909090909090909090909090909090909090909090909090909090909090909090909090909090909090909090909090909090909090909090909090909090909090909090909090909090909090909090909090909090909090909090909090909090909090909090909090909090909090909090909090909090909
310
090909C9090909090909090909090909090909090909090909090909090909090909090909090909090909090909090909090909090909090909090909090909090909090909090909090909090909090909090909090909090909090909090909090909090909090909090909090909090909090909090909090909090909
310
09090909090909090909090909090909090909090909090909090909090909090909090909090909090909090909090909090909090909090909090909090909090909090909090909090909090909090909090909090909090909090909090909090909090909090909090909090909090909090909090909090909090909
310
09090909090909090909090909090909090909090909090909090909090909090909090909090909090909090909090909090909090909090909090909090909090909090909090909090909090909090909090909090909090909090909090909090909090909090909090909090906090909090909090909090909090909
310
09090909090909090909090909090909090909090909090909090909090909090909090909090909090909090909090909090909090909090909090909090909090909090909090909090909090909090909090909090909090909090909090909090909090909090909090909090909090909090909090909090909090909
310
09090909090909C90909090909090909090909090909090909090909090909090909090909090909090909090909090909090909090909090909090909090909090909090909090909090909090909090909090909090909090909090909090909090909090909090909090909090909090909090909090909090909090909
310
09090909090909090909090909090909090909090909090909090909090909090909090909090909090909090909090909090909090909090909090909090909090909090909090909090909090909090909090909090909090909090909090909090909090909090909090909090909090909090909090909090909090909
310
09090909090909090909090909090909090909090909090909090909090909090909090909090909090909090909090909090909090909090909090909090909090909090909090909090909090909090909090909090909090909090909090909090909090909090909090909090909090909060909090909090909090909
310
09090909090909090909090909090909090909090909090909090909090909090909090909090909090909090909090909090909090909090909090909090909090909090909090909090909090909090909090909090909090909090909090909090909090909090909090909090909090909090909090909090909090909
310
0909090909090909090909C909090909090909090909090909090909090909090909090909090909090909090909090909090909090909090909090909090909090909090909090909090909090909090909090909090909090909090909090909090909090909090909090909090909090909090909090909090909090909
310
09090909090909090909090909090909090909090909090909090909090909090909090909090909090909090909090909090909090909090909090909090909090909090909090909090909090909090909090909090909090909090909090909090909090909090909090909090909090909090909090909090909090909
310
09090909090909090909090909090909090909090909090909090909090909090909090909090909090909090909090909090909090909090909090909090909090909090909090909090909090909090909090909090909090909090909090909090909090909090909090909090909090909090909090609090909090906
310
0909090909090909090909090909090909090909090909090909C9090909090909090909090909090909090909090909090909090906090909090909090909090909090909090909090909090909090906060909090909090909090909090909090909090909090909090909C9090909090909090909090909090909090909
310
09090909090909C9C9090909090909C9090909090909090909090909090909090909090909090909090909090909090909090909090909090909090909090909090909090909090909090909090909090909090909090909090909090909090909090909090909090909090909090909090909090909090909090909090909
310
09090909090909090909090909090909090909090909090909090909090909090909090909090909090909090909090909090909090909090909090909090909090909090909090909090909090909090909090909090909090909090909090909090909090909090909090909090909090909090909090909090909090909
310
09090909090909090909090909090909090909090909090909090909090909090909090909090909090909090909090909090909090909090909090909090909090909090909090909090909090909090909090909090909090909090909090909090909090909090909090909090909090909090909090909090906090909
310
090909060909090909090909090909090909090909090909090909090909C90909090909090909090909090909090909090909090909090909C9090909090909090909090909090909090909090909090909090906C90909090909090909090909090909090909090909090909090909C90909090909090909090909090909
310
09090909090909090909090906090909090909C90909090909090909090909090909090909090909090909090909090909090909090909090909090909090909090909090909090909090909090909090909090909090909090909090909090909090909090909090909090909090909090909090909090909090909090909
310
09090909090909090909090909090909090909090909090909090909090909090909090909090909090909090909090909090909090909090909090909090909090909090909090909090909090909090909090909090909090909090909090909090909090909090909090909090909090909090909090909090909090909
310
09090909090909090909090909090909090909090909090909090909090909090909090909090909090909090909090909090909090909090909090909090909090909090909090909090909090909090909090909090909090909090909090909090909090909090909090909090909090909090909090909090909090909
310
06090909090909060909090909090909090909090909090909090909090909090909C90909090909090909090909090909090909090909090909090909C9090909090909090909090909090909090909090909090909090906C90909090909090909090909090909090909090909090909090909C909090909090909090909
310
0909090909090909090909090909090906090909090909C909090909090909090909090909090909090909090909090909090909090909090909090909090909090909090909090909090909090909090909090909090909090909090909090909090909090909090909090909090909090909090909090909090909090909
310
09090909090909090909090909090909090909090909090909090909090909090909090909090909090909090909090909090909090909090909090909090909090909090909090909090909090909090909090909090909090909090909090909090909090909090909090909090909090909090909090909090909090909
310
09090909090909090909090909090909090909090909090909090909090909090909090909090909090909090909090909090909090909090909090909090909090909090909090909090909090909090909090909090909090909090909090909090909090909090909090909090909090909090909090909090909090909
310
0909090906090909090909060909090909090909090909090909090909090909090909090909C90909090909090909090909090909090909090909090909090909C9090909090909090909090909090909090909090909090909090906C90909090909090909090909090909090909090909090909090909C9090909090909
310
090909090909090909090909090909090909090906090909090909C9090909090909090909090909090909090909090909090909090909090909090909090909090909090909090909090909090909090909090909090909090909090909090909090909090909090909090909090909090909090909090909090909090909
310
09090909090909090909090909090909090909090909090909090909090909090909090909090909090909090909090909090909090909090909090909090909090909090909090909090909090909090909090909090909090909090909090909090909090909090909090909090909090909090909090909090909090909
310
09090909090909090909090909090909090909090909090909090909090909090909090909090909090909090909090909090909090909090909090909090909090909090909090909090909090909090909090909090909090909090909090909090909090909090909090909090909090909090909090909090909090909
310
090909090909090906090909090909060909090909090909090909090909090909090909090909090909C90909090909090909090909090909090909090909090909090909C9090909090909090909090909090909090909090909090909090906C90909090909090909090909090909090909090909090909090909C90909
310
09090909090909090909090909090909090909090909090906090909090909C90909090909090909090909090909090909090909090909090909090909090909090909090909090909090909090909090909090909090909090909090909090909090909090909090909090909090909090909090909090909090909090909
310
09090909090909090909090909090909090909090909090909090909090909090909090909090909090909090909090909090909090909090909090909090909090909090909090909090909090909090909090909090909090909090909090909090909090909090909090909090909090909090909090909090909090909
310
09090909090909090909090909090909090909090909090909090909090909090909090909090909090909090909090909090909090909090909090909090909090909090909090909090909090909090909090909090909090909090909090909090909090909090909090909090909090909090909090909090909090909
310
09090909090909090909090906090909090909060909090909090909090909090909090909090909090909090909C90909090909090909090909090909090909090909090909090909C9090909090909090909090909090909090909090909090909090906C909090909090909090909090909090909090909090909090909
310
09C9090909090909090909090909090909090909090909090909090906090909090909C909090909090909090909090909090909090909090909090909090909090909090909090909090909090909090909090909090909090909090909090909090909090909090909090909090909090909090909090909090909090909
310
09090909090909090909090909090909090909090909090909090909090909090909090909090909090909090909090909090909090909090909090909090909090909090909090909090909090909090909090909090909090909090909090909090909090909090909090909090909090909090909090909090909090909
310
09090909090909090909090909090909090909090909090909090909090909090909090909090909090909090909090909090909090909090909090909090909090909090909090909090909090909090909090909090909090909090909090909090909090909090909090909090909090909090909090909090909090909
310
0909090909090909090909090909090906090909090909060909090909090909090909090909090909090909090909090909C90909090909090909090909090909090909090909090909090909C9090909090909090909090909090909090909090909090909090906C9090909090909090909090909090909090909090909
310
0909090909C9090909090909090909090909090909090909090909090909090906090909090909C9090909090909090909090909090909090909090909090909090909090909090909090909090909090909090909090909090909090909090909090909090909090909090909090909090909090909090909090909090909
310
09090909090909090909090909090909090909090909090909090909090909090909090909090909090909090909090909090909090909090909090909090909090909090909090909090909090909090909090909090909090909090909090909090909090909090909090909090909090909090909090909090909090909
310
09090909090909090909090909090909090909090909090909090909090909090909090909090909090909090909090909090909090909090909090909090909090909090909090909090909090909090909090909090909090909090909090909090909090909090909090909090909090909090909090909090909090909
310
090909090909090909090909090909090909090906090909090909060909090909090909090909090909090909090909090909090909C90909090909090909090909090909090909090909090909090909C9090909090909090909090909090909090909090909090909090906C90909090909090909090909090909090909
310
090909090909090909C9090909090909090909090909090909090909090909090909090906090909090909C90909090909090909090909090909090909090909090909090909090909090909090909090909090909090909090909090909090909090909090909090909090909090909090909090909090909090909090909
310
09090909090909090909090909090909090909090909090909090909090909090909090909090909090909090909090909090909090909090909090909090909090909090909090909090909090909090909090909090909090909090909090909090909090909090909090909090909090909090909090909090909090909
310
09090909090909090909090909090909090909090909090909090909090909090909090909090909090909090909090909090909090909090909090909090909090909090909090909090909090909090909090909090909090909090909090909090909090909090909090909090909090909090909090909090909090909
310
09090909090909090909090909090909090909090909090906090909090909060909090909090909090909090909090909090909090909090909C90909090909090909090909090909090909090909090909090909C9090909090909090909090909090909090909090909090909090906C909090909090909090909090909
310
09090909090909090909090909C9090909090909090909090909090909090909090909090909090906090909090909C909090909090909090909090909090909090909090909090909090909090909090909090909090909090909090909090909090909090909090909090909090909090909090909090909090909090909
310
09090909090909090909090909090909090909090909090909090909090909090909090909090909090909090909090909090909090909090909090909090909090909090909090909090909090909090909090909090909090909090909090909090909090909090909090909090909090909090909090909090909090909
310
09090909090909090909090909090909090909090909090909090909090909090909090909090909090909090909090909090909090909090909090909090909090909090909090909090909090909090909090909090909090909090909090909090909090909090909090909090909090909090909090909090909090909
310
0909090909090909090909090909090909090909090909090909090906090909090909060909090909090909090909090909090909090909090909090909C90909090909090909090909090909090909090909090909090909C9090909090909090909090909090909090909090909090909090906C9090909090909090909
310
0909090909090909090909090909090909C9090909090909090909090909090909090909090909090909090906090909090909C9090909090909090909090909090909090909090909090909090909090909090909090909090909090909090909090909090909090909090909090909090909090909090909090909090909
310
09090909090909090909090909090909090909090909090909090909090909090909090909090909090909090909090909090909090909090909090909090909090909090909090909090909090909090909090909090909090909090909090909090909090909090909090909090909090909090909090909090909090909
310
09090909090909090909090909090909090909090909090909090909090909090909090909090909090909090909090909090909090909090909090909090909090909090909090909090909090909090909090909090909090909090909090909090909090909090909090909090909090909090909090909090909090909
310
090909090909090909090909090909090909090909090909090909090909090906090909090909060909090909090909090909090909090909090909090909090909C90909090909090909090909090909090909090909090909090909C9090909090909090909090909090909090909090909090909090906C90909090909
310
090909090909090909090909090909090909090909C9090909090909090909090909090909090909090909090909090906090909090909C90909090909090909090909090909090909090909090909090909090909090909090909090909090909090909090909090909090909090909090909090909090909090909090909
310
09090909090909090909090909090909090909090909090909090909090909090909090909090909090909090909090909090909090909090909090909090909090909090909090909090909090909090909090909090909090909090909090909090909090909090909090909090909090909090909090909090909090909
310
09090909090909090909090909090909090909090909090909090909090909090909090909090909090909090909090909090909090909090909090909090909090909090909090909090909090909090909090909090909090909090909090909090909090909090909090909090909090909090909090909090909090909
310
09090909090909090909090909090909090909090909090909090909090909090909090906090909090909060909090909090909090909090909090909090909090909090909C90909090909090909090909090909090909090909090909090909C9090909090909090909090909090909090909090909090909090906C909
310
09090909090909090909090909090909090909090909090909C9090909090909090909090909090909090909090909090909090906090909090909C909090909090909090909090909090909090909090909090909090909090909090909090909090909090909090909090909090909090909090909090909090909090909
310
09090909090909090909090909090909090909090909090909090909090909090909090909090909090909090909090909090909090909090909090909090909090909090909090909090909090909090909090909090909090909090909090909090909090909090909090909090909090909090909090909090909090909
310
09090909090909090909090909090909090909090909090909090909090909090909090909090909090909090909090909090909090909090909090909090909090909090909090909090909090909090909090909090909090909090909090909090909090909090909090909090909090909090909090909090909090909
310
0909090909090909090909090909090909090909090909090909090909090909090909090909090906090909090909060909090909090909090909090909090909090909090909090909C90909090909090909090909090909090909090909090909090909C909090909090909090909090909090909090909090909090909
310
0906C90909090909090909090909090909090909090909090909090909C9090909090909090909090909090909090909090909090909090906090909090909C9090909090909090909090909090909090909090909090909090909090909090909090909090909090909090909090909090909090909090909090909090909
310
09090909090909090909090909090909090909090909090909090909090909090909090909090909090909090909090909090909090909090909090909090909090909090909090909090909090909090909090909090909090909090909090909090909090909090909090909090909090909090909090909090909090909
310
09090909090909090909090909090909090909090909090909090909090909090909090909090909090909090909090909090909090909090909090909090909090909090909090909090909090909090909090909090909090909090909090909090909090909090909090909090909090909090909090909090909090909
310
090909090909090909090909090909090909090909090909090909090909090909090909090909090909090906090909090909C90909090909090909090909090909090909090909090909090909C9C90909090909090909090909090909090909090909090909090906090909090909090909090909090909090909090909
310
0909090909060609090909090909090909090909090909090909090909090909C90609090909090909090909090909090909090909090909090909C9C9090909090909C90909090909090909090909090909090909090909090909090909090909090909090909090909090909090909090909090909090909090909090909
310
09090909090909090909090909090909090909090909090909090909090909090909090909090909090909090909090909090909090909090909090909090909090909090909090909090909090909090909090909090909090909090909090909090909090909090909090909090909090909090909090909090909090909
310
09090909090909090909090909090909090909090909090909090909090909090909090909090909090909090909090909090909090909090909090909090909090909090909090909090909090909090909090909090909090909090909090909090909090909090909090909090909090909090909090909090909090909
310
09090909090909090909090909090909090909090909090909090909090909090909090909090909090909090909090906090909090909090909090909090909090909090909090909090909090909090909090909090909090909090909090909090909090909090909090909090909090909090909090909090909090909
310
0909090909090909090909090909090909090909090909090909090909090909090909090909090909090909090909090909090909090909090909090909090909090909090909C909090909090909090909090909090909090909090909090909090909090909090909090909090909090909090909090909090909090909
310
09090909090909090909090909090909090909090909090909090909090909090909090909090909090909090909090909090909090909090909090909090909090909090909090909090909090909090909090909090909090909090909090909090909090909090909090909090909090909090909090909090909090909
310
09090909090909090909090909090909090909090909090909090909090909090909090909090909090909090909090909090909090909090909090909090909090909090909090909090909090909090909090909090909090909090909090909090909090909090909090909090909090909090909090909090909090909
310
09090909090909090909090909090909090909090909090909090909090909090909090909090909090909090909090909090909060909090909090909090909090909090909090909090909090909090909090909090909090909090909090909090909090909090909090909090909090909090909090909090909090909
310
090909090909090909090909090909090909090909090909090909090909090909090909090909090909090909090909090909090909090909090909090909090909090909090909090909C9090909090909090909090909090909090909090909090909090909090909090909090909090909090909090909090909090909
310
09090909090909090909090909090909090909090909090909090909090909090909090909090909090909090909090909090909090909090909090909090909090909090909090909090909090909090909090909090909090909090909090909090909090909090909090909090909090909090909090909090909090909
310
09090909090909090909090909090909090909090909090909090909090909090909090909090909090909090909090909090909090909090909090909090909090909090909090909090909090909090909090909090909090909090909090909090909090909090909090909090909090909090909090909090909090909
310
09090909090909090909090909090909090909090909090909090909090909090909090909090909090909090909090909090909090909090609090909090909090909090909090909090909090909090909090909090909090909090909090909090909090909090909090909090909090909090909090909090909090909
310
09090909090909090909090909090909090909090909090909090909090909090909090909090909090909090909090909090909090909090909090909090909090909090909090909090909090909C90909090909090909090909090909090909090909090909090909090909090909090909090909090909090909090909
310
09090909090909090909090909090909090909090909090909090909090909090909090909090909090909090909090909090909090909090909090909090909090909090909090909090909090909090909090909090909090909090909090909090909090909090909090909090909090909090909090909090909090909
310
09090909090909090909090909090909090909090909090909090909090909090909090909090909090909090909090909090909090909090909090909090909090909090909090909090909090909090909090909090909090909090909090909090909090909090909090909090909090909090909090909090909090909
310
09090909090909090909090909090909090909090909090909090909090909090909090909090909090909090909090909090909090909090909090906090909090909060909090909090909090909090909090909090909090909090909C90909090909090909090909090909090909090909090909090909060909090909
310
09090909090909090909090909090909090909090906060909090909090909090909090909090909090909090909090909C909090909090909090909090909090909090909090909090909C906090909090909C909090909090909090909090909090909090909090909090909090909090909090909090909090909090909
310
09090909090909090909090909090909090909090909090909090909090909090909090909090909090909090909090909090909090909090909090909090909090909090909090909090909090909090909090909090909090909090909090909090909090909090909090909090909090909090909090909090909090909
310
09090909090909090909090909090909090909090909090909090909090909090909090909090909090909090909090909090909090909090909090909090909090909090909090909090909090909090909090909090909090909090909090909090909090909090909090909090909090909090909090909090909090909
310
0909090909090909090909090909090909090909090909090909090909090909090909090909090909090909090909090909090909090909090909090909090906090909090909060909090909090909090909090909090909090909090909090909C90909090909090909090909090909090909090909090909090909C909
310
0909090909090909090909090909090909090909090909090906C90909090909090909090909090909090909090909090909090909C9090909090909090909090909090909090909090909090909090906090909090909C9090909090909090909090909090909090909090909090909090909090909090909090909090909
310
09090909090909090909090909090909090909090909090909090909090909090909090909090909090909090909090909090909090909090909090909090909090909090909090909090909090909090909090909090909090909090909090909090909090909090909090909090909090909090909090909090909090909
310
09090909090909090909090909090909090909090909090909090909090909090909090909090909090909090909090909090909090909090909090909090909090909090909090909090909090909090909090909090909090909090909090909090909090909090909090909090909090909090909090909090909090909
310
090909090909090909090909090909090909090909090909090909090909090909090909090909090909090909090909090909090909090909090909090909090909090906090909090909060909090909090909090909090909090909090909090909090909C9090909090909090909090909090909090909090909090909
310
0909C9090909090909090909090909090909090909090909090909090906C90909090909090909090909090909090909090909090909090909C9090909090909090909090909090909090909090909090909090906090909090909C90909090909090909090909090909090909090909090909090909090909090909090909
310
09090909090909090909090909090909090909090909090909090909090909090909090909090909090909090909090909090909090909090909090909090909090909090909090909090909090909090909090909090909090909090909090909090909090909090909090909090909090909090909090909090909090909
310
09090909090909090909090909090909090909090909090909090909090909090909090909090909090909090909090909090909090909090909090909090909090909090909090909090909090909090909090909090909090909090909090909090909090909090909090909090909090909090909090909090909090909
310
09090909090909090909090909090909090909090909090909090909090909090909090909090909090909090909090909090909090909090909090909090909090909090909090906090909090909060909090909090909090909090909090909090909090909090909C90909090909090909090909090909090909090909
310
090909090909C9090909090909090909090909090909090909090909090909090906C90909090909090909090909090909090909090909090909090909C9090909090909090909090909090909090909090909090909090906090909090909C909090909090909090909090909090909090909090909090909090909090909
310
09090909090909090909090909090909090909090909090909090909090909090909090909090909090909090909090909090909090909090909090909090909090909090909090909090909090909090909090909090909090909090909090909090909090909090909090909090909090909090909090909090909090909
310
09090909090909090909090909090909090909090909090909090909090909090909090909090909090909090909090909090909090909090909090909090909090909090909090909090909090909090909090909090909090909090909090909090909090909090909090909090909090909090909090909090909090909
310
0909090909090909090909090909090909090909090909090909090909090909090909090909090909090909090909090909090909090909090909090909090909090909090909090909090906090909090909060909090909090909090909090909090909090909090909090909C909090909090909090909090909090909
310
09090909090909090909C9090909090909090909090909090909090909090909090909090906C90909090909090909090909090909090909090909090909090909C9090909090909090909090909090909090909090909090909090906090909090909C9090909090909090909090909090909090909090909090909090909
310
09090909090909090909090909090909090909090909090909090909090909090909090909090909090909090909090909090909090909090909090909090909090909090909090909090909090909090909090909090909090909090909090909090909090909090909090909090909090909090909090909090909090909
310
09090909090909090909090909090909090909090909090909090909090909090909090909090909090909090909090909090909090909090909090909090909090909090909090909090909090909090909090909090909090909090909090909090909090909090909090909090909090909090909090909090909090909
310
090909090909090909090909090909090909090909090909090909090909090909090909090909090909090909090909090909090909090909090909090909090909090909090909090909090909090906090909090909060909090909090909090909090909090909090909090909090909C9090909090909090909090909
310
0909090909090909090909090909C9090909090909090909090909090909090909090909090909090906C90909090909090909090909090909090909090909090909090909C9090909090909090909090909090909090909090909090909090906090909090909C90909090909090909090909090909090909090909090909
310
09090909090909090909090909090909090909090909090909090909090909090909090909090909090909090909090909090909090909090909090909090909090909090909090909090909090909090909090909090909090909090909090909090909090909090909090909090909090909090909090909090909090909
310
09090909090909090909090909090909090909090909090909090909090909090909090909090909090909090909090909090909090909090909090909090909090909090909090909090909090909090909090909090909090909090909090909090909090909090909090909090909090909090909090909090909090909
310
09090909090909090909090909090909090909090909090909090909090909090909090909090909090909090909090909090909090909090909090909090909090909090909090909090909090909090909090906090909090909060909090909090909090909090909090909090909090909090909C90909090909090909
310
090909090909090909090909090909090909C9090909090909090909090909090909090909090909090909090906C90909090909090909090909090909090909090909090909090909C9090909090909090909090909090909090909090909090909090906090909090909C909090909090909090909090909090909090909
310
09090909090909090909090909090909090909090909090909090909090909090909090909090909090909090909090909090909090909090909090909090909090909090909090909090909090909090909090909090909090909090909090909090909090909090909090909090909090909090909090909090909090909
310
09090909090909090909090909090909090909090909090909090909090909090909090909090909090909090909090909090909090909090909090909090909090909090909090909090909090909090909090909090909090909090909090909090909090909090909090909090909090909090909090909090909090909
310
09090909090909090909090909090909090909090909090909090909090909090909090909090909090909090909090909090909090909090909090909090909090909090909090909090909090909090909090909090909060909090909090609090909090909090909090909090909090909090909090909090609090909
310
09090909090909090909090909090909090909090909C90909090909090909090909090909090909090909090909090909C9C9090909090909090909090909090909090909090909090909090909090909090909090909090909090909090909090909090909090906090909090909C9090909090909090909090909090909
310
09090909090909090909090909090909090909090909090909090909090909090909090909090909090909090909090909090909090909090909090909090909090909090909090909090909090909090909090909090909090909090909090909090909090909090909090909090909090909090909090909090909090909
310
09090909090909090909090909090909090909090909090909090909090909090909090909090909090909090909090909090909090909090909090909090909090909090909090909090909090909090909090909090909090909090909090909090909090909090909090909090909090909090909090909090909090909
310
0909090909090909090909090909090909090909090909090909090909090909090909090909090909090909090909090909090909090909090909090909090909090909090909090909090909090909090909090909090909090909060909090909090609C909090909090909090909090909090909090909090909090909
310
09060909090909090909090909090909090909090909090909090909060909090909090909090909090909090909090909090909090909C90909090909090909090909090909090909090909090909060909C90909090909090909090909090909090909090909090909C90906090909090909C90909090909090909090909
310
09090909090909090909090909090909090909090909090909090909090909090909090909090909090909090909090909090909090909090909090909090909090909090909090909090909090909090909090909090909090909090909090909090909090909090909090909090909090909090909090909090909090909
310
09090909090909090909090909090909090909090909090909090909090909090909090909090909090909090909090909090909090909090909090909090909090909090909090909090909090909090909090909090909090909090909090909090909090909090909090909090909090909090909090909090909090909
310
0909090909090909090909090909090909090909090909090909090909090909090909090909090909090909090909090909090909090909090909090909090909090909090909090909090909090909090909090909090909090909090909090609090909090906090909060606060606060606090909C906060606060606
310
06C90909090909060606060606060606090909C90606060606060606C909090909C9060606060606060606090909060606060606060606C909090909C9060606060606060606090909060606060606060606C909090909C90606060606060606C909090906060606060606060609090906090909090909C909090909090909
310
09090909090909090909090909090909090909090909090909090909090909090909090909090909090909090909090909090909090909090909090909090909090909090909090909090909090909090909090909090909090909090909090909090909090909090909090909090909090909090909090909090909090909
310
09090909090909090909090909090909090909090909090909090909090909090909090909090909090909090909090909090909090909090909090909090909090909090909090909090909090909090909090909090909090909090909090909090909090909090909090909090909090909090909090909090909090909
310
090909090909090909090909090909090909090909090909090909090909090909090909090909090909090909090909090909090909090909090909090909090909090909090909090909090909090909090909090909090909090909090909090909090609090909090906090909090909090909090909C9090909090909
310
0909090909090909090909090909090909090909C90909C909090909090909090909090909090909090909090909090909090909090909090909090909090909090909090909090909090909090909090909090909090909090909090909090909090909090909C909090909090909090909090906090909090909C9090909
310
09090909090909090909090909090909090909090909090909090909090909090909090909090909090909090909090909090909090909090909090909090909090909090909090909090909090909090909090909090909090909090909090909090909090909090909090909090909090909090909090909090909090909
310
09090909090909090909090909090909090909090909090909090909090909090909090909090909090909090909090909090909090909090909090909090909090909090909090909090909090909090909090909090909090909090909090909090909090909090909090909090909090909090909090909090909090909
310
09090909090909090909090909090909090909090909090909090909090909090909090909090909090909090909090909090909090909090909090909090909090909090909090909090909090909090909090909090909090909090909090909090909090909090609090909090906090906090909090909090909090909
310
09090909090909090909C9090909060909090909090909090909090909090909090909090909090909C9090909090909090909090909090909090909090909C909090909C9090909090909090909090909090909090909090909C909090909C909090909090909090909090909090909090909090906090906090909090909
310
C9090909090909090909090909090909090909090909090909090909090909090909090909090909090909090909090909090909090909090909090909090909090909090909090909090909090909090909090909090909090909090909090909090909090909090909090909090909090909090909090909090909090909
310
09090909090909090909090909090909090909090909090909090909090909090909090909090909090909090909090909090909090909090909090909090909090909090909090909090909090909090909090909090909090909090909090909090909090909090909090909090909090909090909090909090909090909
310
09090909090909090909090909090909090909090909090909090909090909090909090909090909090909090909090909090909090909090909090909090909090909090909090909090909090909090909090909090909090909090909090909090909090909090909090906090909090909060906090909090909090909
310
0909090909090909090909090909090909C90909090909090909090909090909090909090909090909090909060909090909090909090909090909090909090909090909090909090909090909090909090909090909090909090909090909060909C90909090909090909090909090909090909090909090909C909060909
310
09090909C90909090909090909090909090909090909090909090909090909090909090909090909090909090909090909090909090909090909090909090909090909090909090909090909090909090909090909090909090909090909090909090909090909090909090909090909090909090909090909090909090909
310
09090909090909090909090909090909090909090909090909090909090909090909090909090909090909090909090909090909090909090909090909090909090909090909090909090909090909090909090909090909090909090909090909090909090909090909090909090909090909090909090909090909090909
310
09090909090909090909090909090909090909090909090909090909090909090909090909090909090909090909090909090909090909090909090909090909090909090909090909090909090909090909090909090909090909090909090909090909090909090909090909090909060909090909090609090909090909
310
09090909090909090909090909090909090909C90909090909090909090909090909090909090909090909090909C90909090909090909090909090909090909090909090909090909C9C90909090909090909090909090909090909090909090909090909C909090909090909090909090909090909090909090909090909
310
0906090909090909C909090909090909090909090909090909090909090909090909090909090909090909090909090909090909090909090909090909090909090909090909090909090909090909090909090909090909090909090909090909090909090909090909090909090909090909090909090909090909090909
310
09090909090909090909090909090909090909090909090909090909090909090909090909090909090909090909090909090909090909090909090909090909090909090909090909090909090909090909090909090909090909090909090909090909090909090909090909090909090909090909090909090909090909
310
09090909090909090909090909090909090909090909090909090909090909090909090909090909090909090909090909090909090909090909090909090909090909090909090909090909090909090909090909090909090909090909090909090909090909090909090909090909090909090609090909090906090909
310
0909090909090909090909090909090909090909090909C90909090909090909090909090909090909090909090909090909C9090909090909090909090909090909090909090909090909090906C90909090909090909090909090909090909090909090909090909C9090909090909090909090909090909090909090909
310
090909090906090909090909C9090909090909090909090909090909090909090909090909090909090909090909090909090909090909090909090909090909090909090909090909090909090909090909090909090909090909090909090909090909090909090909090909090909090909090909090909090909090909
310
09090909090909090909090909090909090909090909090909090909090909090909090909090909090909090909090909090909090909090909090909090909090909090909090909090909090909090909090909090909090909090909090909090909090909090909090909090909090909090909090909090909090909
310
09090909090909090909090909090909090909090909090909090909090909090909090909090909090909090909090909090909090909090909090909090909090909090909090909090909090909090909090909090909090909090909090909090909090909090909090909090909090909090909090906090909090909
310
060909090909090909090909090909090909090909090909090909C90909090909090909090909090909090909090909090909090909C9090909090909090909090909090909090909090909090909090906C90909090909090909090909090909090909090909090909090909C90909090909090909090909090909090909
310
09090909090909090906090909090909C90909090909090909090909090909090909090909090909090909090909090909090909090909090909090909090909090909090909090909090909090909090909090909090909090909090909090909090909090909090909090909090909090909090909090909090909090909
310
09090909090909090909090909090909090909090909090909090909090909090909090909090909090909090909090909090909090909090909090909090909090909090909090909090909090909090909090909090909090909090909090909090909090909090909090909090909090909090909090909090909090909
310
09090909090909090909090909090909090909090909090909090909090909090909090909090909090909090909090909090909090909090909090909090909090909090909090909090909090909090909090909090909090909090909090909090909090909090909090909090909090909090909090909090909060909
310
09090909060909090909090909090909090909090909090909090909090909C90909090909090909090909090909090909090909090909090909C9090909090909090909090909090909090909090909090909090906C90909090909090909090909090909090909090909090909090909C909090909090909090909090909
310
0909090909090909090909090906090909090909C909090909090909090909090909090909090909090909090909090909090909090909090909090909090909090909090909090909090909090909090909090909090909090909090909090909090909090909090909090909090909090909090909090909090909090909
310
09090909090909090909090909090909090909090909090909090909090909090909090909090909090909090909090909090909090909090909090909090909090909090909090909090909090909090909090909090909090909090909090909090909090909090909090909090909090909090909090909090909090909
310
09090909090909090909090909090909090909090909090909090909090909090909090909090909090909090909090909090909090909090909090909090909090909090909090909090909090909090909090909090909090909090909090909090909090909090909090909090909090909090909090909090909090909
310
0906090909090909060909090909090909090909090909090909090909090909090909C90909090909090909090909090909090909090909090909090909C9090909090909090909090909090909090909090909090909090906C90909090909090909090909090909090909090909090909090909C9090909090909090909
310
090909090909090909090909090909090906090909090909C9090909090909090909090909090909090909090909090909090909090909090909090909090909090909090909090909090909090909090909090909090909090909090909090909090909090909090909090909090909090909090909090909090909090909
310
09090909090909090909090909090909090909090909090909090909090909090909090909090909090909090909090909090909090909090909090909090909090909090909090909090909090909090909090909090909090909090909090909090909090909090909090909090909090909090909090909090909090909
310
09090909090909090909090909090909090909090909090909090909090909090909090909090909090909090909090909090909090909090909090909090909090909090909090909090909090909090909090909090909090909090909090909090909090909090909090909090909090909090909090909090909090909
310
090909090906090909090909060909090909090909090909090909090909090909090909090909C90909090909090909090909090909090909090909090909090909C9090909090909090909090909090909090909090909090909090906C90909090909090909090909090909090909090909090909090909C90909090909
310
09090909090909090909090909090909090909090906090909090909C90909090909090909090909090909090909090909090909090909090909090909090909090909090909090909090909090909090909090909090909090909090909090909090909090909090909090909090909090909090909090909090909090909
310
09090909090909090909090909090909090909090909090909090909090909090909090909090909090909090909090909090909090909090909090909090909090909090909090909090909090909090909090909090909090909090909090909090909090909090909090909090909090909090909090909090909090909
310
09090909090909090909090909090909090909090909090909090909090909090909090909090909090909090909090909090909090909090909090909090909090909090909090909090909090909090909090909090909090909090909090909090909090909090909090909090909090909090909090909090909090909
310
09090909090909090906090909090909060909090909090909090909090909090909090909090909090909C90909090909090909090909090909090909090909090909090909C9090909090909090909090909090909090909090909090909090906C90909090909090909090909090909090909090909090909090909C909
310
0909090909090909090909090909090909090909090909090906090909090909C909090909090909090909090909090909090909090909090909090909090909090909090909090909090909090909090909090909090909090909090909090909090909090909090909090909090909090909090909090909090909090909
310
09090909090909090909090909090909090909090909090909090909090909090909090909090909090909090909090909090909090909090909090909090909090909090909090909090909090909090909090909090909090909090909090909090909090909090909090909090909090909090909090909090909090909
310
09090909090909090909090909090909090909090909090909090909090909090909090909090909090909090909090909090909090909090909090909090909090909090909090909090909090909090909090909090909090909090909090909090909090909090909090909090909090909090909090909090909090909
310
0909090909090909090909090906090909090909C90909090909090909090909090909090909090909090909090909C909090909090909090909090909090909090909090909090909090609090909090909090909090909090909090909090909090909090606090909090909090909090909090909090909090909090909
310
0909C909090909090909090909090909090909090909090909090909C9C9090909090909C9090909090909090909090909090909090909090909090909090909090909090909090909090909090909090909090909090909090909090909090909090909090909090909090909090909090909090909090909090909090909
310
09090909090909090909090909090909090909090909090909090909090909090909090909090909090909090909090909090909090909090909090909090909090909090909090909090909090909090909090909090909090909090909090909090909090909090909090909090909090909090909090909090909090909
310
09090909090909090909090909090909090909090909090909090909090909090909090909090909090909090909090909090909090909090909090909090909090909090909090909090909090909090909090909090909090909090909090909090909090909090909090909090909090909090909090909090909090909
310
09090909090909090909090909090909090609090909090909090909090909090909090909090909090909090909090909090909090909090909090909090909090909090909090909090909090909090909090909090909090909090909090909090909090909090909090909090909090909090909090909090909090909
310
09090909090909090909090909090909090909090909090909090909090909090909090909090909C90909090909090909090909090909090909090909090909090909090909090909090909090909090909090909090909090909090909090909090909090909090909090909090909090909090909090909090909090909
310
09090909090909090909090909090909090909090909090909090909090909090909090909090909090909090909090909090909090909090909090909090909090909090909090909090909090909090909090909090909090909090909090909090909090909090909090909090909090909090909090909090909090909
310
09090909090909090909090909090909090909090909090909090909090909090909090909090909090909090909090909090909090909090909090909090909090909090909090909090909090909090909090909090909090909090909090909090909090909090909090909090909090909090909090909090909090909
310
09090909090909090909090909090909090909090906090909090909090909090909090909090909090909090909090909090909090909090909090909090909090909090909090909090909090909090909090909090909090909090909090909090909090909090909090909090909090909090909090909090909090909
310
0909090909090909090909090909090909090909090909090909090909090909090909090909090909090909C909090909090909090909090909090909090909090909090909090909090909090909090909090909090909090909090909090909090909090909090909090909090909090909090909090909090909090909
310
09090909090909090909090909090909090909090909090909090909090909090909090909090909090909090909090909090909090909090909090909090909090909090909090909090909090909090909090909090909090909090909090909090909090909090909090909090909090909090909090909090909090909
310
09090909090909090909090909090909090909090909090909090909090909090909090909090909090909090909090909090909090909090909090909090909090909090909090909090909090909090909090909090909090909090909090909090909090909090909090909090909090909090909090909090909090909
310
09090909090909090909090909090909090909090909090909060909090909090909090909090909090909090909090909090909090909090909090909090909090909090909090909090909090909090909090909090909090909090909090909090909090909090909090909090909090909090909090909090909090909
310
090909090909090909090909090909090909090909090909090909090909090909090909090909090909090909090909C9090909090909090909090909090909090909090909090909090909090909090909090909090909090909090909090909090909090909090909090909090909090909090909090909090909090909
310
09090909090909090909090909090909090909090909090909090909090909090909090909090909090909090909090909090909090909090909090909090909090909090909090909090909090909090909090909090909090909090909090909090909090909090909090909090909090909090909090909090909090909
310
09090909090909090909090909090909090909090909090909090909090909090909090909090909090909090909090909090909090909090909090909090909090909090909090909090909090909090909090909090909090909090909090909090909090909090909090909090909090909090909090909090909090909
310
090909090909090909090909090909090909090909090909090909090906090909090909C90909090909090909090909090909090909090909090909090909C9C90909090909090909090909090909090909090909090909090906090909090909090909090909090909090909090909090909090906060909090909090909
310
0909090909090909090909090909090909C90609090909090909090909090909090909090909090909090909C9C9090909090909C90909090909090909090909090909090909090909090909090909090909090909090909090909090909090909090909090909090909090909090909090909090909090909090909090909
310
09090909090909090909090909090909090909090909090909090909090909090909090909090909090909090909090909090909090909090909090909090909090909090909090909090909090909090909090909090909090909090909090909090909090909090909090909090909090909090909090909090909090909
310
09090909090909090909090909090909090909090909090909090909090909090909090909090909090909090909090909090909090909090909090909090909090909090909090909090909090909090909090909090909090909090909090909090909090909090909090909090909090909090909090909090909090909
310
09090909090909090909090909090909090909090909090909090909090909090906090909090909060909090909090909090909090909090909090909090909090909C90909090909090909090909090909090909090909090909090909C9090909090909090909090909090909090909090909090909090906C909090909
310
09090909090909090909090909090909090909090909C9090909090909090909090909090909090909090909090909090906090909090909C909090909090909090909090909090909090909090909090909090909090909090909090909090909090909090909090909090909090909090909090909090909090909090909
310
09090909090909090909090909090909090909090909090909090909090909090909090909090909090909090909090909090909090909090909090909090909090909090909090909090909090909090909090909090909090909090909090909090909090909090909090909090909090909090909090909090909090909
310
09090909090909090909090909090909090909090909090909090909090909090909090909090909090909090909090909090909090909090909090909090909090909090909090909090909090909090909090909090909090909090909090909090909090909090909090909090909090909090909090909090909090909
310
0909090909090909090909090909090909090909090909090909090909090909090909090906090909090909060909090909090909090909090909090909090909090909090909C90909090909090909090909090909090909090909090909090909C9090909090909090909090909090909090909090909090909090906C9
310
0909090909090909090909090909090909090909090909090909C9090909090909090909090909090909090909090909090909090906090909090909C9090909090909090909090909090909090909090909090909090909090909090909090909090909090909090909090909090909090909090909090909090909090909
310
09090909090909090909090909090909090909090909090909090909090909090909090909090909090909090909090909090909090909090909090909090909090909090909090909090909090909090909090909090909090909090909090909090909090909090909090909090909090909090909090909090909090909
310
09090909090909090909090909090909090909090909090909090909090909090909090909090909090909090909090909090909090909090909090909090909090909090909090909090909090909090909090909090909090909090909090909090909090909090909090909090909090909090909090909090909090909
310
090909090909090909090909090909090909090909090909090909090909090909090909090909090906090909090909060909090909090909090909090909090909090909090909090909C90909090909090909090909090909090909090909090909090909C9090909090909090909090909090909090909090909090909
310
090906C90909090909090909090909090909090909090909090909090909C9090909090909090909090909090909090909090909090909090906090909090909C90909090909090909090909090909090909090909090909090909090909090909090909090909090909090909090909090909090909090909090909090909
310
09090909090909090909090909090909090909090909090909090909090909090909090909090909090909090909090909090909090909090909090909090909090909090909090909090909090909090909090909090909090909090909090909090909090909090909090909090909090909090909090909090909090909
310
09090909090909090909090909090909090909090909090909090909090909090909090909090909090909090909090909090909090909090909090909090909090909090909090909090909090909090909090909090909090909090909090909090909090909090909090909090909090909090909090909090909090909
310
09090909090909090909090909090909090909090909090909090909090909090909090909090909090909090906090909090909060909090909090909090909090909090909090909090909090909C90909090909090909090909090909090909090909090909090909C90909090909090909090909090909090909090909
310
09090909090906C90909090909090909090909090909090909090909090909090909C9090909090909090909090909090909090909090909090909090906090909090909C909090909090909090909090909090909090909090909090909090909090909090909090909090909090909090909090909090909090909090909
310
09090909090909090909090909090909090909090909090909090909090909090909090909090909090909090909090909090909090909090909090909090909090909090909090909090909090909090909090909090909090909090909090909090909090909090909090909090909090909090909090909090909090909
310
09090909090909090909090909090909090909090909090909090909090909090909090909090909090909090909090909090909090909090909090909090909090909090909090909090909090909090909090909090909090909090909090909090909090909090909090909090909090909090909090909090909090909
310
0909090909090909090909090909090909090909090909090909090909090909090909090909090909090909090909090906090909090909060909090909090909090909090909090909090909090909090909C90909090909090909090909090909090909090909090909090909C909090909090909090909090909090909
310
0909090909090909090906C90909090909090909090909090909090909090909090909090909C9090909090909090909090909090909090909090909090909090906090909090909C9090909090909090909090909090909090909090909090909090909090909090909090909090909090909090909090909090909090909
310
09090909090909090909090909090909090909090909090909090909090909090909090909090909090909090909090909090909090909090909090909090909090909090909090909090909090909090909090909090909090909090909090909090909090909090909090909090909090909090909090909090909090909
310
09090909090909090909090909090909090909090909090909090909090909090909090909090909090909090909090909090909090909090909090909090909090909090909090909090909090909090909090909090909090909090909090909090909090909090909090909090909090909090909090909090909090909
310
090909090909090909090909090909090909090909090909090909090909090909090909090909090909090909090909090909090906090909090909060909090909090909090909090909090909090909090909090909C90909090909090909090909090909090909090909090909090909C9090909090909090909090909
310
090909090909090909090909090906C90909090909090909090909090909090909090909090909090909C9090909090909090909090909090909090909090909090909090906090909090909C90909090909090909090909090909090909090909090909090909090909090909090909090909090909090909090909090909
310
09090909090909090909090909090909090909090909090909090909090909090909090909090909090909090909090909090909090909090909090909090909090909090909090909090909090909090909090909090909090909090909090909090909090909090909090909090909090909090909090909090909090909
310
09090909090909090909090909090909090909090909090909090909090909090909090909090909090909090909090909090909090909090909090909090909090909090909090909090909090909090909090909090909090909090909090909090909090909090909090909090909090909090909090909090909090909
310
09090909090909090909090909090909090909090909090909090909090909090909090909090909090909090909090909090909090909090906090909090909060909090909090909090909090909090909090909090909090909C90909090909090909090909090909090909090909090909090909C90909090909090909
310
09090909090909090909090909090909090906C90909090909090909090909090909090909090909090909090909C9090909090909090909090909090909090909090909090909090906090909090909C909090909090909090909090909090909090909090909090909090909090909090909090909090909090909090909
310
09090909090909090909090909090909090909090909090909090909090909090909090909090909090909090909090909090909090909090909090909090909090909090909090909090909090909090909090909090909090909090909090909090909090909090909090909090909090909090909090909090909090909
310
09090909090909090909090909090909090909090909090909090909090909090909090909090909090909090909090909090909090909090909090909090909090909090909090909090909090909090909090909090909090909090909090909090909090909090909090909090909090909090909090909090909090909
310
0909090909090909090909090909090909090909090909090909090909090909090909090909090909090909090909090909090909090909090909090906090909090909060909090909090909090909090909090909090909090909090909C90909090909090909090909090909090909090909090909090909C909090909
310
0909090909090909090909090909090909090909090906C90909090909090909090909090909090909090909090909090909C9090909090909090909090909090909090909090909090909090906090909090909C9090909090909090909090909090909090909090909090909090909090909090909090909090909090909
310
09090909090909090909090909090909090909090909090909090909090909090909090909090909090909090909090909090909090909090909090909090909090909090909090909090909090909090909090909090909090909090909090909090909090909090909090909090909090909090909090909090909090909
310
09090909090909090909090909090909090909090909090909090909090909090909090909090909090909090909090909090909090909090909090909090909090909090909090909090909090909090909090909090909090909090909090909090909090909090909090909090909090909090909090909090909090909
310
090909090909090909090909090909090909090909090909090909090909090909090909090909090909090909090909090909090909090909090909090909090906090909090909060909090909090909090909090909090909090909090909090909C90909090909090909090909090909090909090909090909090909C9
310
090909090909090909090909090909090909090909090909090906C90909090909090909090909090909090909090909090909090909C9090909090909090909090909090909090909090909090909090906090909090909C90909090909090909090909090909090909090909090909090909090909090909090909090909
310
09090909090909090909090909090909090909090909090909090909090909090909090909090909090909090909090909090909090909090909090909090909090909090909090909090909090909090909090909090909090909090909090909090909090909090909090909090909090909090909090909090909090909
310
09090909090909090909090909090909090909090909090909090909090909090909090909090909090909090909090909090909090909090909090909090909090909090909090909090909090909090909090909090909090909090909090909090909090909090909090909090909090909090909090909090909090909
310
09090909090909090909090909090909090909090909090909090909090909090909090909090909090909090909090909090909090909090909090909090909090909090906090909090909060909090909090909090909090909090909090909090909090909C90909090909090909090909090909090909090909090909
310
090909C9090909090909090909090909090909090909090909090909090906C90909090909090909090909090909090909090909090909090909C9090909090909090909090909090909090909090909090909090906090909090909C909090909090909090909090909090909090909090909090909090909090909090909
310
09090909090909090909090909090909090909090909090909090909090909090909090909090909090909090909090909090909090909090909090909090909090909090909090909090909090909090909090909090909090909090909090909090909090909090909090909090909090909090909090909090909090909
310
09090909090909090909090909090909090909090909090909090909090909090909090909090909090909090909090909090909090909090909090909090909090909090909090909090909090909090909090909090909090909090909090909090909090909090909090909090909090909090909090909090909090909
310
0909090909090909090909090909090909090909090909090909090909090909090909090909090909090909090909090909090909090909090909090909090909090909090909090906090909090909060909090909090909090909090909090909090909090909090909C909090909090909090909090909090909090909
310
09090909090909C9090909090909090909090909090909090909090909090909090906C90909090909090909090909090909090909090909090909090909C9090909090909090909090909090909090909090909090909090906090909090909C9090909090909090909090909090909090909090909090909090909090909
310
09090909090909090909090909090909090909090909090909090909090909090909090909090909090909090909090909090909090909090909090909090909090909090909090909090909090909090909090909090909090909090909090909090909090909090909090909090909090909090909090909090909090909
310
09090909090909090909090909090909090909090909090909090909090909090909090909090909090909090909090909090909090909090909090909090909090909090909090909090909090909090909090909090909090909090909090909090909090909090909090909090909090909090909090909090909090909
310
090909090909090909090909090909090909090909090909090909090909090909090909090909090909090909090909090909090909090909090909090909090909090909090909090909090906090909090909060909090909090909090909090909090909090909090909090909C9090909090909090909090909090909
310
0909090909090909090909C9090909090909090909090909090909090909090909090909090906C90909090909090909090909090909090909090909090909090909C9090909090909090909090909090909090909090909090909090906090909090909C90909090909090909090909090909090909090909090909090909
310
09090909090909090909090909090909090909090909090909090909090909090909090909090909090909090909090909090909090909090909090909090909090909090909090909090909090909090909090909090909090909090909090909090909090909090909090909090909090909090909090909090909090909
310
09090909090909090909090909090909090909090909090909090909090909090909090909090909090909090909090909090909090909090909090909090909090909090909090909090909090909090909090909090909090909090909090909090909090909090909090909090909090909090909090909090909090909
310
09090909090909090909090909090909090909090909090909090909090909090909090909090909090909090909090909090909090909090909090909090909090909090909090909090909090909090906090909090909C9C909090909090909090909090909090909090909090909090909090609090909090909090909
310
09090909090909090909090909090906C909090909090909090909090909090909090909090909090909C9060909090909090909090909090909090909090909090909090906060909090909090909090909090909090909090909090909090906C9090909090909C909090909090909090909090909090909090909090909
310
09090909090909090909090909090909090909090909090909090909090909090909090909090909090909090909090909090909090909090909090909090909090909090909090909090909090909090909090909090909090909090909090909090909090909090909090909090909090909090909090909090909090909
310
09090909090909090909090909090909090909090909090909090909090909090909090909090909090909090909090909090909090909090909090909090909090909090909090909090909090909090909090909090909090909090909090909090909090909090909090909090909090909090909090909090909090909
310
09090909090909090909090909090909090909090909090909090909090909090909090909090909090909090909090909090909090909090909090909090909090909090909090909090909090909090909090909060909090909090909090909090909090909090909090909090909090909090909090909090909090909
310
090909090909090909090909090909090909090909090909090909090909090909090909090909090909090909090909090909090909090909090909090909090909090909090909090909090909090909090909090909090909090909090909090909090909090909090909C9090909090909090909090909090909090909
310
09090909090909090909090909090909090909090909090909090909090909090909090909090909090909090909090909090909090909090909090909090909090909090909090909090909090909090909090909090909090909090909090909090909090909090909090909090909090909090909090909090909090909
310
09090909090909090909090909090909090909090909090909090909090909090909090909090909090909090909090909090909090909090909090909090909090909090909090909090909090909090909090909090909090909090909090909090909090909090909090909090909090909090909090909090909090909
310
09090909090909090909090909090909090909090909090909090909090909090909090909090909090909090909090909090909090909090909090909090909090909090909090909090909090909090909090909090909090609090909090909090909090909090909090909090909090909090909090909090909090909
310
09090909090909090909090909090909090909090909090909090909090909090909090909090909090909090909090909090909090909090909090909090909090909090909090909090909090909090909090909090909090909090909090909090909090909090909090909090909C90909090909090909090909090909
310
09090909090909090909090909090909090909090909090909090909090909090909090909090909090909090909090909090909090909090909090909090909090909090909090909090909090909090909090909090909090909090909090909090909090909090909090909090909090909090909090909090909090909
310
09090909090909090909090909090909090909090909090909090909090909090909090909090909090909090909090909090909090909090909090909090909090909090909090909090909090909090909090909090909090909090909090909090909090909090909090909090909090909090909090909090909090909
310
09090909090909090909090909090909090909090909090909090909090909090909090909090909090909090909090909090909090909090909090909090909090909090909090909090909090909090909090909090909090909090906090909090909090909090909090909090909090909090909090909090909090909
310
0909090909090909090909090909090909090909090909090909090909090909090909090909090909090909090909090909090909090909090909090909090909090909090909090909090909090909090909090909090909090909090909090909090909090909090909090909090909090909C909090909090909090909
310
09090909090909090909090909090909090909090909090909090909090909090909090909090909090909090909090909090909090909090909090909090909090909090909090909090909090909090909090909090909090909090909090909090909090909090909090909090909090909090909090909090909090909
310
09090909090909090909090909090909090909090909090909090909090909090909090909090909090909090909090909090909090909090909090909090909090909090909090909090909090909090909090909090909090909090909090909090909090909090909090909090909090909090909090909090909090909
310
09090909090909090909090909090909090909090909090909090909090909090909090909090909090909090909090909090909090909090909090909090909090909090909090909090909090909090909090909090909090909090909090909060909090909090609090909090909090909090909090909090909090909
310
09090909C90909090909090909090909090909090909090909090909090909C9090909090909090909090909090909090909090909090909090906C90909090909090909090909090909090909090909090909090909C9090909090909090909090909090909090909090909090909090906090909090909C9090909090909
310
09090909090909090909090909090909090909090909090909090909090909090909090909090909090909090909090909090909090909090909090909090909090909090909090909090909090909090909090909090909090909090909090909090909090909090909090909090909090909090909090909090909090909
310
09090909090909090909090909090909090909090909090909090909090909090909090909090909090909090909090909090909090909090909090909090909090909090909090909090909090909090909090909090909090909090909090909090909090909090909090909090909090909090909090909090909090909
310
09090909090909090909090909090909090909090909090909090909090909090909090909090909090909090909090909090909090909090909090909090909090909090909090909090909090909090909090909090909090909090909090909090909090609090909090906090909090909090909090909090909090909
310
0909090909090909C90909090909090909090909090909090909090909090909090909C9090909090909090909090909090909090909090909090909090906C90909090909090909090909090909090909090909090909090909C9090909090909090909090909090909090909090909090909090906090909090909C90909
310
09090909090909090909090909090909090909090909090909090909090909090909090909090909090909090909090909090909090909090909090909090909090909090909090909090909090909090909090909090909090909090909090909090909090909090909090909090909090909090909090909090909090909
310
09090909090909090909090909090909090909090909090909090909090909090909090909090909090909090909090909090909090909090909090909090909090909090909090909090909090909090909090909090909090909090909090909090909090909090909090909090909090909090909090909090909090909
310
09090909090909090909090909090909090909090909090909090909090909090909090909090909090909090909090909090909090909090909090909090909090909090909090909090909090909090909090909090909090909090909090909090909090909090906090909090909060909090909090909090909090909
310
090909090909090909090909C90909090909090909090909090909090909090909090909090909C9090909090909090909090909090909090909090909090909090906C90909090909090909090909090909090909090909090909090909C90909090909090909090909090909090909090909090909090909060909090909
310
09C90909090909090909090909090909090909090909090909090909090909090909090909090909090909090909090909090909090909090909090909090909090909090909090909090909090909090909090909090909090909090909090909090909090909090909090909090909090909090909090909090909090909
310
09090909090909090909090909090909090909090909090909090909090909090909090909090909090909090909090909090909090909090909090909090909090909090909090909090909090909090909090909090909090909090909090909090909090909090909090909090909090909090909090909090909090909
310
09090909090909090909090909090909090909090909090909090909090909090909090909090909090909090909090909090909090909090909090909090909090909090909090909090909090909090909090909090909090909090909090909090909090909090909090909060909090909090609090909090909090909
310
09090909090909090909090909090909C90909090909090909090909090909090909090909090909090909C9090909090909090909090909090909090909090909090909090906C90909090909090909090909090909090909090909090909090909C909090909090909090909090909090909090909090909090909090609
310
0909090909C909090909090909090909090909090909090909090909090909090909090909090909090909090909090909090909090909090909090909090909090909090909090909090909090909090909090909090909090909090909090909090909090909090909090909090909090909090909090909090909090909
310
09090909090909090909090909090909090909090909090909090909090909090909090909090909090909090909090909090909090909090909090909090909090909090909090909090909090909090909090909090909090909090909090909090909090909090909090909090909090909090909090909090909090909
310
09090909090909090909090909090909090909090909090909090909090909090909090909090909090909090909090909090909090909090909090909090909090909090909090909090909090909090909090909090909090909090909090909090909090909090909090909090909090609090909090906090909090909
310
0909090909090909090909090909090909090909C90909090909090909090909090909090909090909090909090909C9090909090909090909090909090909090909090909090909090906C90909090909090909090909090909090909090909090909090909C9090909090909090909090909090909090909090909090909
310
090906090909090909C9090909090909090909090909090909090909090909090909090909090909090909090909090909090909090909090909090909090909090909090909090909090909090909090909090909090909090909090909090909090909090909090909090909090909090909090909090909090909090909
310
09090909090909090909090909090909090909090909090909090909090909090909090909090909090909090909090909090909090909090909090909090909090909090909090909090909090909090909090909090909090909090909090909090909090909090909090909090909090909090909090909090909090909
310
09090909090909090909090909090909090909090909090909090909090909090909090909090909090909090909090909090909090909090909090909090909090909090909090909090909090909090909090909090909090909090909090909090909090909090909090909090909090909090906090909090909060909
310
090909090909090909090909090909090909090909090909C90909090909090909090909090909090909090909090909090909C9090909090909090909090909090909090909090909090909090906C90909090909090909090909090909090909090909090909090909C90909090909090909090909090909090909090909
310
09090909090906090909090909C90909090909090909090909090909090909090909090909090909090909090909090909090909090909090909090909090909090909090909090909090909090909090909090909090909090909090909090909090909090909090909090909090909090909090909090909090909090909
310
09090909090909090909090909090909090909090909090909090909090909090909090909090909090909090909090909090909090909090909090909090909090909090909090909090909090909090909090909090909090909090909090909090909090909090909090909090909090909090909090909090909090909
310
09090909090909090909090909090909090909090909090909090909090909090909090909090909090909090909090909090909090909090909090909090909090909090909090909090909090909090909090909090909090909090909090909090909090909090909090909090909090909090909090909060909090909
310
09060909090909090909090909090909090909090909090909090909C90909090909090909090909090909090909090909090909090909C9090909090909090909090909090909090909090909090909090906C90909090909090909090909090909090909090909090909090909C909090909090909090909090909090909
310
0909090909090909090906090909090909C909090909090909090909090909090909090909090909090909090909090909090909090909090909090909090909090909090909090909090909090909090909090909090909090909090909090909090909090909090909090909090909090909090909090909090909090909
310
09090909090909090909090909090909090909090909090909090909090909090909090909090909090909090909090909090909090909090909090909090909090909090909090909090909090909090909090909090909090909090909090909090909090909090909090909090909090909090909090909090909090909
310
09090909090909090909090909090909090909090909090909090909090909090909090909090909090909090909090909090909090909090909090909090909090909090909090909090909090909090909090909090909090909090909090909090909090909090909090909090909090909090909090909090909090609
310
0909090909C909C9090909090909090909090909090909090909090909090909060909090909090909090909090909090909090909090909090909090909090909090909090909090909090909090909090909090909C909090909090909090909090909090909090909090909090909090909090909090909090909090909
310
0909090909090909090909090909C9090909090909C9090909090909090909090909090909090909090909090909090909090909090909090909090909090909090909090909090909090909090909090909090909090909090909090909090909090909090909090909090909090909090909090909090909090909090909
310
09090909090909090909090909090909090909090909090909090909090909090909090909090909090909090909090909090909090909090909090909090909090909090909090909090909090909090909090909090909090909090909090909090909090909090909090909090909090909090909090909090909090909
310
09090909090909090909090909090909090909090909090909090909090909090909090909090909090909090909090909090909090909090909090909090909090909090909090909090909090909090909090909090909090909090909090909090909090909090909090909090909090909090909090909090909090909
310
0909060909090909090909090909090909090909090909090909090909090909090909090909060909090909090909090909090909090909090909090909C90909060909090909090909090909090909090909090909090909C909090609090909090909090909090909090909090909090909090609090609090909090909
310
09090909090909090909090909090909060909090909090909C90909090909090909090909090909090909090909090909090909090909090909090909090909090909090909090909090909090909090909090909090909090909090909090909090909090909090909090909090909090909090909090909090909090909
310
09090909090909090909090909090909090909090909090909090909090909090909090909090909090909090909090909090909090909090909090909090909090909090909090909090909090909090909090909090909090909090909090909090909090909090909090909090909090909090909090909090909090909
310
09090909090909090909090909090909090909090909090909090909090909090909090909090909090909090909090909090909090909090909090909090909090909090909090909090909090909090909090909090909090909090909090909090909090909090909090909090909090909090909090909090909090909
310
090909090909060909090909090906090906C9C9C9C9C9C9C9C9090909C9C9C9C9C9C9C9C9C90609090909C906C9C9C9C9C9C9C9C909090909C9C9C9C9C9C9C9C90609090909C906C9C9C9C9C9C9C9C9090909C9C9C9C9C9C9C9C906C909090909C906C9C9C9C9C9C9C9C9090909C9C9C9C9C9C9C9C9C9060909090906C9C9
310
C9C9C9C9C9C9FE090909C9C9C9C9C9C9C9C906C909C909090909090909C909090909090909090909090909090909090909090909090909090909090909090909090909090909090909090909090909090909090909090909090909090909090909090909090909090909090909090909090909090909090909090909090909
310
09090909090909090909090909090909090909090909090909090909090909090909090909090909090909090909090909090909090909090909090909090909090909090909090909090909090909090909090909090909090909090909090909090909090909090909090909090909090909090909090909090909090909
310
09090909090909090909090909090909090909090909090909090909090909090909090909090909090909090909090909090909090909090909090909090909090909090909090909090909090909090909090909090909090909090909090909090909090909090909090909090909090909090909090909090909090909
310
09090909090909090909060909090909090909C909090909090909090909C90909090909090909090909090909090909090909090909090909C9090909090909090909090909090909090909090909090909090909090909090909090909090909090909090909090909090909090909090909090909090909090909090909
310
09090909090909090909090909C909090909090909090909060909090909090909C9090909090909090909090909090909090909090909090909090909090909090909090909090909090909090909090909090909090909090909090909090909090909090909090909090909090909090909090909090909090909090909
310
09090909090909090909090909090909090909090909090909090909090909090909090909090909090909090909090909090909090909090909090909090909090909090909090909090909090909090909090909090909090909090909090909090909090909090909090909090909090909090909090909090909090909
310
09090909090909090909090909090909090909090909090909090909090909090909090909090909090909090909090909090909090909090909090909090909090909090909090909090909090909090909090909090909090909090909090909090909090909090909090909090909090909090909090909090909090909
310
09090909090909090909090909090609090909090909090909090909090909090909090909090909090909090909090909090909090909090909090909090909090909090909090909090909090909090909090909090909090909090909090909090909090909090909090909090909090909090909090909090909090909
310
09090909090909090909090909090909090909090909090909090909090909090909090909C90909090909090909090909090909090909090909090909090909090909090909090909090909090909090909090909090909090909090909090909090909090909090909090909090909090909090909090909090909090909
310
09090909090909090909090909090909090909090909090909090909090909090909090909090909090909090909090909090909090909090909090909090909090909090909090909090909090909090909090909090909090909090909090909090909090909090909090909090909090909090909090909090909090909
310
09090909090909090909090909090909090909090909090909090909090909090909090909090909090909090909090909090909090909090909090909090909090909090909090909090909090909090909090909090909090909090909090909090909090909090909090909090909090909090909090909090909090909
310
09090909090909090909090909090909090906090909090909090909090909090909090909090909090909090909090909090909090909090909090909090909090909090909090909090909090909090909090909090909090909090909090909090909090909090909090909090909090909090909090909090909090909
310
0909090909090909090909090909090909090909090909090909090909090909090909090909090909C909090909090909090909090909090909090909090909090909090909090909090909090909090909090909090909090909090909090909090909090909090909090909090909090909090909090909090909090909
310
09090909090909090909090909090909090909090909090909090909090909090909090909090909090909090909090909090909090909090909090909090909090909090909090909090909090909090909090909090909090909090909090909090909090909090909090909090909090909090909090909090909090909
310
09090909090909090909090909090909090909090909090909090909090909090909090909090909090909090909090909090909090909090909090909090909090909090909090909090909090909090909090909090909090909090909090909090909090909090909090909090909090909090909090909090909090909
310
09090909090909090909090909090909090909090909060909090909090909090909090909090909090909090909090909090909090909090909090909090909090909090909090909090909090909090909090909090909090909090909090909090909090909090909090909090909090909090909090909090909090909
310
090909090909090909090909090909090909090909090909090909090909090909090909090909090909090909C9090909090909090909090909090909090909090909090909090909090909090909090909090909090909090909090909090909090909090909090909090909090909090909090909090909090909090909
310
09090909090909090909090909090909090909090909090909090909090909090909090909090909090909090909090909090909090909090909090909090909090909090909090909090909090909090909090909090909090909090909090909090909090909090909090909090909090909090909090909090909090909
310
09090909090909090909090909090909090909090909090909090909090909090909090909090909090909090909090909090909090909090909090909090909090909090909090909090909090909090909090909090909090909090909090909090909090909090909090909090909090909090909090909090909090909
310
09090909090909090909090909090909090909090909090909090609090909090909090909090909090909090909090909090909090909090909090909090909090909090909090909090909090909090909090909090909090909090909090909090909090909090909090909090909090909090909090909090909090909
310
09090909090909090909090909090909090909090909090909090909090909090909090909090909090909090909090909C90909090909090909090909090909090909090909090909090909090909090909090909090909090909090909090909090909090909090909090909090909090909090909090909090909090909
310
09090909090909090909090909090909090909090909090909090909090909090909090909090909090909090909090909090909090909090909090909090909090909090909090909090909090909090909090909090909090909090909090909090909090909090909090909090909090909090909090909090909090909
310
09090909090909090909090909090909090909090909090909090909090909090909090909090909090909090909090909090909090909090909090909090909090909090909090909090909090909090909090909090909090909090909090909090909090909090909090909090909090909090909090909090909090909
310
09090909090909090909090909090909090909090909090909090909090906090909090909090909090909090909090909090909090909090909090909090909090909090909090909090909090909090909090909090909090909090909090909090909090909090909090909090909090909090909090909090909090909
310
0909090909090909090909090909090909090909090909090909090909090909090909090909090909090909090909090909090909C909090909090909090909090909090909090909090909090909090909090909090909090909090909090909090909090909090909090909090909090909090909090909090909090909
310
09090909090909090909090909090909090909090909090909090909090909090909090909090909090909090909090909090909090909090909090909090909090909090909090909090909090909090909090909090909090909090909090909090909090909090909090909090909090909090909090909090909090909
310
09090909090909090909090909090909090909090909090909090909090909090909090909090909090909090909090909090909090909090909090909090909090909090909090909090909090909090909090909090909090909090909090909090909090909090909090909090909090909090909090909090909090909
310
09090909090909090909090909090909090909090909090909090909090909090909060909090909090909090909090909090909090909090909090909090909090909090909090909090909090909090909090909090909090909090909090909090909090909090909090909090909090909090909090909090909090909
310
090909090909090909090909090909090909090909090909090909090909090909090909090909090909090909090909090909090909090909C9090909090909090909090909090909090909090909090909090909090909090909090909090909090909090909090909090909090909090909090909090909090909090909
310
09090909090909090909090909090909090909090909090909090909090909090909090909090909090909090909090909090909090909090909090909090909090909090909090909090909090909090909090909090909090909090909090909090909090909090909090909090909090909090909090909090909090909
310
09090909090909090909090909090909090909090909090909090909090909090909090909090909090909090909090909090909090909090909090909090909090909090909090909090909090909090909090909090909090909090909090909090909090909090909090909090909090909090909090909090909090909
310
09090909090909090909090909090909090909090909090909090909090909090909090909090609090909090909090909090909090909090909090909090909090909090909090909090909090909090909090909090909090909090909090909090909090909090909090909090909090909090909090909090909090909
310
09090909090909090909090909090909090909090909090909090909090909090909090909090909090909090909090909090909090909090909090909C90909090909090909090909090909090909090909090909090909090909090909090909090909090909090909090909090909090909090909090909090909090909
310
09090909090909090909090909090909090909090909090909090909090909090909090909090909090909090909090909090909090909090909090909090909090909090909090909090909090909090909090909090909090909090909090909090909090909090909090909090909090909090909090909090909090909
310
09090909090909090909090909090909090909090909090909090909090909090909090909090909090909090909090909090909090909090909090909090909090909090909090909090909090909090909090909090909090909090909090909090909090909090909090909090909090909090909090909090909090909
310
09090909090909090909090909090909090909090909090909090909090909090909090909090909090906060606060606060606060606060606060606060606060606060606060606060606060606060606060606060606060606060606060606060606060606060606060606060606060606060606060606060606060606
310
06060606060606060606060606060606060606060606060606060606060606060606060606060606060606060606060606060606060606060606060606060606060609090909090909090909090909090909090909090909090909090909090909090909090909090909090909090909090909090909090909090909090909
310
09090909090909090909090909090909090909090909090909090909090909090909090909090909090909090909090909090909090909090909090909090909090909090909090909090909090909090909090909090909090909090909090909090909090909090909090909090909090909090909090909090909090909
310
09090909090909090909090909090909090909090909090909090909090909090909090909090909090909090909090909090909090909090909090909090909090909090909090909090909090909090909090909090909090909090909090909090909090909090909090909090909090909090909090909090909090909
310
09090909090909090909090909090909090909090909090909090909090909090909090909090909090909090909090909090909090909090909090909090909090909090909090909090909090909090909090909090909090909090909090909090909090909090909090909090909090909090909090909090909090909
310
09090909090909090909090909090909090909090909090909090909090909090909090909090909090909090909090909090909090909090909090909090909090909090909090909090909090909090909090909090909090909090909090909090909090909090909090909090909090909090909090909090909090909
310
09090909090909090909090909090909090909090909090909090909090909090909090909090909090909090909090909090909090909090909090909090909090909090909090909090909090909090909090909090909090909090909090909090909090909090909090909090909090909090909090909090909090909
310
09090909090909090909090909090909090909090909090909090909090909090909090909090909090909090909090909090909090909090909090909090909090909090909090909090909090909090909090909090909090909090909090909090909090909090909090909090909090909090909090909090909090909
310
09090909090909090909090909090909090909090909090909090909090909090909090909090909090909090909090909090909090909090909090909090909090909090909090909090909090909090909090909090909090909090909090909090909090909090909090909090909090909090909090909090909090909
310
09090909090909090909090909090909090909090909090909090909090909090909090909090909090909090909090909090909090909090909090909090909090909090909090909090909090909090909090909090909090909090909090909090909090909090909090909090909090909090909090909090909090909
310
09090909090909090909090909090909090909090909090909090909090909090909090909090909090909090909090909090909090909090909090909090909090909090909090909090909090909090909090909090909090909090909090909090909090909090909090909090909090909090909090909090909090909
310
09090909090909090909090909090909090909090909090909090909090909090909090909090909090909090909090909090909090909090909090909090909090909090909090909090909090909090909090909090909090909090909090909090909090909090909090909090909090909090909090909090909090909
310
09090909090909090909090909090909090909090909090909090909090909090909090909090909090909090909090909090909090909090909090909090909090909090909090909090909090909090909090909090909090909090909090909090909090909090909090909090909090909090909090909090909090909
310
09090909090909090909090909090909090909090909090909090909090909090909090909090909090909090909090909090909090909090909090909090909090909090909090909090909090909090909090909090909090909090909090909090909090909090909090909090909090909090909090909090909090909
310
09090909090909090909090909090909090909090909090909090909090909090909090909090909090909090909090909090909090909090909090909090909090909090909090909090909090909090909090909090909090909090909090909090909090909090909090909090909090909090909090909090909090909
310
09090909090909090909090909090909090909090909090909090909090909090909090909090909090909090909090909090909090909090909090909090909090909090909090909090909090909090909090909090909090909090909090909090909090909090909090909090909090909090909090909090909090909
310
09090909090909090909090909090909090909090909090909090909090909090909090909090909090909090909090909090909090909090909090909090909090909090909090909090909090909090909090909090909090909090909090909090909090909090909090909090909090909090909090909090909090909
310
09090909090909090909090909090909090909090909090909090909090909090909090909090909090909090909090909090909090909090909090909090909090909090909090909090909090909090909090909090909090909090909090909090909090909090909090909090909090909090909090909090909090909
310
09090909090909090909090909090909090909090909090909090909090909090909090909090909090909090909090909090909090909090909090909090909090909090909090909090909090909090909090909090909090909090909090909090909090909090909090909090909090909090909090909090909090909
310
09090909090909090909090909090909090909090909090909090909090909090909090909090909090909090909090909090909090909090909090909090909090909090909090909090909090909090909090909090909090909090909090909090909090909090909090909090909090909090909090909090909090909
310
09090909090909090909090909090909090909090909090909090909090909090909090909090909090909090909090909090909090909090909090909090909090909090909090909090909090909090909090909090909090909090909090909090909090909090909090909090909090909090909090909090909090909
310
09090909090909090909090909090909090909090909090909090909090909090909090909090909090909090909090909090909090909090909090909090909090909090909090909090909090909090909090909090909090909090909090909090909090909090909090909090909090909090909090909090909090909
310
09090909090909090909090909090909090909090909090909090909090909090909090909090909090909090909090909090909090909090909090909090909090909090909090909090909090909090909090909090909090909090909090909090909090909090909090909090909090909090909090909090909090909
310
09090909090909090909090909090909090909090909090909090909090909090909090909090909090909090909090909090909090909090909090909090909090909090909090909090909090909090909090909090909090909090909090909090909090909090909090909090909090909090909090909090909090909
310
09090909090909090909090909090909090909090909090909090909090909090909090909090909090909090909090909090909090909090909090909090909090909090909090909090909090909090909090909090909090909090909090909090909090909090909090909090909090909090909090909090909090909
310
09090909090909090909090909090909090909090909090909090909090909090909090909090909090909090909090909090909090909090909090909090909090909090909090909090909090909090909090909090909090909090909090909090909090909090909090909090909090909090909090909090909090909
310
09090909090909090909090909090909090909090909090909090909090909090909090909090909090909090909090909090909090909090909090909090909090909090909090909090909090909090909090909090909090909090909090909090909090909090909090909090909090909090909090909090909090909
310
09090909090909090909090909090909090909090909090909090909090909090909090909090909090909090909090909090909090909090909090909090909090909090909090909090909090909090909090909090909090909090909090909090909090909090909090909090909090909090909090909090909090909
310
09090909090909090909090909090909090909090909090909090909090909090909090909090909090909090909090909090909090909090909090909090909090909090909090909090909090909090909090909090909090909090909090909090909090909090909090909090909090909090909090909090909090909
310
09090909090909090909090909090909090909090909090909090909090909090909090909090909090909090909090909090909090909090909090909090909090909090909090909090909090909090909090909090909090909090909090909090909090909090909090909090909090909090909090909090909090909
310
09090909090909090909090909090909090909090909090909090909090909090909090909090909090909090909090909090909090909090909090909090909090909090909090909090909090909090909090909090909090909090909090909090909090909090909090909090909090909090909090909090909090909
310
09090909090909090909090909090909090909090909090909090909090909090909090909090909090909090909090909090909090909090909090909090909090909090909090909090909090909090909090909090909090909090909090909090909090909090909090909090909090909090909090909090909090909
310
09090909090909090909090909090909090909090909090909090909090909090909090909090909090909090909090909090909090909090909090909090909090909090909090909090909090909090909090909090909090909090909090909090909090909090909090909090909090909090909090909090909090909
310
09090909090909090909090909090909090909090909090909090909090909090909090909090909090909090909090909090909090909090909090909090909090909090909090909090909090909090909090909090909090909090909090909090909090909090909090909090909090909090909090909090909090909
310
09090909090909090909090909090909090909090909090909090909090909090909090909090909090909090909090909090909090909090909090909090909090909090909090909090909090909090909090909090909090909090909090909090909090909090909090909090909090909090909090909090909090909
310
09090909090909090909090909090909090909090909090909090909090909090909090909090909090909090909090909090909090909090909090909090909090909090909090909090909090909090909090909090909090909090909090909090909090909090909090909090909090909090909090909090909090909
310
09090909090909090909090909090909090909090909090909090909090909090909090909090909090909090909090909090909090909090909090909090909090909090909090909090909090909090909090909090909090909090909090909090909090909090909090909090909090909090909090909090909090909
310
09090909090909090909090909090909090909090909090909090909090909090909090909090909090909090909090909090909090909090909090909090909090909090909090909090909090909090909090909090909090909090909090909090909090909090909090909090909090909090909090909090909090909
310
09090909090909090909090909090909090909090909090909090909090909090909090909090909090909090909090909090909090909090909090909090909090909090909090909090909090909090909090909090909090909090909090909090909090909090909090909090909090909090909090909090909090909
310
09090909090909090909090909090909090909090909090909090909090909090909090909090909090909090909090909090909090909090909090909090909090909090909090909090909090909090909090909090909090909090909090909090909090909090909090909090909090909090909090909090909090909
310
09090909090909090909090909090909090909090909090909090909090909090909090909090909090909090909090909090909090909090909090909090909090909090909090909090909090909090909090909090909090909090909090909090909090909090909090909090909090909090909090909090909090909
310
09090909090909090909090909090909090909090909090909090909090909090909090909090909090909090909090909090909090909090909090909090909090909090909090909090909090909090909090909090909090909090909090909090909090909090909090909090909090909090909090909090909090909
310
09090909090909090909090909090909090909090909090909090909090909090909090909090909090909090909090909090909090909090909090909090909090909090909090909090909090909090909090909090909090909090909090909090909090909090909090909090909090909090909090909090909090909
310
09090909090909090909090909090909090909090909090909090909090909090909090909090909090909090909090909090909090909090909090909090909090909090909090909090909090909090909090909090909090909090909090909090909090909090909090909090909090909090909090909090909090909
310
09090909090909090909090909090909090909090909090909090909090909090909090909090909090909090909090909090909090909090909090909090909090909090909090909090909090909090909090909090909090909090909090909090909090909090909090909090909090909090909090909090909090909
310
09090909090909090909090909090909090909090909090909090909090909090909090909090909090909090909090909090909090909090909090909090909090909090909090909090909090909090909090909090909090909090909090909090909090909090909090909090909090909090909090909090909090909
310
09090909090909090909090909090909090909090909090909090909090909090909090909090909090909090909090909090909090909090909090909090909090909090909090909090909090909090909090909090909090909090909090909090909090909090909090909090909090909090909090909090909090909
310
09090909090909090909090909090909090909090909090909090909090909090909090909090909090909090909090909090909090909090909090909090909090909090909090909090909090909090909090909090909090909090909090909090909090909090909090909090909090909090909090909090909090909
310
09090909090909090909090909090909090909090909090909090909090909090909090909090909090909090909090909090909090909090909090909090909090909090909090909090909090909090909090909090909090909090909090909090909090909090909090909090909090909090909090909090909090909
310
09090909090909090909090909090909090909090909090909090909090909090909090909090909090909090909090909090909090909090909090909090909090909090909090909090909090909090909090909090909090909090909090909090909090909090909090909090909090909090909090909090909090909
310
09090909090909090909090909090909090909090909090909090909090909090909090909090909090909090909090909090909090909090909090909090909090909090909090909090909090909090909090909090909090909090909090909090909090909090909090909090909090909090909090909090909090909
310
09090909090909090909090909090909090909090909090909090909090909090909090909090909090909090909090909090909090909090909090909090909090909090909090909090909090909090909090909090909090909090909090909090909090909090909090909090909090909090909090909090909090909
310
09090909090909090909090909090909090909090909090909090909090909090909090909090909090909090909090909090909090909090909090909090909090909090909090909090909090909090909090909090909090909090909090909090909090909090909090909090909090909090909090909090909090909
310
09090909090909090909090909090909090909090909090909090909090909090909090909090909090909090909090909090909090909090909090909090909090909090909090909090909090909090909090909090909090909090909090909090909090909090909090909090909090909090909090909090909090909
310
09090909090909090909090909090909090909090909090909090909090909090909090909090909090909090909090909090909090909090909090909090909090909090909090909090909090909090909090909090909090909090909090909090909090909090909090909090909090909090909090909090909090909
310
09090909090909090909090909090909090909090909090909090909090909090909090909090909090909090909090909090909090909090909090909090909090909090909090909090909090909090909090909090909090909090909090909090909090909090909090909090909090909090909090909090909090909
310
09090909090909090909090909090909090909090909090909090909090909090909090909090909090909090909090909090909090909090909090909090909090909090909090909090909090909090909090909090909090909090909090909090909090909090909090909090909090909090909090909090909090909
310
09090909090909090909090909090909090909090909090909090909090909090909090909090909090909090909090909090909090909090909090909090909090909090909090909090909090909090909090909090909090909090909090909090909090909090909090909090909090909090909090909090909090909
310
09090909090909090909090909090909090909090909090909090909090909090909090909090909090909090909090909090909090909090909090909090909090909090909090909090909090909090909090909090909090909090909090909090909090909090909090909090909090909090909090909090909090909
310
09090909090909090909090909090909090909090909090909090909090909090909090909090909090909090909090909090909090909090909090909090909090909090909090909090909090909090909090909090909090909090909090909090909090909090909090909090909090909090909090909090909090909
310
09090909090909090909090909090909090909090909090909090909090909090909090909090909090909090909090909090909090909090909090909090909090909090909090909090909090909090909090909090909090909090909090909090909090909090909090909090909090909090909090909090909090909
310
09090909090909090909090909090909090909090909090909090909090909090909090909090909090909090909090909090909090909090909090909090909090909090909090909090909090909090909090909090909090909090909090909090909090909090909090909090909090909090909090909090909090909
310
09090909090909090909090909090909090909090909090909090909090909090909090909090909090909090909090909090909090909090909090909090909090909090909090909090909090909090909090909090909090909090909090909090909090909090909090909090909090909090909090909090909090909
310
09090909090909090909090909090909090909090909090909090909090909090909090909090909090909090909090909090909090909090909090909090909090909090909090909090909090909090909090909090909090909090909090909090909090909090909090909090909090909090909090909090909090909
310
09090909090909090909090909090909090909090909090909090909090909090909090909090909090909090909090909090909090909090909090909090909090909090909090909090909090909090909090909090909090909090909090909090909090909090909090909090909090909090909090909090909090909
310
09090909090909090909090909090909090909090909090909090909090909090909090909090909090909090909090909090909090909090909090909090909090909090909090909090909090909090909090909090909090909090909090909090909090909090909090909090909090909090909090909090909090909
310
09090909090909090909090909090909090909090909090909090909090909090909090909090909090909090909090909090909090909090909090909090909090909090909090909090909090909090909090909090909090909090909090909090909090909090909090909090909090909090909090909090909090909
310
09090909090909090909090909090909090909090909090909090909090909090909090909090909090909090909090909090909090909090909090909090909090909090909090909090909090909090909090909090909090909090909090909090909090909090909090909090909090909090909090909090909090909
310
09090909090909090909090909090909090909090909090909090909090909090909090909090909090909090909090909090909090909090909090909090909090909090909090909090909090909090909090909090909090909090909090909090909090909090909090909090909090909090909090909090909090909
310
09090909090909090909090909090909090909090909090909090909090909090909090909090909090909090909090909090909090909090909090909090909090909090909090909090909090909090909090909090909090909090909090909090909090909090909090909090909090909090909090909090909090909
310
09090909090909090909090909090909090909090909090909090909090909090909090909090909090909090909090909090909090909090909090909090909090909090909090909090909090909090909090909090909090909090909090909090909090909090909090909090909090909090909090909090909090909
310
09090909090909090909090909090909090909090909090909090909090909090909090909090909090909090909090909090909090909090909090909090909090909090909090909090909090909090909090909090909090909090909090909090909090909090909090909090909090909090909090909090909090909
310
09090909090909090909090909090909090909090909090909090909090909090909090909090909090909090909090909090909090909090909090909090909090909090909090909090909090909090909090909090909090909090909090909090909090909090909090909090909090909090909090909090909090909
310
09090909090909090909090909090909090909090909090909090909090909090909090909090909090909090909090909090909090909090909090909090909090909090909090909090909090909090909090909090909090909090909090909090909090909090909090909090909090909090909090909090909090909
310
09090909090909090909090909090909090909090909090909090909090909090909090909090909090909090909090909090909090909090909090909090909090909090909090909090909090909090909090909090909090909090909090909090909090909090909090909090909090909090909090909090909090909
310
09090909090909090909090909090909090909090909090909090909090909090909090909090909090909090909090909090909090909090909090909090909090909090909090909090909090909090909090909090909090909090909090909090909090909090909090909090909090909090909090909090909090909
310
09090909090909090909090909090909090909090909090909090909090909090909090909090909090909090909090909090909090909090909090909090909090909090909090909090909090909090909090909090909090909090909090909090909090909090909090909090909090909090909090909090909090909
310
09090909090909090909090909090909090909090909090909090909090909090909090909090909090909090909090909090909090909090909090909090909090909090909090909090909090909090909090909090909090909090909090909090909090909090909090909090909090909090909090909090909090909
310
09090909090909090909090909090909090909090909090909090909090909090909090909090909090909090909090909090909090909090909090909090909090909090909090909090909090909090909090909090909090909090909090909090909090909090909090909090909090909090909090909090909090909
310
09090909090909090909090909090909090909090909090909090909090909090909090909090909090909090909090909090909090909090909090909090909090909090909090909090909090909090909090909090909090909090909090909090909090909090909090909090909090909090909090909090909090909
310
09090909090909090909090909090909090909090909090909090909090909090909090909090909090909090909090909090909090909090909090909090909090909090909090909090909090909090909090909090909090909090909090909090909090909090909090909090909090909090909090909090909090909
310
09090909090909090909090909090909090909090909090909090909090909090909090909090909090909090909090909090909090909090909090909090909090909090909090909090909090909090909090909090909090909090909090909090909090909090909090909090909090909090909090909090909090909
310
09090909090909090909090909090909090909090909090909090909090909090909090909090909090909090909090909090909090909090909090909090909090909090909090909090909090909090909090909090909090909090909090909090909090909090909090909090909090909090909090909090909090909
310
09090909090909090909090909090909090909090909090909090909090909090909090909090909090909090909090909090909090909090909090909090909090909090909090909090909090909090909090909090909090909090909090909090909090909090909090909090909090909090909090909090909090909
310
09090909090909090909090909090909090909090909090909090909090909090909090909090909090909090909090909090909090909090909090909090909090909090909090909090909090909090909090909090909090909090909090909090909090909090909090909090909090909090909090909090909090909
310
09090909090909090909090909090909090909090909090909090909090909090909090909090909090909090909090909090909090909090909090909090909090909090909090909090909090909090909090909090909090909090909090909090909090909090909090909090909090909090909090909090909090909
310
09090909090909090909090909090909090909090909090909090909090909090909090909090909090909090909090909090909090909090909090909090909090909090909090909090909090909090909090909090909090909090909090909090909090909090909090909090909090909090909090909090909090909
310
09090909090909090909090909090909090909090909090909090909090909090909090909090909090909090909090909090909090909090909090909090909090909090909090909090909090909090909090909090909090909090909090909090909090909090909090909090909090909090909090909090909090909
310
09090909090909090909090909090909090909090909090909090909090909090909090909090909090909090909090909090909090909090909090909090909090909090909090909090909090909090909090909090909090909090909090909090909090909090909090909090909090909090909090909090909090909
310
09090909090909090909090909090909090909090909090909090909090909090909090909090909090909090909090909090909090909090909090909090909090909090909090909090909090909090909090909090909090909090909090909090909090909090909090909090909090909090909090909090909090909
310
09090909090909090909090909090909090909090909090909090909090909090909090909090909090909090909090909090909090909090909090909090909090909090909090909090909090909090909090909090909090909090909090909090909090909090909090909090909090909090909090909090909090909
310
09090909090909090909090909090909090909090909090909090909090909090909090909090909090909090909090909090909090909090909090909090909090909090909090909090909090909090909090909090909090909090909090909090909090909090909090909090909090909090909090909090909090909
310
09090909090909090909090909090909090909090909090909090909090909090909090909090909090909090909090909090909090909090909090909090909090909090909090909090909090909090909090909090909090909090909090909090909090909090909090909090909090909090909090909090909090909
310
09090909090909090909090909090909090909090909090909090909090909090909090909090909090909090909090909090909090909090909090909090909090909090909090909090909090909090909090909090909090909090909090909090909090909090909090909090909090909090909090909090909090909
310
09090909090909090909090909090909090909090909090909090909090909090909090909090909090909090909090909090909090909090909090909090909090909090909090909090909090909090909090909090909090909090909090909090909090909090909090909090909090909090909090909090909090909
310
09090909090909090909090909090909090909090909090909090909090909090909090909090909090909090909090909090909090909090909090909090909090909090909090909090909090909090909090909090909090909090909090909090909090909090909090909090909090909090909090909090909090909
310
09090909090909090909090909090909090909090909090909090909090909090909090909090909090909090909090909090909090909090909090909090909090909090909090909090909090909090909090909090909090909090909090909090909090909090909090909090909090909090909090909090909090909
310
09090909090909090909090909090909090909090909090909090909090909090909090909090909090909090909090909090909090909090909090909090909090909090909090909090909090909090909090909090909090909090909090909090909090909090909090909090909090909090909090909090909090909
310
09090909090909090909090909090909090909090909090909090909090909090909090909090909090909090909090909090909090909090909090909090909090909090909090909090909090909090909090909090909090909090909090909090909090909090909090909090909090909090909090909090909090909
310
09090909090909090909090909090909090909090909090909090909090909090909090909090909090909090909090909090909090909090909090909090909090909090909090909090909090909090909090909090909090909090909090909090909090909090909090909090909090909090909090909090909090909
310
09090909090909090909090909090909090909090909090909090909090909090909090909090909090909090909090909090909090909090909090909090909090909090909090909090909090909090909090909090909090909090909090909090909090909090909090909090909090909090909090909090909090909
310
09090909090909090909090909090909090909090909090909090909090909090909090909090909090909090909090909090909090909090909090909090909090909090909090909090909090909090909090909090909090909090909090909090909090909090909090909090909090909090909090909090909090909
310
09090909090909090909090909090909090909090909090909090909090909090909090909090909090909090909090909090909090909090909090909090909090909090909090909090909090909090909090909090909090909090909090909090909090909090909090909090909090909090909090909090909090909
310
09090909090909090909090909090909090909090909090909090909090909090909090909090909090909090909090909090909090909090909090909090909090909090909090909090909090909090909090909090909090909090909090909090909090909090909090909090909090909090909090909090909090909
310
09090909090909090909090909090909090909090909090909090909090909090909090909090909090909090909090909090909090909090909090909090909090909090909090909090909090909090909090909090909090909090909090909090909090909090909090909090909090909090909090909090909090909
310
09090909090909090909090909090909090909090909090909090909090909090909090909090909090909090909090909090909090909090909090909090909090909090909090909090909090909090909090909090909090909090909090909090909090909090909090909090909090909090909090909090909090909
310
09090909090909090909090909090909090909090909090909090909090909090909090909090909090909090909090909090909090909090909090909090909090909090909090909090909090909090909090909090909090909090909090909090909090909090909090909090909090909090909090909090909090909
310
09090909090909090909090909090909090909090909090909090909090909090909090909090909090909090909090909090909090909090909090909090909090909090909090909090909090909090909090909090909090909090909090909090909090909090909090909090909090909090909090909090909090909
310
09090909090909090909090909090909090909090909090909090909090909090909090909090909090909090909090909090909090909090909090909090909090909090909090909090909090909090909090909090909090909090909090909090909090909090909090909090909090909090909090909090909090909
310
09090909090909090909090909090909090909090909090909090909090909090909090909090909090909090909090909090909090909090909090909090909090909090909090909090909090909090909090909090909090909090909090909090909090909090909090909090909090909090909090909090909090909
310
09090909090909090909090909090909090909090909090909090909090909090909090909090909090909090909090909090909090909090909090909090909090909090909090909090909090909090909090909090909090909090909090909090909090909090909090909090909090909090909090909090909090909
310
09090909090909090909090909090909090909090909090909090909090909090909090909090909090909090909090909090909090909090909090909090909090909090909090909090909090909090909090909090909090909090909090909090909090909090909090909090909090909090909090909090909090909
310
09090909090909090909090909090909090909090909090909090909090909090909090909090909090909090909090909090909090909090909090909090909090909090909090909090909090909090909090909090909090909090909090909090909090909090909090909090909090909090909090909090909090909
310
09090909090909090909090909090909090909090909090909090909090909090909090909090909090909090909090909090909090909090909090909090909090909090909090909090909090909090909090909090909090909090909090909090909090909090909090909090909090909090909090909090909090909
310
09090909090909090909090909090909090909090909090909090909090909090909090909090909090909090909090909090909090909090909090909090909090909090909090909090909090909090909090909090909090909090909090909090909090909090909090909090909090909090909090909090909090909
310
09090909090909090909090909090909090909090909090909090909090909090909090909090909090909090909090909090909090909090909090909090909090909090909090909090909090909090909090909090909090909090909090909090909090909090909090909090909090909090909090909090909090909
310
09090909090909090909090909090909090909090909090909090909090909090909090909090909090909090909090909090909090909090909090909090909090909090909090909090909090909090909090909090909090909090909090909090909090909090909090909090909090909090909090909090909090909
310
09090909090909090909090909090909090909090909090909090909090909090909090909090909090909090909090909090909090909090909090909090909090909090909090909090909090909090909090909090909090909090909090909090909090909090909090909090909090909090909090909090909090909
310
09090909090909090909090909090909090909090909090909090909090909090909090909090909090909090909090909090909090909090909090909090909090909090909090909090909090909090909090909090909090909090909090909090909090909090909090909090909090909090909090909090909090909
310
09090909090909090909090909090909090909090909090909090909090909090909090909090909090909090909090909090909090909090909090909090909090909090909090909090909090909090909090909090909090909090909090909090909090909090909090909090909090909090909090909090909090909
310
09090909090909090909090909090909090909090909090909090909090909090909090909090909090909090909090909090909090909090909090909090909090909090909090909090909090909090909090909090909090909090909090909090909090909090909090909090909090909090909090909090909090909
310
09090909090909090909090909090909090909090909090909090909090909090909090909090909090909090909090909090909090909090909090909090909090909090909090909090909090909090909090909090909090909090909090909090909090909090909090909090909090909090909090909090909090909
310
09090909090909090909090909090909090909090909090909090909090909090909090909090909090909090909090909090909090909090909090909090909090909090909090909090909090909090909090909090909090909090909090909090909090909090909090909090909090909090909090909090909090909
310
09090909090909090909090909090909090909090909090909090909090909090909090909090909090909090909090909090909090909090909090909090909090909090909090909090909090909090909090909090909090909090909090909090909090909090909090909090909090909090909090909090909090909
310
09090909090909090909090909090909090909090909090909090909090909090909090909090909090909090909090909090909090909090909090909090909090909090909090909090909090909090909090909090909090909090909090909090909090909090909090909090909090909090909090909090909090909
310
09090909090909090909090909090909090909090909090909090909090909090909090909090909090909090909090909090909090909090909090909090909090909090909090909090909090909090909090909090909090909090909090909090909090909090909090909090909090909090909090909090909090909
310
09090909090909090909090909090909090909090909090909090909090909090909090909090909090909090909090909090909090909090909090909090909090909090909090909090909090909090909090909090909090909090909090909090909090909090909090909090909090909090909090909090909090909
310
09090909090909090909090909090909090909090909090909090909090909090909090909090909090909090909090909090909090909090909090909090909090909090909090909090909090909090909090909090909090909090909090909090909090909090909090909090909090909090909090909090909090909
310
09090909090909090909090909090909090909090909090909090909090909090909090909090909090909090909090909090909090909090909090909090909090909090909090909090909090909090909090909090909090909090909090909090909090909090909090909090909090909090909090909090909090909
310
09090909090909090909090909090909090909090909090909090909090909090909090909090909090909090909090909090909090909090909090909090909090909090909090909090909090909090909090909090909090909090909090909090909090909090909090909090909090909090909090909090909090909
310
09090909090909090909090909090909090909090909090909090909090909090909090909090909090909090909090909090909090909090909090909090909090909090909090909090909090909090909090909090909090909090909090909090909090909090909090909090909090909090909090909090909090909
310
09090909090909090909090909090909090909090909090909090909090909090909090909090909090909090909090909090909090909090909090909090909090909090909090909090909090909090909090909090909090909090909090909090909090909090909090909090909090909090909090909090909090909
310
09090909090909090909090909090909090909090909090909090909090909090909090909090909090909090909090909090909090909090909090909090909090909090909090909090909090909090909090909090909090909090909090909090909090909090909090909090909090909090909090909090909090909
310
09090909090909090909090909090909090909090909090909090909090909090909090909090909090909090909090909090909090909090909090909090909090909090909090909090909090909090909090909090909090909090909090909090909090909090909090909090909090909090909090909090909090909
310
09090909090909090909090909090909090909090909090909090909090909090909090909090909090909090909090909090909090909090909090909090909090909090909090909090909090909090909090909090909090909090909090909090909090909090909090909090909090909090909090909090909090909
310
09090909090909090909090909090909090909090909090909090909090909090909090909090909090909090909090909090909090909090909090909090909090909090909090909090909090909090909090909090909090909090909090909090909090909090909090909090909090909090909090909090909090909
310
09090909090909090909090909090909090909090909090909090909090909090909090909090909090909090909090909090909090909090909090909090909090909090909090909090909090909090909090909090909090909090909090909090909090909090909090909090909090909090909090909090909090909
310
09090909090909090909090909090909090909090909090909090909090909090909090909090909090909090909090909090909090909090909090909090909090909090909090909090909090909090909090909090909090909090909090909090909090909090909090909090909090909090909090909090909090909
310
09090909090909090909090909090909090909090909090909090909090909090909090909090909090909090909090909090909090909090909090909090909090909090909090909090909090909090909090909090909090909090909090909090909090909090909090909090909090909090909090909090909090909
310
09090909090909090909090909090909090909090909090909090909090909090909090909090909090909090909090909090909090909090909090909090909090909090909090909090909090909090909090909090909090909090909090909090909090909090909090909090909090909090909090909090909090909
310
09090909090909090909090909090909090909090909090909090909090909090909090909090909090909090909090909090909090909090909090909090909090909090909090909090909090909090909090909090909090909090909090909090909090909090909090909090909090909090909090909090909090909
310
09090909090909090909090909090909090909090909090909090909090909090909090909090909090909090909090909090909090909090909090909090909090909090909090909090909090909090909090909090909090909090909090909090909090909090909090909090909090909090909090909090909090909
310
09090909090909090909090909090909090909090909090909090909090909090909090909090909090909090909090909090909090909090909090909090909090909090909090909090909090909090909090909090909090909090909090909090909090909090909090909090909090909090909090909090909090909
310
09090909090909090909090909090909090909090909090909090909090909090909090909090909090909090909090909090909090909090909090909090909090909090909090909090909090909090909090909090909090909090909090909090909090909090909090909090909090909090909090909090909090909
310
09090909090909090909090909090909090909090909090909090909090909090909090909090909090909090909090909090909090909090909090909090909090909090909090909090909090909090909090909090909090909090909090909090909090909090909090909090909090909090909090909090909090909
310
09090909090909090909090909090909090909090909090909090909090909090909090909090909090909090909090909090909090909090909090909090909090909090909090909090909090909090909090909090909090909090909090909090909090909090909090909090909090909090909090909090909090909
310
09090909090909090909090909090909090909090909090909090909090909090909090909090909090909090909090909090909090909090909090909090909090909090909090909090909090909090909090909090909090909090909090909090909090909090909090909090909090909090909090909090909090909
310
09090909090909090909090909090909090909090909090909090909090909090909090909090909090909090909090909090909090909090909090909090909090909090909090909090909090909090909090909090909090909090909090909090909090909090909090909090909090909090909090909090909090909
310
09090909090909090909090909090909090909090909090909090909090909090909090909090909090909090909090909090909090909090909090909090909090909090909090909090909090909090909090909090909090909090909090909090909090909090909090909090909090909090909090909090909090909
310
09090909090909090909090909090909090909090909090909090909090909090909090909090909090909090909090909090909090909090909090909090909090909090909090909090909090909090909090909090909090909090909090909090909090909090909090909090909090909090909090909090909090909
310
09090909090909090909090909090909090909090909090909090909090909090909090909090909090909090909090909090909090909090909090909090909090909090909090909090909090909090909090909090909090909090909090909090909090909090909090909090909090909090909090909090909090909
310
09090909090909090909090909090909090909090909090909090909090909090909090909090909090909090909090909090909090909090909090909090909090909090909090909090909090909090909090909090909090909090909090909090909090909090909090909090909090909090909090909090909090909
310
09090909090909090909090909090909090909090909090909090909090909090909090909090909090909090909090909090909090909090909090909090909090909090909090909090909090909090909090909090909090909090909090909090909090909090909090909090909090909090909090909090909090909
310
09090909090909090909090909090909090909090909090909090909090909090909090909090909090909090909090909090909090909090909090909090909090909090909090909090909090909090909090909090909090909090909090909090909090909090909090909090909090909090909090909090909090909
310
09090909090909090909090909090909090909090909090909090909090909090909090909090909090909090909090909090909090909090909090909090909090909090909090909090909090909090909090909090909090909090909090909090909090909090909090909090909090909090909090909090909090909
310
09090909090909090909090909090909090909090909090909090909090909090909090909090909090909090909090909090909090909090909090909090909090909090909090909090909090909090909090909090909090909090909090909090909090909090909090909090909090909090909090909090909090909
310
09090909090909090909090909090909090909090909090909090909090909090909090909090909090909090909090909090909090909090909090909090909090909090909090909090909090909090909090909090909090909090909090909090909090909090909090909090909090909090909090909090909090909
310
09090909090909090909090909090909090909090909090909090909090909090909090909090909090909090909090909090909090909090909090909090909090909090909090909090909090909090909090909090909090909090909090909090909090909090909090909090909090909090909090909090909090909
310
09090909090909090909090909090909090909090909090909090909090909090909090909090909090909090909090909090909090909090909090909090909090909090909090909090909090909090909090909090909090909090909090909090909090909090909090909090909090909090909090909090909090909
310
09090909090909090909090909090909090909090909090909090909090909090909090909090909090909090909090909090909090909090909090909090909090909090909090909090909090909090909090909090909090909090909090909090909090909090909090909090909090909090909090909090909090909
310
09090909090909090909090909090909090909090909090909090909090909090909090909090909090909090909090909090909090909090909090909090909090909090909090909090909090909090909090909090909090909090909090909090909090909090909090909090909090909090909090909090909090909
310
09090909090909090909090909090909090909090909090909090909090909090909090909090909090909090909090909090909090909090909090909090909090909090909090909090909090909090909090909090909090909090909090909090909090909090909090909090909090909090909090909090909090909
310
09090909090909090909090909090909090909090909090909090909090909090909090909090909090909090909090909090909090909090909090909090909090909090909090909090909090909090909090909090909090909090909090909090909090909090909090909090909090909090909090909090909090909
310
09090909090909090909090909090909090909090909090909090909090909090909090909090909090909090909090909090909090909090909090909090909090909090909090909090909090909090909090909090909090909090909090909090909090909090909090909090909090909090909090909090909090909
310
09090909090909090909090909090909090909090909090909090909090909090909090909090909090909090909090909090909090909090909090909090909090909090909090909090909090909090909090909090909090909090909090909090909090909090909090909090909090909090909090909090909090909
310
09090909090909090909090909090909090909090909090909090909090909090909090909090909090909090909090909090909090909090909090909090909090909090909090909090909090909090909090909090909090909090909090909090909090909090909090909090909090909090909090909090909090909
310
09090909090909090909090909090909090909090909090909090909090909090909090909090909090909090909090909090909090909090909090909090909090909090909090909090909090909090909090909090909090909090909090909090909090909090909090909090909090909090909090909090909090909
310
09090909090909090909090909090909090909090909090909090909090909090909090909090909090909090909090909090909090909090909090909090909090909090909090909090909090909090909090909090909090909090909090909090909090909090909090909090909090909090909090909090909090909
310
09090909090909090909090909090909090909090909090909090909090909090909090909090909090909090909090909090909090909090909090909090909090909090909090909090909090909090909090909090909090909090909090909090909090909090909090909090909090909090909090909090909090909
310
09090909090909090909090909090909090909090909090909090909090909090909090909090909090909090909090909090909090909090909090909090909090909090909090909090909090909090909090909090909090909090909090909090909090909090909090909090909090909090909090909090909090909
310
09090909090909090909090909090909090909090909090909090909090909090909090909090909090909090909090909090909090909090909090909090909090909090909090909090909090909090909090909090909090909090909090909090909090909090909090909090909090909090909090909090909090909
310
09090909090909090909090909090909090909090909090909090909090909090909090909090909090909090909090909090909090909090909090909090909090909090909090909090909090909090909090909090909090909090909090909090909090909090909090909090909090909090909090909090909090909
310
09090909090909090909090909090909090909090909090909090909090909090909090909090909090909090909090909090909090909090909090909090909090909090909090909090909090909090909090909090909090909090909090909090909090909090909090909090909090909090909090909090909090909
310
09090909090909090909090909090909090909090909090909090909090909090909090909090909090909090909090909090909090909090909090909090909090909090909090909090909090909090909090909090909090909090909090909090909090909090909090909090909090909090909090909090909090909
310
09090909090909090909090909090909090909090909090909090909090909090909090909090909090909090909090909090909090909090909090909090909090909090909090909090909090909090909090909090909090909090909090909090909090909090909090909090909090909090909090909090909090909
310
09090909090909090909090909090909090909090909090909090909090909090909090909090909090909090909090909090909090909090909090909090909090909090909090909090909090909090909090909090909090909090909090909090909090909090909090909090909090909090909090909090909090909
310
09090909090909090909090909090909090909090909090909090909090909090909090909090909090909090909090909090909090909090909090909090909090909090909090909090909090909090909090909090909090909090909090909090909090909090909090909090909090909090909090909090909090909
310
09090909090909090909090909090909090909090909090909090909090909090909090909090909090909090909090909090909090909090909090909090909090909090909090909090909090909090909090909090909090909090909090909090909090909090909090909090909090909090909090909090909090909
310
09090909090909090909090909090909090909090909090909090909090909090909090909090909090909090909090909090909090909090909090909090909090909090909090909090909090909090909090909090909090909090909090909090909090909090909090909090909090909090909090909090909090909
310
09090909090909090909090909090909090909090909090909090909090909090909090909090909090909090909090909090909090909090909090909090909090909090909090909090909090909090909090909090909090909090909090909090909090909090909090909090909090909090909090909090909090909
310
09090909090909090909090909090909090909090909090909090909090909090909090909090909090909090909090909090909090909090909090909090909090909090909090909090909090909090909090909090909090909090909090909090909090909090909090909090909090909090909090909090909090909
310
09090909090909090909090909090909090909090909090909090909090909090909090909090909090909090909090909090909090909090909090909090909090909090909090909090909090909090909090909090909090909090909090909090909090909090909090909090909090909090909090909090909090909
310
09090909090909090909090909090909090909090909090909090909090909090909090909090909090909090909090909090909090909090909090909090909090909090909090909090909090909090909090909090909090909090909090909090909090909090909090909090909090909090909090909090909090909
310
09090909090909090909090909090909090909090909090909090909090909090909090909090909090909090909090909090909090909090909090909090909090909090909090909090909090909090909090909090909090909090909090909090909090909090909090909090909090909090909090909090909090909
310
09090909090909090909090909090909090909090909090909090909090909090909090909090909090909090909090909090909090909090909090909090909090909090909090909090909090909090909090909090909090909090909090909090909090909090909090909090909090909090909090909090909090909
310
09090909090909090909090909090909090909090909090909090909090909090909090909090909090909090909090909090909090909090909090909090909090909090909090909090909090909090909090909090909090909090909090909090909090909090909090909090909090909090909090909090909090909
310
09090909090909090909090909090909090909090909090909090909090909090909090909090909090909090909090909090909090909090909090909090909090909090909090909090909090909090909090909090909090909090909090909090909090909090909090909090909090909090909090909090909090909
310
09090909090909090909090909090909090909090909090909090909090909090909090909090909090909090909090909090909090909090909090909090909090909090909090909090909090909090909090909090909090909090909090909090909090909090909090909090909090909090909090909090909090909
310
09090909090909090909090909090909090909090909090909090909090909090909090909090909090909090909090909090909090909090909090909090909090909090909090909090909090909090909090909090909090909090909090909090909090909090909090909090909090909090909090909090909090909
310
09090909090909090909090909090909090909090909090909090909090909090909090909090909090909090909090909090909090909090909090909090909090909090909090909090909090909090909090909090909090909090909090909090909090909090909090909090909090909090909090909090909090909
310
09090909090909090909090909090909090909090909090909090909090909090909090909090909090909090909090909090909090909090909090909090909090909090909090909090909090909090909090909090909090909090909090909090909090909090909090909090909090909090909090909090909090909
310
09090909090909090909090909090909090909090909090909090909090909090909090909090909090909090909090909090909090909090909090909090909090909090909090909090909090909090909090909090909090909090909090909090909090909090909090909090909090909090909090909090909090909
310
09090909090909090909090909090909090909090909090909090909090909090909090909090909090909090909090909090909090909090909090909090909090909090909090909090909090909090909090909090909090909090909090909090909090909090909090909090909090909090909090909090909090909
310
09090909090909090909090909090909090909090909090909090909090909090909090909090909090909090909090909090909090909090909090909090909090909090909090909090909090909090909090909090909090909090909090909090909090909090909090909090909090909090909090909090909090909
310
09090909090909090909090909090909090909090909090909090909090909090909090909090909090909090909090909090909090909090909090909090909090909090909090909090909090909090909090909090909090909090909090909090909090909090909090909090909090909090909090909090909090909
310
09090909090909090909090909090909090909090909090909090909090909090909090909090909090909090909090909090909090909090909090909090909090909090909090909090909090909090909090909090909090909090909090909090909090909090909090909090909090909090909090909090909090909
310
09090909090909090909090909090909090909090909090909090909090909090909090909090909090909090909090909090909090909090909090909090909090909090909090909090909090909090909090909090909090909090909090909090909090909090909090909090909090909090909090909090909090909
310
09090909090909090909090909090909090909090909090909090909090909090909090909090909090909090909090909090909090909090909090909090909090909090909090909090909090909090909090909090909090909090909090909090909090909090909090909090909090909090909090909090909090909
310
09090909090909090909090909090909090909090909090909090909090909090909090909090909090909090909090909090909090909090909090909090909090909090909090909090909090909090909090909090909090909090909090909090909090909090909090909090909090909090909090909090909090909
310
09090909090909090909090909090909090909090909090909090909090909090909090909090909090909090909090909090909090909090909090909090909090909090909090909090909090909090909090909090909090909090909090909090909090909090909090909090909090909090909090909090909090909
310
09090909090909090909090909090909090909090909090909090909090909090909090909090909090909090909090909090909090909090909090909090909090909090909090909090909090909090909090909090909090909090909090909090909090909090909090909090909090909090909090909090909090909
310
09090909090909090909090909090909090909090909090909090909090909090909090909090909090909090909090909090909090909090909090909090909090909090909090909090909090909090909090909090909090909090909090909090909090909090909090909090909090909090909090909090909090909
310
09090909090909090909090909090909090909090909090909090909090909090909090909090909090909090909090909090909090909090909090909090909090909090909090909090909090909090909090909090909090909090909090909090909090909090909090909090909090909090909090909090909090909
310
09090909090909090909090909090909090909090909090909090909090909090909090909090909090909090909090909090909090909090909090909090909090909090909090909090909090909090909090909090909090909090909090909090909090909090909090909090909090909090909090909090909090909
310
09090909090909090909090909090909090909090909090909090909090909090909090909090909090909090909090909090909090909090909090909090909090909090909090909090909090909090909090909090909090909090909090909090909090909090909090909090909090909090909090909090909090909
310
09090909090909090909090909090909090909090909090909090909090909090909090909090909090909090909090909090909090909090909090909090909090909090909090909090909090909090909090909090909090909090909090909090909090909090909090909090909090909090909090909090909090909
310
09090909090909090909090909090909090909090909090909090909090909090909090909090909090909090909090909090909090909090909090909090909090909090909090909090909090909090909090909090909090909090909090909090909090909090909090909090909090909090909090909090909090909
310
09090909090909090909090909090909090909090909090909090909090909090909090909090909090909090909090909090909090909090909090909090909090909090909090909090909090909090909090909090909090909090909090909090909090909090909090909090909090909090909090909090909090909
310
09090909090909090909090909090909090909090909090909090909090909090909090909090909090909090909090909090909090909090909090909090909090909090909090909090909090909090909090909090909090909090909090909090909090909090909090909090909090909090909090909090909090909
310
09090909090909090909090909090909090909090909090909090909090909090909090909090909090909090909090909090909090909090909090909090909090909090909090909090909090909090909090909090909090909090909090909090909090909090909090909090909090909090909090909090909090909
310
09090909090909090909090909090909090909090909090909090909090909090909090909090909090909090909090909090909090909090909090909090909090909090909090909090909090909090909090909090909090909090909090909090909090909090909090909090909090909090909090909090909090909
310
09090909090909090909090909090909090909090909090909090909090909090909090909090909090909090909090909090909090909090909090909090909090909090909090909090909090909090909090909090909090909090909090909090909090909090909090909090909090909090909090909090909090909
310
09090909090909090909090909090909090909090909090909090909090909090909090909090909090909090909090909090909090909090909090909090909090909090909090909090909090909090909090909090909090909090909090909090909090909090909090909090909090909090909090909090909090909
310
09090909090909090909090909090909090909090909090909090909090909090909090909090909090909090909090909090909090909090909090909090909090909090909090909090909090909090909090909090909090909090909090909090909090909090909090909090909090909090909090909090909090909
310
09090909090909090909090909090909090909090909090909090909090909090909090909090909090909090909090909090909090909090909090909090909090909090909090909090909090909090909090909090909090909090909090909090909090909090909090909090909090909090909090909090909090909
310
09090909090909090909090909090909090909090909090909090909090909090909090909090909090909090909090909090909090909090909090909090909090909090909090909090909090909090909090909090909090909090909090909090909090909090909090909090909090909090909090909090909090909
310
09090909090909090909090909090909090909090909090909090909090909090909090909090909090909090909090909090909090909090909090909090909090909090909090909090909090909090909090909090909090909090909090909090909090909090909090909090909090909090909090909090909090909
310
09090909090909090909090909090909090909090909090909090909090909090909090909090909090909090909090909090909090909090909090909090909090909090909090909090909090909090909090909090909090909090909090909090909090909090909090909090909090909090909090909090909090909
310
09090909090909090909090909090909090909090909090909090909090909090909090909090909090909090909090909090909090909090909090909090909090909090909090909090909090909090909090909090909090909090909090909090909090909090909090909090909090909090909090909090909090909
310
09090909090909090909090909090909090909090909090909090909090909090909090909090909090909090909090909090909090909090909090909090909090909090909090909090909090909090909090909090909090909090909090909090909090909090909090909090909090909090909090909090909090909
310
09090909090909090909090909090909090909090909090909090909090909090909090909090909090909090909090909090909090909090909090909090909090909090909090909090909090909090909090909090909090909090909090909090909090909090909090909090909090909090909090909090909090909
310
09090909090909090909090909090909090909090909090909090909090909090909090909090909090909090909090909090909090909090909090909090909090909090909090909090909090909090909090909090909090909090909090909090909090909090909090909090909090909090909090909090909090909
310
09090909090909090909090909090909090909090909090909090909090909090909090909090909090909090909090909090909090909090909090909090909090909090909090909090909090909090909090909090909090909090909090909090909090909090909090909090909090909090909090909090909090909
310
09090909090909090909090909090909090909090909090909090909090909090909090909090909090909090909090909090909090909090909090909090909090909090909090909090909090909090909090909090909090909090909090909090909090909090909090909090909090909090909090909090909090909
310
09090909090909090909090909090909090909090909090909090909090909090909090909090909090909090909090909090909090909090909090909090909090909090909090909090909090909090909090909090909090909090909090909090909090909090909090909090909090909090909090909090909090909
310
09090909090909090909090909090909090909090909090909090909090909090909090909090909090909090909090909090909090909090909090909090909090909090909090909090909090909090909090909090909090909090909090909090909090909090909090909090909090909090909090909090909090909
310
09090909090909090909090909090909090909090909090909090909090909090909090909090909090909090909090909090909090909090909090909090909090909090909090909090909090909090909090909090909090909090909090909090909090909090909090909090909090909090909090909090909090909
310
09090909090909090909090909090909090909090909090909090909090909090909090909090909090909090909090909090909090909090909090909090909090909090909090909090909090909090909090909090909090909090909090909090909090909090909090909090909090909090909090909090909090909
310
09090909090909090909090909090909090909090909090909090909090909090909090909090909090909090909090909090909090909090909090909090909090909090909090909090909090909090909090909090909090909090909090909090909090909090909090909090909090909090909090909090909090909
310
09090909090909090909090909090909090909090909090909090909090909090909090909090909090909090909090909090909090909090909090909090909090909090909090909090909090909090909090909090909090909090909090909090909090909090909090909090909090909090909090909090909090909
310
09090909090909090909090909090909090909090909090909090909090909090909090909090909090909090909090909090909090909090909090909090909090909090909090909090909090909090909090909090909090909090909090909090909090909090909090909090909090909090909090909090909090909
310
09090909090909090909090909090909090909090909090909090909090909090909090909090909090909090909090909090909090909090909090909090909090909090909090909090909090909090909090909090909090909090909090909090909090909090909090909090909090909090909090909090909090909
310
09090909090909090909090909090909090909090909090909090909090909090909090909090909090909090909090909090909090909090909090909090909090909090909090909090909090909090909090909090909090909090909090909090909090909090909090909090909090909090909090909090909090909
310
09090909090909090909090909090909090909090909090909090909090909090909090909090909090909090909090909090909090909090909090909090909090909090909090909090909090909090909090909090909090909090909090909090909090909090909090909090909090909090909090909090909090909
310
09090909090909090909090909090909090909090909090909090909090909090909090909090909090909090909090909090909090909090909090909090909090909090909090909090909090909090909090909090909090909090909090909090909090909090909090909090909090909090909090909090909090909
310
09090909090909090909090909090909090909090909090909090909090909090909090909090909090909090909090909090909090909090909090909090909090909090909090909090909090909090909090909090909090909090909090909090909090909090909090909090909090909090909090909090909090909
310
09090909090909090909090909090909090909090909090909090909090909090909090909090909090909090909090909090909090909090909090909090909090909090909090909090909090909090909090909090909090909090909090909090909090909090909090909090909090909090909090909090909090909
310
09090909090909090909090909090909090909090909090909090909090909090909090909090909090909090909090909090909090909090909090909090909090909090909090909090909090909090909090909090909090909090909090909090909090909090909090909090909090909090909090909090909090909
310
09090909090909090909090909090909090909090909090909090909090909090909090909090909090909090909090909090909090909090909090909090909090909090909090909090909090909090909090909090909090909090909090909090909090909090909090909090909090909090909090909090909090909
310
09090909090909090909090909090909090909090909090909090909090909090909090909090909090909090909090909090909090909090909090909090909090909090909090909090909090909090909090909090909090909090909090909090909090909090909090909090909090909090909090909090909090909
310
09090909090909090909090909090909090909090909090909090909090909090909090909090909090909090909090909090909090909090909090909090909090909090909090909090909090909090909090909090909090909090909090909090909090909090909090909090909090909090909090909090909090909
310
09090909090909090909090909090909090909090909090909090909090909090909090909090909090909090909090909090909090909090909090909090909090909090909090909090909090909090909090909090909090909090909090909090909090909090909090909090909090909090909090909090909090909
310
09090909090909090909090909090909090909090909090909090909090909090909090909090909090909090909090909090909090909090909090909090909090909090909090909090909090909090909090909090909090909090909090909090909090909090909090909090909090909090909090909090909090909
310
09090909090909090909090909090909090909090909090909090909090909090909090909090909090909090909090909090909090909090909090909090909090909090909090909090909090909090909090909090909090909090909090909090909090909090909090909090909090909090909090909090909090909
310
09090909090909090909090909090909090909090909090909090909090909090909090909090909090909090909090909090909090909090909090909090909090909090909090909090909090909090909090909090909090909090909090909090909090909090909090909090909090909090909090909090909090909
310
09090909090909090909090909090909090909090909090909090909090909090909090909090909090909090909090909090909090909090909090909090909090909090909090909090909090909090909090909090909090909090909090909090909090909090909090909090909090909090909090909090909090909
310
09090909090909090909090909090909090909090909090909090909090909090909090909090909090909090909090909090909090909090909090909090909090909090909090909090909090909090909090909090909090909090909090909090909090909090909090909090909090909090909090909090909090909
310
09090909090909090909090909090909090909090909090909090909090909090909090909090909090909090909090909090909090909090909090909090909090909090909090909090909090909090909090909090909090909090909090909090909090909090909090909090909090909090909090909090909090909
310
09090909090909090909090909090909090909090909090909090909090909090909090909090909090909090909090909090909090909090909090909090909090909090909090909090909090909090909090909090909090909090909090909090909090909090909090909090909090909090909090909090909090909
310
09090909090909090909090909090909090909090909090909090909090909090909090909090909090909090909090909090909090909090909090909090909090909090909090909090909090909090909090909090909090909090909090909090909090909090909090909090909090909090909090909090909090909
310
09090909090909090909090909090909090909090909090909090909090909090909090909090909090909090909090909090909090909090909090909090909090909090909090909090909090909090909090909090909090909090909090909090909090909090909090909090909090909090909090909090909090909
310
09090909090909090909090909090909090909090909090909090909090909090909090909090909090909090909090909090909090909090909090909090909090909090909090909090909090909090909090909090909090909090909090909090909090909090909090909090909090909090909090909090909090909
310
09090909090909090909090909090909090909090909090909090909090909090909090909090909090909090909090909090909090909090909090909090909090909090909090909090909090909090909090909090909090909090909090909090909090909090909090909090909090909090909090909090909090909
310
09090909090909090909090909090909090909090909090909090909090909090909090909090909090909090909090909090909090909090909090909090909090909090909090909090909090909090909090909090909090909090909090909090909090909090909090909090909090909090909090909090909090909
310
09090909090909090909090909090909090909090909090909090909090909090909090909090909090909090909090909090909090909090909090909090909090909090909090909090909090909090909090909090909090909090909090909090909090909090909090909090909090909090909090909090909090909
310
09090909090909090909090909090909090909090909090909090909090909090909090909090909090909090909090909090909090909090909090909090909090909090909090909090909090909090909090909090909090909090909090909090909090909090909090909090909090909090909090909090909090909
310
09090909090909090909090909090909090909090909090909090909090909090909090909090909090909090909090909090909090909090909090909090909090909090909090909090909090909090909090909090909090909090909090909090909090909090909090909090909090909090909090909090909090909
310
09090909090909090909090909090909090909090909090909090909090909090909090909090909090909090909090909090909090909090909090909090909090909090909090909090909090909090909090909090909090909090909090909090909090909090909090909090909090909090909090909090909090909
310
09090909090909090909090909090909090909090909090909090909090909090909090909090909090909090909090909090909090909090909090909090909090909090909090909090909090909090909090909090909090909090909090909090909090909090909090909090909090909090909090909090909090909
310
09090909090909090909090909090909090909090909090909090909090909090909090909090909090909090909090909090909090909090909090909090909090909090909090909090909090909090909090909090909090909090909090909090909090909090909090909090909090909090909090909090909090909
310
09090909090909090909090909090909090909090909090909090909090909090909090909090909090909090909090909090909090909090909090909090909090909090909090909090909090909090909090909090909090909090909090909090909090909090909090909090909090909090909090909090909090909
310
09090909090909090909090909090909090909090909090909090909090909090909090909090909090909090909090909090909090909090909090909090909090909090909090909090909090909090909090909090909090909090909090909090909090909090909090909090909090909090909090909090909090909
310
09090909090909090909090909090909090909090909090909090909090909090909090909090909090909090909090909090909090909090909090909090909090909090909090909090909090909090909090909090909090909090909090909090909090909090909090909090909090909090909090909090909090909
310
09090909090909090909090909090909090909090909090909090909090909090909090909090909090909090909090909090909090909090909090909090909090909090909090909090909090909090909090909090909090909090909090909090909090909090909090909090909090909090909090909090909090909
310
09090909090909090909090909090909090909090909090909090909090909090909090909090909090909090909090909090909090909090909090909090909090909090909090909090909090909090909090909090909090909090909090909090909090909090909090909090909090909090909090909090909090909
310
09090909090909090909090909090909090909090909090909090909090909090909090909090909090909090909090909090909090909090909090909090909090909090909090909090909090909090909090909090909090909090909090909090909090909090909090909090909090909090909090909090909090909
310
09090909090909090909090909090909090909090909090909090909090909090909090909090909090909090909090909090909090909090909090909090909090909090909090909090909090909090909090909090909090909090909090909090909090909090909090909090909090909090909090909090909090909
310
09090909090909090909090909090909090909090909090909090909090909090909090909090909090909090909090909090909090909090909090909090909090909090909090909090909090909090909090909090909090909090909090909090909090909090909090909090909090909090909090909090909090909
310
09090909090909090909090909090909090909090909090909090909090909090909090909090909090909090909090909090909090909090909090909090909090909090909090909090909090909090909090909090909090909090909090909090909090909090909090909090909090909090909090909090909090909
310
09090909090909090909090909090909090909090909090909090909090909090909090909090909090909090909090909090909090909090909090909090909090909090909090909090909090909090909090909090909090909090909090909090909090909090909090909090909090909090909090909090909090909
310
09090909090909090909090909090909090909090909090909090909090909090909090909090909090909090909090909090909090909090909090909090909090909090909090909090909090909090909090909090909090909090909090909090909090909090909090909090909090909090909090909090909090909
310
09090909090909090909090909090909090909090909090909090909090909090909090909090909090909090909090909090909090909090909090909090909090909090909090909090909090909090909090909090909090909090909090909090909090909090909090909090909090909090909090909090909090909
310
09090909090909090909090909090909090909090909090909090909090909090909090909090909090909090909090909090909090909090909090909090909090909090909090909090909090909090909090909090909090909090909090909090909090909090909090909090909090909090909090909090909090909
310
09090909090909090909090909090909090909090909090909090909090909090909090909090909090909090909090909090909090909090909090909090909090909090909090909090909090909090909090909090909090909090909090909090909090909090909090909090909090909090909090909090909090909
310
09090909090909090909090909090909090909090909090909090909090909090909090909090909090909090909090909090909090909090909090909090909090909090909090909090909090909090909090909090909090909090909090909090909090909090909090909090909090909090909090909090909090909
310
09090909090909090909090909090909090909090909090909090909090909090909090909090909090909090909090909090909090909090909090909090909090909090909090909090909090909090909090909090909090909090909090909090909090909090909090909090909090909090909090909090909090909
310
09090909090909090909090909090909090909090909090909090909090909090909090909090909090909090909090909090909090909090909090909090909090909090909090909090909090909090909090909090909090909090909090909090909090909090909090909090909090909090909090909090909090909
310
09090909090909090909090909090909090909090909090909090909090909090909090909090909090909090909090909090909090909090909090909090909090909090909090909090909090909090909090909090909090909090909090909090909090909090909090909090909090909090909090909090909090909
310
09090909090909090909090909090909090909090909090909090909090909090909090909090909090909090909090909090909090909090909090909090909090909090909090909090909090909090909090909090909090909090909090909090909090909090909090909090909090909090909090909090909090909
310
09090909090909090909090909090909090909090909090909090909090909090909090909090909090909090909090909090909090909090909090909090909090909090909090909090909090909090909090909090909090909090909090909090909090909090909090909090909090909090909090909090909090909
310
09090909090909090909090909090909090909090909090909090909090909090909090909090909090909090909090909090909090909090909090909090909090909090909090909090909090909090909090909090909090909090909090909090909090909090909090909090909090909090909090909090909090909
310
09090909090909090909090909090909090909090909090909090909090909090909090909090909090909090909090909090909090909090909090909090909090909090909090909090909090909090909090909090909090909090909090909090909090909090909090909090909090909090909090909090909090909
310
09090909090909090909090909090909090909090909090909090909090909090909090909090909090909090909090909090909090909090909090909090909090909090909090909090909090909090909090909090909090909090909090909090909090909090909090909090909090909090909090909090909090909
310
09090909090909090909090909090909090909090909090909090909090909090909090909090909090909090909090909090909090909090909090909090909090909090909090909090909090909090909090909090909090909090909090909090909090909090909090909090909090909090909090909090909090909
310
09090909090909090909090909090909090909090909090909090909090909090909090909090909090909090909090909090909090909090909090909090909090909090909090909090909090909090909090909090909090909090909090909090909090909090909090909090909090909090909090909090909090909
310
09090909090909090909090909090909090909090909090909090909090909090909090909090909090909090909090909090909090909090909090909090909090909090909090909090909090909090909090909090909090909090909090909090909090909090909090909090909090909090909090909090909090909
310
09090909090909090909090909090909090909090909090909090909090909090909090909090909090909090909090909090909090909090909090909090909090909090909090909090909090909090909090909090909090909090909090909090909090909090909090909090909090909090909090909090909090909
310
09090909090909090909090909090909090909090909090909090909090909090909090909090909090909090909090909090909090909090909090909090909090909090909090909090909090909090909090909090909090909090909090909090909090909090909090909090909090909090909090909090909090909
310
09090909090909090909090909090909090909090909090909090909090909090909090909090909090909090909090909090909090909090909090909090909090909090909090909090909090909090909090909090909090909090909090909090909090909090909090909090909090909090909090909090909090909
310
09090909090909090909090909090909090909090909090909090909090909090909090909090909090909090909090909090909090909090909090909090909090909090909090909090909090909090909090909090909090909090909090909090909090909090909090909090909090909090909090909090909090909
310
09090909090909090909090909090909090909090909090909090909090909090909090909090909090909090909090909090909090909090909090909090909090909090909090909090909090909090909090909090909090909090909090909090909090909090909090909090909090909090909090909090909090909
310
09090909090909090909090909090909090909090909090909090909090909090909090909090909090909090909090909090909090909090909090909090909090909090909090909090909090909090909090909090909090909090909090909090909090909090909090909090909090909090909090909090909090909
310
09090909090909090909090909090909090909090909090909090909090909090909090909090909090909090909090909090909090909090909090909090909090909090909090909090909090909090909090909090909090909090909090909090909090909090909090909090909090909090909090909090909090909
310
09090909090909090909090909090909090909090909090909090909090909090909090909090909090909090909090909090909090909090909090909090909090909090909090909090909090909090909090909090909090909090909090909090909090909090909090909090909090909090909090909090909090909
310
09090909090909090909090909090909090909090909090909090909090909090909090909090909090909090909090909090909090909090909090909090909090909090909090909090909090909090909090909090909090909090909090909090909090909090909090909090909090909090909090909090909090909
310
09090909090909090909090909090909090909090909090909090909090909090909090909090909090909090909090909090909090909090909090909090909090909090909090909090909090909090909090909090909090909090909090909090909090909090909090909090909090909090909090909090909090909
310
09090909090909090909090909090909090909090909090909090909090909090909090909090909090909090909090909090909090909090909090909090909090909090909090909090909090909090909090909090909090909090909090909090909090909090909090909090909090909090909090909090909090909
310
09090909090909090909090909090909090909090909090909090909090909090909090909090909090909090909090909090909090909090909090909090909090909090909090909090909090909090909090909090909090909090909090909090909090909090909090909090909090909090909090909090909090909
310
09090909090909090909090909090909090909090909090909090909090909090909090909090909090909090909090909090909090909090909090909090909090909090909090909090909090909090909090909090909090909090909090909090909090909090909090909090909090909090909090909090909090909
310
09090909090909090909090909090909090909090909090909090909090909090909090909090909090909090909090909090909090909090909090909090909090909090909090909090909090909090909090909090909090909090909090909090909090909090909090909090909090909090909090909090909090909
310
09090909090909090909090909090909090909090909090909090909090909090909090909090909090909090909090909090909090909090909090909090909090909090909090909090909090909090909090909090909090909090909090909090909090909090909090909090909090909090909090909090909090909
310
09090909090909090909090909090909090909090909090909090909090909090909090909090909090909090909090909090909090909090909090909090909090909090909090909090909090909090909090909090909090909090909090909090909090909090909090909090909090909090909090909090909090909
310
09090909090909090909090909090909090909090909090909090909090909090909090909090909090909090909090909090909090909090909090909090909090909090909090909090909090909090909090909090909090909090909090909090909090909090909090909090909090909090909090909090909090909
310
09090909090909090909090909090909090909090909090909090909090909090909090909090909090909090909090909090909090909090909090909090909090909090909090909090909090909090909090909090909090909090909090909090909090909090909090909090909090909090909090909090909090909
310
09090909090909090909090909090909090909090909090909090909090909090909090909090909090909090909090909090909090909090909090909090909090909090909090909090909090909090909090909090909090909090909090909090909090909090909090909090909090909090909090909090909090909
310
09090909090909090909090909090909090909090909090909090909090909090909090909090909090909090909090909090909090909090909090909090909090909090909090909090909090909090909090909090909090909090909090909090909090909090909090909090909090909090909090909090909090909
310
09090909090909090909090909090909090909090909090909090909090909090909090909090909090909090909090909090909090909090909090909090909090909090909090909090909090909090909090909090909090909090909090909090909090909090909090909090909090909090909090909090909090909
310
09090909090909090909090909090909090909090909090909090909090909090909090909090909090909090909090909090909090909090909090909090909090909090909090909090909090909090909090909090909090909090909090909090909090909090909090909090909090909090909090909090909090909
310
09090909090909090909090909090909090909090909090909090909090909090909090909090909090909090909090909090909090909090909090909090909090909090909090909090909090909090909090909090909090909090909090909090909090909090909090909090909090909090909090909090909090909
310
09090909090909090909090909090909090909090909090909090909090909090909090909090909090909090909090909090909090909090909090909090909090909090909090909090909090909090909090909090909090909090909090909090909090909090909090909090909090909090909090909090909090909
310
09090909090909090909090909090909090909090909090909090909090909090909090909090909090909090909090909090909090909090909090909090909090909090909090909090909090909090909090909090909090909090909090909090909090909090909090909090909090909090909090909090909090909
310
09090909090909090909090909090909090909090909090909090909090909090909090909090909090909090909090909090909090909090909090909090909090909090909090909090909090909090909090909090909090909090909090909090909090909090909090909090909090909090909090909090909090909
310
09090909090909090909090909090909090909090909090909090909090909090909090909090909090909090909090909090909090909090909090909090909090909090909090909090909090909090909090909090909090909090909090909090909090909090909090909090909090909090909090909090909090909
310
09090909090909090909090909090909090909090909090909090909090909090909090909090909090909090909090909090909090909090909090909090909090909090909090909090909090909090909090909090909090909090909090909090909090909090909090909090909090909090909090909090909090909
310
09090909090909090909090909090909090909090909090909090909090909090909090909090909090909090909090909090909090909090909090909090909090909090909090909090909090909090909090909090909090909090909090909090909090909090909090909090909090909090909090909090909090909
310
09090909090909090909090909090909090909090909090909090909090909090909090909090909090909090909090909090909090909090909090909090909090909090909090909090909090909090909090909090909090909090909090909090909090909090909090909090909090909090909090909090909090909
310
09090909090909090909090909090909090909090909090909090909090909090909090909090909090909090909090909090909090909090909090909090909090909090909090909090909090909090909090909090909090909090909090909090909090909090909090909090909090909090909090909090909090909
310
09090909090909090909090909090909090909090909090909090909090909090909090909090909090909090909090909090909090909090909090909090909090909090909090909090909090909090909090909090909090909090909090909090909090909090909090909090909090909090909090909090909090909
310
09090909090909090909090909090909090909090909090909090909090909090909090909090909090909090909090909090909090909090909090909090909090909090909090909090909090909090909090909090909090909090909090909090909090909090909090909090909090909090909090909090909090909
310
09090909090909090909090909090909090909090909090909090909090909090909090909090909090909090909090909090909090909090909090909090909090909090909090909090909090909090909090909090909090909090909090909090909090909090909090909090909090909090909090909090909090909
310
09090909090909090909090909090909090909090909090909090909090909090909090909090909090909090909090909090909090909090909090909090909090909090909090909090909090909090909090909090909090909090909090909090909090909090909090909090909090909090909090909090909090909
310
09090909090909090909090909090909090909090909090909090909090909090909090909090909090909090909090909090909090909090909090909090909090909090909090909090909090909090909090909090909090909090909090909090909090909090909090909090909090909090909090909090909090909
310
09090909090909090909090909090909090909090909090909090909090909090909090909090909090909090909090909090909090909090909090909090909090909090909090909090909090909090909090909090909090909090909090909090909090909090909090909090909090909090909090909090909090909
310
09090909090909090909090909090909090909090909090909090909090909090909090909090909090909090909090909090909090909090909090909090909090909090909090909090909090909090909090909090909090909090909090909090909090909090909090909090909090909090909090909090909090909
310
09090909090909090909090909090909090909090909090909090909090909090909090909090909090909090909090909090909090909090909090909090909090909090909090909090909090909090909090909090909090909090909090909090909090909090909090909090909090909090909090909090909090909
310
09090909090909090909090909090909090909090909090909090909090909090909090909090909090909090909090909090909090909090909090909090909090909090909090909090909090909090909090909090909090909090909090909090909090909090909090909090909090909090909090909090909090909
310
09090909090909090909090909090909090909090909090909090909090909090909090909090909090909090909090909090909090909090909090909090909090909090909090909090909090909090909090909090909090909090909090909090909090909090909090909090909090909090909090909090909090909
310
09090909090909090909090909090909090909090909090909090909090909090909090909090909090909090909090909090909090909090909090909090909090909090909090909090909090909090909090909090909090909090909090909090909090909090909090909090909090909090909090909090909090909
310
09090909090909090909090909090909090909090909090909090909090909090909090909090909090909090909090909090909090909090909090909090909090909090909090909090909090909090909090909090909090909090909090909090909090909090909090909090909090909090909090909090909090909
310
09090909090909090909090909090909090909090909090909090909090909090909090909090909090909090909090909090909090909090909090909090909090909090909090909090909090909090909090909090909090909090909090909090909090909090909090909090909090909090909090909090909090909
310
09090909090909090909090909090909090909090909090909090909090909090909090909090909090909090909090909090909090909090909090909090909090909090909090909090909090909090909090909090909090909090909090909090909090909090909090909090909090909090909090909090909090909
310
09090909090909090909090909090909090909090909090909090909090909090909090909090909090909090909090909090909090909090909090909090909090909090909090909090909090909090909090909090909090909090909090909090909090909090909090909090909090909090909090909090909090909
310
09090909090909090909090909090909090909090909090909090909090909090909090909090909090909090909090909090909090909090909090909090909090909090909090909090909090909090909090909090909090909090909090909090909090909090909090909090909090909090909090909090909090909
310
09090909090909090909090909090909090909090909090909090909090909090909090909090909090909090909090909090909090909090909090909090909090909090909090909090909090909090909090909090909090909090909090909090909090909090909090909090909090909090909090909090909090909
310
09090909090909090909090909090909090909090909090909090909090909090909090909090909090909090909090909090909090909090909090909090909090909090909090909090909090909090909090909090909090909090909090909090909090909090909090909090909090909090909090909090909090909
310
09090909090909090909090909090909090909090909090909090909090909090909090909090909090909090909090909090909090909090909090909090909090909090909090909090909090909090909090909090909090909090909090909090909090909090909090909090909090909090909090909090909090909
310
09090909090909090909090909090909090909090909090909090909090909090909090909090909090909090909090909090909090909090909090909090909090909090909090909090909090909090909090909090909090909090909090909090909090909090909090909090909090909090909090909090909090909
310
09090909090909090909090909090909090909090909090909090909090909090909090909090909090909090909090909090909090909090909090909090909090909090909090909090909090909090909090909090909090909090909090909090909090909090909090909090909090909090909090909090909090909
310
09090909090909090909090909090909090909090909090909090909090909090909090909090909090909090909090909090909090909090909090909090909090909090909090909090909090909090909090909090909090909090909090909090909090909090909090909090909090909090909090909090909090909
310
09090909090909090909090909090909090909090909090909090909090909090909090909090909090909090909090909090909090909090909090909090909090909090909090909090909090909090909090909090909090909090909090909090909090909090909090909090909090909090909090909090909090909
310
09090909090909090909090909090909090909090909090909090909090909090909090909090909090909090909090909090909090909090909090909090909090909090909090909090909090909090909090909090909090909090909090909090909090909090909090909090909090909090909090909090909090909
310
09090909090909090909090909090909090909090909090909090909090909090909090909090909090909090909090909090909090909090909090909090909090909090909090909090909090909090909090909090909090909090909090909090909090909090909090909090909090909090909090909090909090909
310
09090909090909090909090909090909090909090909090909090909090909090909090909090909090909090909090909090909090909090909090909090909090909090909090909090909090909090909090909090909090909090909090909090909090909090909090909090909090909090909090909090909090909
310
09090909090909090909090909090909090909090909090909090909090909090909090909090909090909090909090909090909090909090909090909090909090909090909090909090909090909090909090909090909090909090909090909090909090909090909090909090909090909090909090909090909090909
310
09090909090909090909090909090909090909090909090909090909090909090909090909090909090909090909090909090909090909090909090909090909090909090909090909090909090909090909090909090909090909090909090909090909090909090909090909090909090909090909090909090909090909
310
09090909090909090909090909090909090909090909090909090909090909090909090909090909090909090909090909090909090909090909090909090909090909090909090909090909090909090909090909090909090909090909090909090909090909090909090909090909090909090909090909090909090909
310
09090909090909090909090909090909090909090909090909090909090909090909090909090909090909090909090909090909090909090909090909090909090909090909090909090909090909090909090909090909090909090909090909090909090909090909090909090909090909090909090909090909090909
310
09090909090909090909090909090909090909090909090909090909090909090909090909090909090909090909090909090909090909090909090909090909090909090909090909090909090909090909090909090909090909090909090909090909090909090909090909090909090909090909090909090909090909
310
09090909090909090909090909090909090909090909090909090909090909090909090909090909090909090909090909090909090909090909090909090909090909090909090909090909090909090909090909090909090909090909090909090909090909090909090909090909090909090909090909090909090909
310
09090909090909090909090909090909090909090909090909090909090909090909090909090909090909090909090909090909090909090909090909090909090909090909090909090909090909090909090909090909090909090909090909090909090909090909090909090909090909090909090909090909090909
310
09090909090909090909090909090909090909090909090909090909090909090909090909090909090909090909090909090909090909090909090909090909090909090909090909090909090909090909090909090909090909090909090909090909090909090909090909090909090909090909090909090909090909
310
09090909090909090909090909090909090909090909090909090909090909090909090909090909090909090909090909090909090909090909090909090909090909090909090909090909090909090909090909090909090909090909090909090909090909090909090909090909090909090909090909090909090909
310
09090909090909090909090909090909090909090909090909090909090909090909090909090909090909090909090909090909090909090909090909090909090909090909090909090909090909090909090909090909090909090909090909090909090909090909090909090909090909090909090909090909090909
310
09090909090909090909090909090909090909090909090909090909090909090909090909090909090909090909090909090909090909090909090909090909090909090909090909090909090909090909090909090909090909090909090909090909090909090909090909090909090909090909090909090909090909
310
09090909090909090909090909090909090909090909090909090909090909090909090909090909090909090909090909090909090909090909090909090909090909090909090909090909090909090909090909090909090909090909090909090909090909090909090909090909090909090909090909090909090909
310
09090909090909090909090909090909090909090909090909090909090909090909090909090909090909090909090909090909090909090909090909090909090909090909090909090909090909090909090909090909090909090909090909090909090909090909090909090909090909090909090909090909090909
310
09090909090909090909090909090909090909090909090909090909090909090909090909090909090909090909090909090909090909090909090909090909090909090909090909090909090909090909090909090909090909090909090909090909090909090909090909090909090909090909090909090909090909
310
09090909090909090909090909090909090909090909090909090909090909090909090909090909090909090909090909090909090909090909090909090909090909090909090909090909090909090909090909090909090909090909090909090909090909090909090909090909090909090909090909090909090909
310
09090909090909090909090909090909090909090909090909090909090909090909090909090909090909090909090909090909090909090909090909090909090909090909090909090909090909090909090909090909090909090909090909090909090909090909090909090909090909090909090909090909090909
310
09090909090909090909090909090909090909090909090909090909090909090909090909090909090909090909090909090909090909090909090909090909090909090909090909090909090909090909090909090909090909090909090909090909090909090909090909090909090909090909090909090909090909
310
09090909090909090909090909090909090909090909090909090909090909090909090909090909090909090909090909090909090909090909090909090909090909090909090909090909090909090909090909090909090909090909090909090909090909090909090909090909090909090909090909090909090909
310
09090909090909090909090909090909090909090909090909090909090909090909090909090909090909090909090909090909090909090909090909090909090909090909090909090909090909090909090909090909090909090909090909090909090909090909090909090909090909090909090909090909090909
310
09090909090909090909090909090909090909090909090909090909090909090909090909090909090909090909090909090909090909090909090909090909090909090909090909090909090909090909090909090909090909090909090909090909090909090909090909090909090909090909090909090909090909
310
09090909090909090909090909090909090909090909090909090909090909090909090909090909090909090909090909090909090909090909090909090909090909090909090909090909090909090909090909090909090909090909090909090909090909090909090909090909090909090909090909090909090909
310
09090909090909090909090909090909090909090909090909090909090909090909090909090909090909090909090909090909090909090909090909090909090909090909090909090909090909090909090909090909090909090909090909090909090909090909090909090909090909090909090909090909090909
310
09090909090909090909090909090909090909090909090909090909090909090909090909090909090909090909090909090909090909090909090909090909090909090909090909090909090909090909090909090909090909090909090909090909090909090909090909090909090909090909090909090909090909
310
09090909090909090909090909090909090909090909090909090909090909090909090909090909090909090909090909090909090909090909090909090909090909090909090909090909090909090909090909090909090909090909090909090909090909090909090909090909090909090909090909090909090909
310
09090909090909090909090909090909090909090909090909090909090909090909090909090909090909090909090909090909090909090909090909090909090909090909090909090909090909090909090909090909090909090909090909090909090909090909090909090909090909090909090909090909090909
310
09090909090909090909090909090909090909090909090909090909090909090909090909090909090909090909090909090909090909090909090909090909090909090909090909090909090909090909090909090909090909090909090909090909090909090909090909090909090909090909090909090909090909
310
09090909090909090909090909090909090909090909090909090909090909090909090909090909090909090909090909090909090909090909090909090909090909090909090909090909090909090909090909090909090909090909090909090909090909090909090909090909090909090909090909090909090909
310
09090909090909090909090909090909090909090909090909090909090909090909090909090909090909090909090909090909090909090909090909090909090909090909090909090909090909090909090909090909090909090909090909090909090909090909090909090909090909090909090909090909090909
310
09090909090909090909090909090909090909090909090909090909090909090909090909090909090909090909090909090909090909090909090909090909090909090909090909090909090909090909090909090909090909090909090909090909090909090909090909090909090909090909090909090909090909
310
09090909090909090909090909090909090909090909090909090909090909090909090909090909090909090909090909090909090909090909090909090909090909090909090909090909090909090909090909090909090909090909090909090909090909090909090909090909090909090909090909090909090909
310
09090909090909090909090909090909090909090909090909090909090909090909090909090909090909090909090909090909090909090909090909090909090909090909090909090909090909090909090909090909090909090909090909090909090909090909090909090909090909090909090909090909090909
310
09090909090909090909090909090909090909090909090909090909090909090909090909090909090909090909090909090909090909090909090909090909090909090909090909090909090909090909090909090909090909090909090909090909090909090909090909090909090909090909090909090909090909
310
09090909090909090909090909090909090909090909090909090909090909090909090909090909090909090909090909090909090909090909090909090909090909090909090909090909090909090909090909090909090909090909090909090909090909090909090909090909090909090909090909090909090909
310
09090909090909090909090909090909090909090909090909090909090909090909090909090909090909090909090909090909090909090909090909090909090909090909090909090909090909090909090909090909090909090909090909090909090909090909090909090909090909090909090909090909090909
310
09090909090909090909090909090909090909090909090909090909090909090909090909090909090909090909090909090909090909090909090909090909090909090909090909090909090909090909090909090909090909090909090909090909090909090909090909090909090909090909090909090909090909
310
09090909090909090909090909090909090909090909090909090909090909090909090909090909090909090909090909090909090909090909090909090909090909090909090909090909090909090909090909090909090909090909090909090909090909090909090909090909090909090909090909090909090909
310
09090909090909090909090909090909090909090909090909090909090909090909090909090909090909090909090909090909090909090909090909090909090909090909090909090909090909090909090909090909090909090909090909090909090909090909090909090909090909090909090909090909090909
310
09090909090909090909090909090909090909090909090909090909090909090909090909090909090909090909090909090909090909090909090909090909090909090909090909090909090909090909090909090909090909090909090909090909090909090909090909090909090909090909090909090909090909
310
09090909090909090909090909090909090909090909090909090909090909090909090909090909090909090909090909090909090909090909090909090909090909090909090909090909090909090909090909090909090909090909090909090909090909090909090909090909090909090909090909090909090909
310
09090909090909090909090909090909090909090909090909090909090909090909090909090909090909090909090909090909090909090909090909090909090909090909090909090909090909090909090909090909090909090909090909090909090909090909090909090909090909090909090909090909090909
310
09090909090909090909090909090909090909090909090909090909090909090909090909090909090909090909090909090909090909090909090909090909090909090909090909090909090909090909090909090909090909090909090909090909090909090909090909090909090909090909090909090909090909
310
09090909090909090909090909090909090909090909090909090909090909090909090909090909090909090909090909090909090909090909090909090909090909090909090909090909090909090909090909090909090909090909090909090909090909090909090909090909090909090909090909090909090909
310
09090909090909090909090909090909090909090909090909090909090909090909090909090909090909090909090909090909090909090909090909090909090909090909090909090909090909090909090909090909090909090909090909090909090909090909090909090909090909090909090909090909090909
310
09090909090909090909090909090909090909090909090909090909090909090909090909090909090909090909090909090909090909090909090909090909090909090909090909090909090909090909090909090909090909090909090909090909090909090909090909090909090909090909090909090909090909
310
09090909090909090909090909090909090909090909090909090909090909090909090909090909090909090909090909090909090909090909090909090909090909090909090909090909090909090909090909090909090909090909090909090909090909090909090909090909090909090909090909090909090909
310
09090909090909090909090909090909090909090909090909090909090909090909090909090909090909090909090909090909090909090909090909090909090909090909090909090909090909090909090909090909090909090909090909090909090909090909090909090909090909090909090909090909090909
310
09090909090909090909090909090909090909090909090909090909090909090909090909090909090909090909090909090909090909090909090909090909090909090909090909090909090909090909090909090909090909090909090909090909090909090909090909090909090909090909090909090909090909
310
09090909090909090909090909090909090909090909090909090909090909090909090909090909090909090909090909090909090909090909090909090909090909090909090909090909090909090909090909090909090909090909090909090909090909090909090909090909090909090909090909090909090909
310
09090909090909090909090909090909090909090909090909090909090909090909090909090909090909090909090909090909090909090909090909090909090909090909090909090909090909090909090909090909090909090909090909090909090909090909090909090909090909090909090909090909090909
310
09090909090909090909090909090909090909090909090909090909090909090909090909090909090909090909090909090909090909090909090909090909090909090909090909090909090909090909090909090909090909090909090909090909090909090909090909090909090909090909090909090909090909
310
09090909090909090909090909090909090909090909090909090909090909090909090909090909090909090909090909090909090909090909090909090909090909090909090909090909090909090909090909090909090909090909090909090909090909090909090909090909090909090909090909090909090909
310
09090909090909090909090909090909090909090909090909090909090909090909090909090909090909090909090909090909090909090909090909090909090909090909090909090909090909090909090909090909090909090909090909090909090909090909090909090909090909090909090909090909090909
310
09090909090909090909090909090909090909090909090909090909090909090909090909090909090909090909090909090909090909090909090909090909090909090909090909090909090909090909090909090909090909090909090909090909090909090909090909090909090909090909090909090909090909
310
09090909090909090909090909090909090909090909090909090909090909090909090909090909090909090909090909090909090909090909090909090909090909090909090909090909090909090909090909090909090909090909090909090909090909090909090909090909090909090909090909090909090909
310
09090909090909090909090909090909090909090909090909090909090909090909090909090909090909090909090909090909090909090909090909090909090909090909090909090909090909090909090909090909090909090909090909090909090909090909090909090909090909090909090909090909090909
310
09090909090909090909090909090909090909090909090909090909090909090909090909090909090909090909090909090909090909090909090909090909090909090909090909090909090909090909090909090909090909090909090909090909090909090909090909090909090909090909090909090909090909
310
09090909090909090909090909090909090909090909090909090909090909090909090909090909090909090909090909090909090909090909090909090909090909090909090909090909090909090909090909090909090909090909090909090909090909090909090909090909090909090909090909090909090909
310
09090909090909090909090909090909090909090909090909090909090909090909090909090909090909090909090909090909090909090909090909090909090909090909090909090909090909090909090909090909090909090909090909090909090909090909090909090909090909090909090909090909090909
310
09090909090909090909090909090909090909090909090909090909090909090909090909090909090909090909090909090909090909090909090909090909090909090909090909090909090909090909090909090909090909090909090909090909090909090909090909090909090909090909090909090909090909
310
09090909090909090909090909090909090909090909090909090909090909090909090909090909090909090909090909090909090909090909090909090909090909090909090909090909090909090909090909090909090909090909090909090909090909090909090909090909090909090909090909090909090909
310
09090909090909090909090909090909090909090909090909090909090909090909090909090909090909090909090909090909090909090909090909090909090909090909090909090909090909090909090909090909090909090909090909090909090909090909090909090909090909090909090909090909090909
310
09090909090909090909090909090909090909090909090909090909090909090909090909090909090909090909090909090909090909090909090909090909090909090909090909090909090909090909090909090909090909090909090909090909090909090909090909090909090909090909090909090909090909
310
09090909090909090909090909090909090909090909090909090909090909090909090909090909090909090909090909090909090909090909090909090909090909090909090909090909090909090909090909090909090909090909090909090909090909090909090909090909090909090909090909090909090909
310
09090909090909090909090909090909090909090909090909090909090909090909090909090909090909090909090909090909090909090909090909090909090909090909090909090909090909090909090909090909090909090909090909090909090909090909090909090909090909090909090909090909090909
310
09090909090909090909090909090909090909090909090909090909090909090909090909090909090909090909090909090909090909090909090909090909090909090909090909090909090909090909090909090909090909090909090909090909090909090909090909090909090909090909090909090909090909
310
09090909090909090909090909090909090909090909090909090909090909090909090909090909090909090909090909090909090909090909090909090909090909090909090909090909090909090909090909090909090909090909090909090909090909090909090909090909090909090909090909090909090909
310
09090909090909090909090909090909090909090909090909090909090909090909090909090909090909090909090909090909090909090909090909090909090909090909090909090909090909090909090909090909090909090909090909090909090909090909090909090909090909090909090909090909090909
310
09090909090909090909090909090909090909090909090909090909090909090909090909090909090909090909090909090909090909090909090909090909090909090909090909090909090909090909090909090909090909090909090909090909090909090909090909090909090909090909090909090909090909
310
09090909090909090909090909090909090909090909090909090909090909090909090909090909090909090909090909090909090909090909090909090909090909090909090909090909090909090909090909090909090909090909090909090909090909090909090909090909090909090909090909090909090909
310
09090909090909090909090909090909090909090909090909090909090909090909090909090909090909090909090909090909090909090909090909090909090909090909090909090909090909090909090909090909090909090909090909090909090909090909090909090909090909090909090909090909090909
310
09090909090909090909090909090909090909090909090909090909090909090909090909090909090909090909090909090909090909090909090909090909090909090909090909090909090909090909090909090909090909090909090909090909090909090909090909090909090909090909090909090909090909
310
09090909090909090909090909090909090909090909090909090909090909090909090909090909090909090909090909090909090909090909090909090909090909090909090909090909090909090909090909090909090909090909090909090909090909090909090909090909090909090909090909090909090909
310
09090909090909090909090909090909090909090909090909090909090909090909090909090909090909090909090909090909090909090909090909090909090909090909090909090909090909090909090909090909090909090909090909090909090909090909090909090909090909090909090909090909090909
310
09090909090909090909090909090909090909090909090909090909090909090909090909090909090909090909090909090909090909090909090909090909090909090909090909090909090909090909090909090909090909090909090909090909090909090909090909090909090909090909090909090909090909
310
09090909090909090909090909090909090909090909090909090909090909090909090909090909090909090909090909090909090909090909090909090909090909090909090909090909090909090909090909090909090909090909090909090909090909090909090909090909090909090909090909090909090909
310
09090909090909090909090909090909090909090909090909090909090909090909090909090909090909090909090909090909090909090909090909090909090909090909090909090909090909090909090909090909090909090909090909090909090909090909090909090909090909090909090909090909090909
310
09090909090909090909090909090909090909090909090909090909090909090909090909090909090909090909090909090909090909090909090909090909090909090909090909090909090909090909090909090909090909090909090909090909090909090909090909090909090909090909090909090909090909
310
09090909090909090909090909090909090909090909090909090909090909090909090909090909090909090909090909090909090909090909090909090909090909090909090909090909090909090909090909090909090909090909090909090909090909090909090909090909090909090909090909090909090909
310
09090909090909090909090909090909090909090909090909090909090909090909090909090909090909090909090909090909090909090909090909090909090909090909090909090909090909090909090909090909090909090909090909090909090909090909090909090909090909090909090909090909090909
310
09090909090909090909090909090909090909090909090909090909090909090909090909090909090909090909090909090909090909090909090909090909090909090909090909090909090909090909090909090909090909090909090909090909090909090909090909090909090909090909090909090909090909
310
09090909090909090909090909090909090909090909090909090909090909090909090909090909090909090909090909090909090909090909090909090909090909090909090909090909090909090909090909090909090909090909090909090909090909090909090909090909090909090909090909090909090909
310
09090909090909090909090909090909090909090909090909090909090909090909090909090909090909090909090909090909090909090909090909090909090909090909090909090909090909090909090909090909090909090909090909090909090909090909090909090909090909090909090909090909090909
310
09090909090909090909090909090909090909090909090909090909090909090909090909090909090909090909090909090909090909090909090909090909090909090909090909090909090909090909090909090909090909090909090909090909090909090909090909090909090909090909090909090909090909
310
09090909090909090909090909090909090909090909090909090909090909090909090909090909090909090909090909090909090909090909090909090909090909090909090909090909090909090909090909090909090909090909090909090909090909090909090909090909090909090909090909090909090909
310
09090909090909090909090909090909090909090909090909090909090909090909090909090909090909090909090909090909090909090909090909090909090909090909090909090909090909090909090909090909090909090909090909090909090909090909090909090909090909090909090909090909090909
310
09090909090909090909090909090909090909090909090909090909090909090909090909090909090909090909090909090909090909090909090909090909090909090909090909090909090909090909090909090909090909090909090909090909090909090909090909090909090909090909090909090909090909
310
09090909090909090909090909090909090909090909090909090909090909090909090909090909090909090909090909090909090909090909090909090909090909090909090909090909090909090909090909090909090909090909090909090909090909090909090909090909090909090909090909090909090909
310
09090909090909090909090909090909090909090909090909090909090909090909090909090909090909090909090909090909090909090909090909090909090909090909090909090909090909090909090909090909090909090909090909090909090909090909090909090909090909090909090909090909090909
310
09090909090909090909090909090909090909090909090909090909090909090909090909090909090909090909090909090909090909090909090909090909090909090909090909090909090909090909090909090909090909090909090909090909090909090909090909090909090909090909090909090909090909
310
09090909090909090909090909090909090909090909090909090909090909090909090909090909090909090909090909090909090909090909090909090909090909090909090909090909090909090909090909090909090909090909090909090909090909090909090909090909090909090909090909090909090909
310
09090909090909090909090909090909090909090909090909090909090909090909090909090909090909090909090909090909090909090909090909090909090909090909090909090909090909090909090909090909090909090909090909090909090909090909090909090909090909090909090909090909090909
310
09090909090909090909090909090909090909090909090909090909090909090909090909090909090909090909090909090909090909090909090909090909090909090909090909090909090909090909090909090909090909090909090909090909090909090909090909090909090909090909090909090909090909
310
09090909090909090909090909090909090909090909090909090909090909090909090909090909090909090909090909090909090909090909090909090909090909090909090909090909090909090909090909090909090909090909090909090909090909090909090909090909090909090909090909090909090909
310
09090909090909090909090909090909090909090909090909090909090909090909090909090909090909090909090909090909090909090909090909090909090909090909090909090909090909090909090909090909090909090909090909090909090909090909090909090909090909090909090909090909090909
310
09090909090909090909090909090909090909090909090909090909090909090909090909090909090909090909090909090909090909090909090909090909090909090909090909090909090909090909090909090909090909090909090909090909090909090909090909090909090909090909090909090909090909
310
09090909090909090909090909090909090909090909090909090909090909090909090909090909090909090909090909090909090909090909090909090909090909090909090909090909090909090909090909090909090909090909090909090909090909090909090909090909090909090909090909090909090909
310
09090909090909090909090909090909090909090909090909090909090909090909090909090909090909090909090909090909090909090909090909090909090909090909090909090909090909090909090909090909090909090909090909090909090909090909090909090909090909090909090909090909090909
310
09090909090909090909090909090909090909090909090909090909090909090909090909090909090909090909090909090909090909090909090909090909090909090909090909090909090909090909090909090909090909090909090909090909090909090909090909090909090909090909090909090909090909
310
09090909090909090909090909090909090909090909090909090909090909090909090909090909090909090909090909090909090909090909090909090909090909090909090909090909090909090909090909090909090909090909090909090909090909090909090909090909090909090909090909090909090909
310
09090909090909090909090909090909090909090909090909090909090909090909090909090909090909090909090909090909090909090909090909090909090909090909090909090909090909090909090909090909090909090909090909090909090909090909090909090909090909090909090909090909090909
310
09090909090909090909090909090909090909090909090909090909090909090909090909090909090909090909090909090909090909090909090909090909090909090909090909090909090909090909090909090909090909090909090909090909090909090909090909090909090909090909090909090909090909
310
09090909090909090909090909090909090909090909090909090909090909090909090909090909090909090909090909090909090909090909090909090909090909090909090909090909090909090909090909090909090909090909090909090909090909090909090909090909090909090909090909090909090909
310
09090909090909090909090909090909090909090909090909090909090909090909090909090909090909090909090909090909090909090909090909090909090909090909090909090909090909090909090909090909090909090909090909090909090909090909090909090909090909090909090909090909090909
310
09090909090909090909090909090909090909090909090909090909090909090909090909090909090909090909090909090909090909090909090909090909090909090909090909090909090909090909090909090909090909090909090909090909090909090909090909090909090909090909090909090909090909
310
09090909090909090909090909090909090909090909090909090909090909090909090909090909090909090909090909090909090909090909090909090909090909090909090909090909090909090909090909090909090909090909090909090909090909090909090909090909090909090909090909090909090909
310
09090909090909090909090909090909090909090909090909090909090909090909090909090909090909090909090909090909090909090909090909090909090909090909090909090909090909090909090909090909090909090909090909090909090909090909090909090909090909090909090909090909090909
310
09090909090909090909090909090909090909090909090909090909090909090909090909090909090909090909090909090909090909090909090909090909090909090909090909090909090909090909090909090909090909090909090909090909090909090909090909090909090909090909090909090909090909
310
09090909090909090909090909090909090909090909090909090909090909090909090909090909090909090909090909090909090909090909090909090909090909090909090909090909090909090909090909090909090909090909090909090909090909090909090909090909090909090909090909090909090909
310
09090909090909090909090909090909090909090909090909090909090909090909090909090909090909090909090909090909090909090909090909090909090909090909090909090909090909090909090909090909090909090909090909090909090909090909090909090909090909090909090909090909090909
310
09090909090909090909090909090909090909090909090909090909090909090909090909090909090909090909090909090909090909090909090909090909090909090909090909090909090909090909090909090909090909090909090909090909090909090909090909090909090909090909090909090909090909
310
09090909090909090909090909090909090909090909090909090909090909090909090909090909090909090909090909090909090909090909090909090909090909090909090909090909090909090909090909090909090909090909090909090909090909090909090909090909090909090909090909090909090909
310
09090909090909090909090909090909090909090909090909090909090909090909090909090909090909090909090909090909090909090909090909090909090909090909090909090909090909090909090909090909090909090909090909090909090909090909090909090909090909090909090909090909090909
310
09090909090909090909090909090909090909090909090909090909090909090909090909090909090909090909090909090909090909090909090909090909090909090909090909090909090909090909090909090909090909090909090909090909090909090909090909090909090909090909090909090909090909
310
09090909090909090909090909090909090909090909090909090909090909090909090909090909090909090909090909090909090909090909090909090909090909090909090909090909090909090909090909090909090909090909090909090909090909090909090909090909090909090909090909090909090909
310
09090909090909090909090909090909090909090909090909090909090909090909090909090909090909090909090909090909090909090909090909090909090909090909090909090909090909090909090909090909090909090909090909090909090909090909090909090909090909090909090909090909090909
310
09090909090909090909090909090909090909090909090909090909090909090909090909090909090909090909090909090909090909090909090909090909090909090909090909090909090909090909090909090909090909090909090909090909090909090909090909090909090909090909090909090909090909
310
09090909090909090909090909090909090909090909090909090909090909090909090909090909090909090909090909090909090909090909090909090909090909090909090909090909090909090909090909090909090909090909090909090909090909090909090909090909090909090909090909090909090909
310
09090909090909090909090909090909090909090909090909090909090909090909090909090909090909090909090909090909090909090909090909090909090909090909090909090909090909090909090909090909090909090909090909090909090909090909090909090909090909090909090909090909090909
310
09090909090909090909090909090909090909090909090909090909090909090909090909090909090909090909090909090909090909090909090909090909090909090909090909090909090909090909090909090909090909090909090909090909090909090909090909090909090909090909090909090909090909
310
09090909090909090909090909090909090909090909090909090909090909090909090909090909090909090909090909090909090909090909090909090909090909090909090909090909090909090909090909090909090909090909090909090909090909090909090909090909090909090909090909090909090909
310
09090909090909090909090909090909090909090909090909090909090909090909090909090909090909090909090909090909090909090909090909090909090909090909090909090909090909090909090909090909090909090909090909090909090909090909090909090909090909090909090909090909090909
310
09090909090909090909090909090909090909090909090909090909090909090909090909090909090909090909090909090909090909090909090909090909090909090909090909090909090909090909090909090909090909090909090909090909090909090909090909090909090909090909090909090909090909
310
09090909090909090909090909090909090909090909090909090909090909090909090909090909090909090909090909090909090909090909090909090909090909090909090909090909090909090909090909090909090909090909090909090909090909090909090909090909090909090909090909090909090909
310
09090909090909090909090909090909090909090909090909090909090909090909090909090909090909090909090909090909090909090909090909090909090909090909090909090909090909090909090909090909090909090909090909090909090909090909090909090909090909090909090909090909090909
310
09090909090909090909090909090909090909090909090909090909090909090909090909090909090909090909090909090909090909090909090909090909090909090909090909090909090909090909090909090909090909090909090909090909090909090909090909090909090909090909090909090909090909
310
09090909090909090909090909090909090909090909090909090909090909090909090909090909090909090909090909090909090909090909090909090909090909090909090909090909090909090909090909090909090909090909090909090909090909090909090909090909090909090909090909090909090909
310
09090909090909090909090909090909090909090909090909090909090909090909090909090909090909090909090909090909090909090909090909090909090909090909090909090909090909090909090909090909090909090909090909090909090909090909090909090909090909090909090909090909090909
310
09090909090909090909090909090909090909090909090909090909090909090909090909090909090909090909090909090909090909090909090909090909090909090909090909090909090909090909090909090909090909090909090909090909090909090909090909090909090909090909090909090909090909
310
09090909090909090909090909090909090909090909090909090909090909090909090909090909090909090909090909090909090909090909090909090909090909090909090909090909090909090909090909090909090909090909090909090909090909090909090909090909090909090909090909090909090909
310
09090909090909090909090909090909090909090909090909090909090909090909090909090909090909090909090909090909090909090909090909090909090909090909090909090909090909090909090909090909090909090909090909090909090909090909090909090909090909090909090909090909090909
310
09090909090909090909090909090909090909090909090909090909090909090909090909090909090909090909090909090909090909090909090909090909090909090909090909090909090909090909090909090909090909090909090909090909090909090909090909090909090909090909090909090909090909
310
09090909090909090909090909090909090909090909090909090909090909090909090909090909090909090909090909090909090909090909090909090909090909090909090909090909090909090909090909090909090909090909090909090909090909090909090909090909090909090909090909090909090909
310
09090909090909090909090909090909090909090909090909090909090909090909090909090909090909090909090909090909090909090909090909090909090909090909090909090909090909090909090909090909090909090909090909090909090909090909090909090909090909090909090909090909090909
310
09090909090909090909090909090909090909090909090909090909090909090909090909090909090909090909090909090909090909090909090909090909090909090909090909090909090909090909090909090909090909090909090909090909090909090909090909090909090909090909090909090909090909
310
09090909090909090909090909090909090909090909090909090909090909090909090909090909090909090909090909090909090909090909090909090909090909090909090909090909090909090909090909090909090909090909090909090909090909090909090909090909090909090909090909090909090909
310
09090909090909090909090909090909090909090909090909090909090909090909090909090909090909090909090909090909090909090909090909090909090909090909090909090909090909090909090909090909090909090909090909090909090909090909090909090909090909090909090909090909090909
310
09090909090909090909090909090909090909090909090909090909090909090909090909090909090909090909090909090909090909090909090909090909090909090909090909090909090909090909090909090909090909090909090909090909090909090909090909090909090909090909090909090909090909
310
09090909090909090909090909090909090909090909090909090909090909090909090909090909090909090909090909090909090909090909090909090909090909090909090909090909090909090909090909090909090909090909090909090909090909090909090909090909090909090909090909090909090909
310
09090909090909090909090909090909090909090909090909090909090909090909090909090909090909090909090909090909090909090909090909090909090909090909090909090909090909090909090909090909090909090909090909090909090909090909090909090909090909090909090909090909090909
310
09090909090909090909090909090909090909090909090909090909090909090909090909090909090909090909090909090909090909090909090909090909090909090909090909090909090909090909090909090909090909090909090909090909090909090909090909090909090909090909090909090909090909
310
09090909090909090909090909090909090909090909090909090909090909090909090909090909090909090909090909090909090909090909090909090909090909090909090909090909090909090909090909090909090909090909090909090909090909090909090909090909090909090909090909090909090909
310
09090909090909090909090909090909090909090909090909090909090909090909090909090909090909090909090909090909090909090909090909090909090909090909090909090909090909090909090909090909090909090909090909090909090909090909090909090909090909090909090909090909090909
310
09090909090909090909090909090909090909090909090909090909090909090909090909090909090909090909090909090909090909090909090909090909090909090909090909090909090909090909090909090909090909090909090909090909090909090909090909090909090909090909090909090909090909
310
09090909090909090909090909090909090909090909090909090909090909090909090909090909090909090909090909090909090909090909090909090909090909090909090909090909090909090909090909090909090909090909090909090909090909090909090909090909090909090909090909090909090909
310
09090909090909090909090909090909090909090909090909090909090909090909090909090909090909090909090909090909090909090909090909090909090909090909090909090909090909090909090909090909090909090909090909090909090909090909090909090909090909090909090909090909090909
310
09090909090909090909090909090909090909090909090909090909090909090909090909090909090909090909090909090909090909090909090909090909090909090909090909090909090909090909090909090909090909090909090909090909090909090909090909090909090909090909090909090909090909
310
09090909090909090909090909090909090909090909090909090909090909090909090909090909090909090909090909090909090909090909090909090909090909090909090909090909090909090909090909090909090909090909090909090909090909090909090909090909090909090909090909090909090909
310
09090909090909090909090909090909090909090909090909090909090909090909090909090909090909090909090909090909090909090909090909090909090909090909090909090909090909090909090909090909090909090909090909090909090909090909090909090909090909090909090909090909090909
310
09090909090909090909090909090909090909090909090909090909090909090909090909090909090909090909090909090909090909090909090909090909090909090909090909090909090909090909090909090909090909090909090909090909090909090909090909090909090909090909090909090909090909
310
09090909090909090909090909090909090909090909090909090909090909090909090909090909090909090909090909090909090909090909090909090909090909090909090909090909090909090909090909090909090909090909090909090909090909090909090909090909090909090909090909090909090909
310
09090909090909090909090909090909090909090909090909090909090909090909090909090909090909090909090909090909090909090909090909090909090909090909090909090909090909090909090909090909090909090909090909090909090909090909090909090909090909090909090909090909090909
310
09090909090909090909090909090909090909090909090909090909090909090909090909090909090909090909090909090909090909090909090909090909090909090909090909090909090909090909090909090909090909090909090909090909090909090909090909090909090909090909090909090909090909
310
09090909090909090909090909090909090909090909090909090909090909090909090909090909090909090909090909090909090909090909090909090909090909090909090909090909090909090909090909090909090909090909090909090909090909090909090909090909090909090909090909090909090909
310
09090909090909090909090909090909090909090909090909090909090909090909090909090909090909090909090909090909090909090909090909090909090909090909090909090909090909090909090909090909090909090909090909090909090909090909090909090909090909090909090909090909090909
310
09090909090909090909090909090909090909090909090909090909090909090909090909090909090909090909090909090909090909090909090909090909090909090909090909090909090909090909090909090909090909090909090909090909090909090909090909090909090909090909090909090909090909
310
09090909090909090909090909090909090909090909090909090909090909090909090909090909090909090909090909090909090909090909090909090909090909090909090909090909090909090909090909090909090909090909090909090909090909090909090909090909090909090909090909090909090909
310
09090909090909090909090909090909090909090909090909090909090909090909090909090909090909090909090909090909090909090909090909090909090909090909090909090909090909090909090909090909090909090909090909090909090909090909090909090909090909090909090909090909090909
310
09090909090909090909090909090909090909090909090909090909090909090909090909090909090909090909090909090909090909090909090909090909090909090909090909090909090909090909090909090909090909090909090909090909090909090909090909090909090909090909090909090909090909
310
09090909090909090909090909090909090909090909090909090909090909090909090909090909090909090909090909090909090909090909090909090909090909090909090909090909090909090909090909090909090909090909090909090909090909090909090909090909090909090909090909090909090909
310
09090909090909090909090909090909090909090909090909090909090909090909090909090909090909090909090909090909090909090909090909090909090909090909090909090909090909090909090909090909090909090909090909090909090909090909090909090909090909090909090909090909090909
310
09090909090909090909090909090909090909090909090909090909090909090909090909090909090909090909090909090909090909090909090909090909090909090909090909090909090909090909090909090909090909090909090909090909090909090909090909090909090909090909090909090909090909
310
09090909090909090909090909090909090909090909090909090909090909090909090909090909090909090909090909090909090909090909090909090909090909090909090909090909090909090909090909090909090909090909090909090909090909090909090909090909090909090909090909090909090909
310
09090909090909090909090909090909090909090909090909090909090909090909090909090909090909090909090909090909090909090909090909090909090909090909090909090909090909090909090909090909090909090909090909090909090909090909090909090909090909090909090909090909090909
310
09090909090909090909090909090909090909090909090909090909090909090909090909090909090909090909090909090909090909090909090909090909090909090909090909090909090909090909090909090909090909090909090909090909090909090909090909090909090909090909090909090909090909
310
09090909090909090909090909090909090909090909090909090909090909090909090909090909090909090909090909090909090909090909090909090909090909090909090909090909090909090909090909090909090909090909090909090909090909090909090909090909090909090909090909090909090909
310
09090909090909090909090909090909090909090909090909090909090909090909090909090909090909090909090909090909090909090909090909090909090909090909090909090909090909090909090909090909090909090909090909090909090909090909090909090909090909090909090909090909090909
310
09090909090909090909090909090909090909090909090909090909090909090909090909090909090909090909090909090909090909090909090909090909090909090909090909090909090909090909090909090909090909090909090909090909090909090909090909090909090909090909090909090909090909
310
09090909090909090909090909090909090909090909090909090909090909090909090909090909090909090909090909090909090909090909090909090909090909090909090909090909090909090909090909090909090909090909090909090909090909090909090909090909090909090909090909090909090909
310
09090909090909090909090909090909090909090909090909090909090909090909090909090909090909090909090909090909090909090909090909090909090909090909090909090909090909090909090909090909090909090909090909090909090909090909090909090909090909090909090909090909090909
310
09090909090909090909090909090909090909090909090909090909090909090909090909090909090909090909090909090909090909090909090909090909090909090909090909090909090909090909090909090909090909090909090909090909090909090909090909090909090909090909090909090909090909
310
09090909090909090909090909090909090909090909090909090909090909090909090909090909090909090909090909090909090909090909090909090909090909090909090909090909090909090909090909090909090909090909090909090909090909090909090909090909090909090909090909090909090909
310
09090909090909090909090909090909090909090909090909090909090909090909090909090909090909090909090909090909090909090909090909090909090909090909090909090909090909090909090909090909090909090909090909090909090909090909090909090909090909090909090909090909090909
310
09090909090909090909090909090909090909090909090909090909090909090909090909090909090909090909090909090909090909090909090909090909090909090909090909090909090909090909090909090909090909090909090909090909090909090909090909090909090909090909090909090909090909
310
09090909090909090909090909090909090909090909090909090909090909090909090909090909090909090909090909090909090909090909090909090909090909090909090909090909090909090909090909090909090909090909090909090909090909090909090909090909090909090909090909090909090909
310
09090909090909090909090909090909090909090909090909090909090909090909090909090909090909090909090909090909090909090909090909090909090909090909090909090909090909090909090909090909090909090909090909090909090909090909090909090909090909090909090909090909090909
310
09090909090909090909090909090909090909090909090909090909090909090909090909090909090909090909090909090909090909090909090909090909090909090909090909090909090909090909090909090909090909090909090909090909090909090909090909090909090909090909090909090909090909
310
09090909090909090909090909090909090909090909090909090909090909090909090909090909090909090909090909090909090909090909090909090909090909090909090909090909090909090909090909090909090909090909090909090909090909090909090909090909090909090909090909090909090909
310
09090909090909090909090909090909090909090909090909090909090909090909090909090909090909090909090909090909090909090909090909090909090909090909090909090909090909090909090909090909090909090909090909090909090909090909090909090909090909090909090909090909090909
310
09090909090909090909090909090909090909090909090909090909090909090909090909090909090909090909090909090909090909090909090909090909090909090909090909090909090909090909090909090909090909090909090909090909090909090909090909090909090909090909090909090909090909
310
09090909090909090909090909090909090909090909090909090909090909090909090909090909090909090909090909090909090909090909090909090909090909090909090909090909090909090909090909090909090909090909090909090909090909090909090909090909090909090909090909090909090909
310
09090909090909090909090909090909090909090909090909090909090909090909090909090909090909090909090909090909090909090909090909090909090909090909090909090909090909090909090909090909090909090909090909090909090909090909090909090909090909090909090909090909090909
310
09090909090909090909090909090909090909090909090909090909090909090909090909090909090909090909090909090909090909090909090909090909090909090909090909090909090909090909090909090909090909090909090909090909090909090909090909090909090909090909090909090909090909
310
09090909090909090909090909090909090909090909090909090909090909090909090909090909090909090909090909090909090909090909090909090909090909090909090909090909090909090909090909090909090909090909090909090909090909090909090909090909090909090909090909090909090909
310
09090909090909090909090909090909090909090909090909090909090909090909090909090909090909090909090909090909090909090909090909090909090909090909090909090909090909090909090909090909090909090909090909090909090909090909090909090909090909090909090909090909090909
310
09090909090909090909090909090909090909090909090909090909090909090909090909090909090909090909090909090909090909090909090909090909090909090909090909090909090909090909090909090909090909090909090909090909090909090909090909090909090909090909090909090909090909
310
09090909090909090909090909090909090909090909090909090909090909090909090909090909090909090909090909090909090909090909090909090909090909090909090909090909090909090909090909090909090909090909090909090909090909090909090909090909090909090909090909090909090909
310
09090909090909090909090909090909090909090909090909090909090909090909090909090909090909090909090909090909090909090909090909090909090909090909090909090909090909090909090909090909090909090909090909090909090909090909090909090909090909090909090909090909090909
310
09090909090909090909090909090909090909090909090909090909090909090909090909090909090909090909090909090909090909090909090909090909090909090909090909090909090909090909090909090909090909090909090909090909090909090909090909090909090909090909090909090909090909
310
09090909090909090909090909090909090909090909090909090909090909090909090909090909090909090909090909090909090909090909090909090909090909090909090909090909090909090909090909090909090909090909090909090909090909090909090909090909090909090909090909090909090909
310
09090909090909090909090909090909090909090909090909090909090909090909090909090909090909090909090909090909090909090909090909090909090909090909090909090909090909090909090909090909090909090909090909090909090909090909090909090909090909090909090909090909090909
310
09090909090909090909090909090909090909090909090909090909090909090909090909090909090909090909090909090909090909090909090909090909090909090909090909090909090909090909090909090909090909090909090909090909090909090909090909090909090909090909090909090909090909
310
09090909090909090909090909090909090909090909090909090909090909090909090909090909090909090909090909090909090909090909090909090909090909090909090909090909090909090909090909090909090909090909090909090909090909090909090909090909090909090909090909090909090909
310
09090909090909090909090909090909090909090909090909090909090909090909090909090909090909090909090909090909090909090909090909090909090909090909090909090909090909090909090909090909090909090909090909090909090909090909090909090909090909090909090909090909090909
310
09090909090909090909090909090909090909090909090909090909090909090909090909090909090909090909090909090909090909090909090909090909090909090909090909090909090909090909090909090909090909090909090909090909090909090909090909090909090909090909090909090909090909
310
09090909090909090909090909090909090909090909090909090909090909090909090909090909090909090909090909090909090909090909090909090909090909090909090909090909090909090909090909090909090909090909090909090909090909090909090909090909090909090909090909090909090909
310
09090909090909090909090909090909090909090909090909090909090909090909090909090909090909090909090909090909090909090909090909090909090909090909090909090909090909090909090909090909090909090909090909090909090909090909090909090909090909090909090909090909090909
310
09090909090909090909090909090909090909090909090909090909090909090909090909090909090909090909090909090909090909090909090909090909090909090909090909090909090909090909090909090909090909090909090909090909090909090909090909090909090909090909090909090909090909
310
09090909090909090909090909090909090909090909090909090909090909090909090909090909090909090909090909090909090909090909090909090909090909090909090909090909090909090909090909090909090909090909090909090909090909090909090909090909090909090909090909090909090909
310
09090909090909090909090909090909090909090909090909090909090909090909090909090909090909090909090909090909090909090909090909090909090909090909090909090909090909090909090909090909090909090909090909090909090909090909090909090909090909090909090909090909090909
310
09090909090909090909090909090909090909090909090909090909090909090909090909090909090909090909090909090909090909090909090909090909090909090909090909090909090909090909090909090909090909090909090909090909090909090909090909090909090909090909090909090909090909
310
09090909090909090909090909090909090909090909090909090909090909090909090909090909090909090909090909090909090909090909090909090909090909090909090909090909090909090909090909090909090909090909090909090909090909090909090909090909090909090909090909090909090909
310
09090909090909090909090909090909090909090909090909090909090909090909090909090909090909090909090909090909090909090909090909090909090909090909090909090909090909090909090909090909090909090909090909090909090909090909090909090909090909090909090909090909090909
310
09090909090909090909090909090909090909090909090909090909090909090909090909090909090909090909090909090909090909090909090909090909090909090909090909090909090909090909090909090909090909090909090909090909090909090909090909090909090909090909090909090909090909
310
09090909090909090909090909090909090909090909090909090909090909090909090909090909090909090909090909090909090909090909090909090909090909090909090909090909090909090909090909090909090909090909090909090909090909090909090909090909090909090909090909090909090909
310
09090909090909090909090909090909090909090909090909090909090909090909090909090909090909090909090909090909090909090909090909090909090909090909090909090909090909090909090909090909090909090909090909090909090909090909090909090909090909090909090909090909090909
310
09090909090909090909090909090909090909090909090909090909090909090909090909090909090909090909090909090909090909090909090909090909090909090909090909090909090909090909090909090909090909090909090909090909090909090909090909090909090909090909090909090909090909
310
09090909090909090909090909090909090909090909090909090909090909090909090909090909090909090909090909090909090909090909090909090909090909090909090909090909090909090909090909090909090909090909090909090909090909090909090909090909090909090909090909090909090909
310
09090909090909090909090909090909090909090909090909090909090909090909090909090909090909090909090909090909090909090909090909090909090909090909090909090909090909090909090909090909090909090909090909090909090909090909090909090909090909090909090909090909090909
310
09090909090909090909090909090909090909090909090909090909090909090909090909090909090909090909090909090909090909090909090909090909090909090909090909090909090909090909090909090909090909090909090909090909090909090909090909090909090909090909090909090909090909
310
09090909090909090909090909090909090909090909090909090909090909090909090909090909090909090909090909090909090909090909090909090909090909090909090909090909090909090909090909090909090909090909090909090909090909090909090909090909090909090909090909090909090909
310
09090909090909090909090909090909090909090909090909090909090909090909090909090909090909090909090909090909090909090909090909090909090909090909090909090909090909090909090909090909090909090909090909090909090909090909090909090909090909090909090909090909090909
310
09090909090909090909090909090909090909090909090909090909090909090909090909090909090909090909090909090909090909090909090909090909090909090909090909090909090909090909090909090909090909090909090909090909090909090909090909090909090909090909090909090909090909
310
09090909090909090909090909090909090909090909090909090909090909090909090909090909090909090909090909090909090909090909090909090909090909090909090909090909090909090909090909090909090909090909090909090909090909090909090909090909090909090909090909090909090909
310
09090909090909090909090909090909090909090909090909090909090909090909090909090909090909090909090909090909090909090909090909090909090909090909090909090909090909090909090909090909090909090909090909090909090909090909090909090909090909090909090909090909090909
310
09090909090909090909090909090909090909090909090909090909090909090909090909090909090909090909090909090909090909090909090909090909090909090909090909090909090909090909090909090909090909090909090909090909090909090909090909090909090909090909090909090909090909
310
09090909090909090909090909090909090909090909090909090909090909090909090909090909090909090909090909090909090909090909090909090909090909090909090909090909090909090909090909090909090909090909090909090909090909090909090909090909090909090909090909090909090909
310
09090909090909090909090909090909090909090909090909090909090909090909090909090909090909090909090909090909090909090909090909090909090909090909090909090909090909090909090909090909090909090909090909090909090909090909090909090909090909090909090909090909090909
310
09090909090909090909090909090909090909090909090909090909090909090909090909090909090909090909090909090909090909090909090909090909090909090909090909090909090909090909090909090909090909090909090909090909090909090909090909090909090909090909090909090909090909
310
09090909090909090909090909090909090909090909090909090909090909090909090909090909090909090909090909090909090909090909090909090909090909090909090909090909090909090909090909090909090909090909090909090909090909090909090909090909090909090909090909090909090909
310
09090909090909090909090909090909090909090909090909090909090909090909090909090909090909090909090909090909090909090909090909090909090909090909090909090909090909090909090909090909090909090909090909090909090909090909090909090909090909090909090909090909090909
310
09090909090909090909090909090909090909090909090909090909090909090909090909090909090909090909090909090909090909090909090909090909090909090909090909090909090909090909090909090909090909090909090909090909090909090909090909090909090909090909090909090909090909
310
09090909090909090909090909090909090909090909090909090909090909090909090909090909090909090909090909090909090909090909090909090909090909090909090909090909090909090909090909090909090909090909090909090909090909090909090909090909090909090909090909090909090909
310
09090909090909090909090909090909090909090909090909090909090909090909090909090909090909090909090909090909090909090909090909090909090909090909090909090909090909090909090909090909090909090909090909090909090909090909090909090909090909090909090909090909090909
310
09090909090909090909090909090909090909090909090909090909090909090909090909090909090909090909090909090909090909090909090909090909090909090909090909090909090909090909090909090909090909090909090909090909090909090909090909090909090909090909090909090909090909
310
09090909090909090909090909090909090909090909090909090909090909090909090909090909090909090909090909090909090909090909090909090909090909090909090909090909090909090909090909090909090909090909090909090909090909090909090909090909090909090909090909090909090909
310
09090909090909090909090909090909090909090909090909090909090909090909090909090909090909090909090909090909090909090909090909090909090909090909090909090909090909090909090909090909090909090909090909090909090909090909090909090909090909090909090909090909090909
310
09090909090909090909090909090909090909090909090909090909090909090909090909090909090909090909090909090909090909090909090909090909090909090909090909090909090909090909090909090909090909090909090909090909090909090909090909090909090909090909090909090909090909
310
09090909090909090909090909090909090909090909090909090909090909090909090909090909090909090909090909090909090909090909090909090909090909090909090909090909090909090909090909090909090909090909090909090909090909090909090909090909090909090909090909090909090909
310
09090909090909090909090909090909090909090909090909090909090909090909090909090909090909090909090909090909090909090909090909090909090909090909090909090909090909090909090909090909090909090909090909090909090909090909090909090909090909090909090909090909090909
310
09090909090909090909090909090909090909090909090909090909090909090909090909090909090909090909090909090909090909090909090909090909090909090909090909090909090909090909090909090909090909090909090909090909090909090909090909090909090909090909090909090909090909
310
09090909090909090909090909090909090909090909090909090909090909090909090909090909090909090909090909090909090909090909090909090909090909090909090909090909090909090909090909090909090909090909090909090909090909090909090909090909090909090909090909090909090909
310
09090909090909090909090909090909090909090909090909090909090909090909090909090909090909090909090909090909090909090909090909090909090909090909090909090909090909090909090909090909090909090909090909090909090909090909090909090909090909090909090909090909090909
310
09090909090909090909090909090909090909090909090909090909090909090909090909090909090909090909090909090909090909090909090909090909090909090909090909090909090909090909090909090909090909090909090909090909090909090909090909090909090909090909090909090909090909
310
09090909090909090909090909090909090909090909090909090909090909090909090909090909090909090909090909090909090909090909090909090909090909090909090909090909090909090909090909090909090909090909090909090909090909090909090909090909090909090909090909090909090909
310
09090909090909090909090909090909090909090909090909090909090909090909090909090909090909090909090909090909090909090909090909090909090909090909090909090909090909090909090909090909090909090909090909090909090909090909090909090909090909090909090909090909090909
310
09090909090909090909090909090909090909090909090909090909090909090909090909090909090909090909090909090909090909090909090909090909090909090909090909090909090909090909090909090909090909090909090909090909090909090909090909090909090909090909090909090909090909
310
09090909090909090909090909090909090909090909090909090909090909090909090909090909090909090909090909090909090909090909090909090909090909090909090909090909090909090909090909090909090909090909090909090909090909090909090909090909090909090909090909090909090909
310
09090909090909090909090909090909090909090909090909090909090909090909090909090909090909090909090909090909090909090909090909090909090909090909090909090909090909090909090909090909090909090909090909090909090909090909090909090909090909090909090909090909090909
310
09090909090909090909090909090909090909090909090909090909090909090909090909090909090909090909090909090909090909090909090909090909090909090909090909090909090909090909090909090909090909090909090909090909090909090909090909090909090909090909090909090909090909
310
09090909090909090909090909090909090909090909090909090909090909090909090909090909090909090909090909090909090909090909090909090909090909090909090909090909090909090909090909090909090909090909090909090909090909090909090909090909090909090909090909090909090909
310
09090909090909090909090909090909090909090909090909090909090909090909090909090909090909090909090909090909090909090909090909090909090909090909090909090909090909090909090909090909090909090909090909090909090909090909090909090909090909090909090909090909090909
310
09090909090909090909090909090909090909090909090909090909090909090909090909090909090909090909090909090909090909090909090909090909090909090909090909090909090909090909090909090909090909090909090909090909090909090909090909090909090909090909090909090909090909
310
09090909090909090909090909090909090909090909090909090909090909090909090909090909090909090909090909090909090909090909090909090909090909090909090909090909090909090909090909090909090909090909090909090909090909090909090909090909090909090909090909090909090909
310
09090909090909090909090909090909090909090909090909090909090909090909090909090909090909090909090909090909090909090909090909090909090909090909090909090909090909090909090909090909090909090909090909090909090909090909090909090909090909090909090909090909090909
310
09090909090909090909090909090909090909090909090909090909090909090909090909090909090909090909090909090909090909090909090909090909090909090909090909090909090909090909090909090909090909090909090909090909090909090909090909090909090909090909090909090909090909
310
09090909090909090909090909090909090909090909090909090909090909090909090909090909090909090909090909090909090909090909090909090909090909090909090909090909090909090909090909090909090909090909090909090909090909090909090909090909090909090909090909090909090909
310
09090909090909090909090909090909090909090909090909090909090909090909090909090909090909090909090909090909090909090909090909090909090909090909090909090909090909090909090909090909090909090909090909090909090909090909090909090909090909090909090909090909090909
310
09090909090909090909090909090909090909090909090909090909090909090909090909090909090909090909090909090909090909090909090909090909090909090909090909090909090909090909090909090909090909090909090909090909090909090909090909090909090909090909090909090909090909
310
09090909090909090909090909090909090909090909090909090909090909090909090909090909090909090909090909090909090909090909090909090909090909090909090909090909090909090909090909090909090909090909090909090909090909090909090909090909090909090909090909090909090909
310
09090909090909090909090909090909090909090909090909090909090909090909090909090909090909090909090909090909090909090909090909090909090909090909090909090909090909090909090909090909090909090909090909090909090909090909090909090909090909090909090909090909090909
310
09090909090909090909090909090909090909090909090909090909090909090909090909090909090909090909090909090909090909090909090909090909090909090909090909090909090909090909090909090909090909090909090909090909090909090909090909090909090909090909090909090909090909
310
09090909090909090909090909090909090909090909090909090909090909090909090909090909090909090909090909090909090909090909090909090909090909090909090909090909090909090909090909090909090909090909090909090909090909090909090909090909090909090909090909090909090909
310
09090909090909090909090909090909090909090909090909090909090909090909090909090909090909090909090909090909090909090909090909090909090909090909090909090909090909090909090909090909090909090909090909090909090909090909090909090909090909090909090909090909090909
310
09090909090909090909090909090909090909090909090909090909090909090909090909090909090909090909090909090909090909090909090909090909090909090909090909090909090909090909090909090909090909090909090909090909090909090909090909090909090909090909090909090909090909
310
09090909090909090909090909090909090909090909090909090909090909090909090909090909090909090909090909090909090909090909090909090909090909090909090909090909090909090909090909090909090909090909090909090909090909090909090909090909090909090909090909090909090909
310
09090909090909090909090909090909090909090909090909090909090909090909090909090909090909090909090909090909090909090909090909090909090909090909090909090909090909090909090909090909090909090909090909090909090909090909090909090909090909090909090909090909090909
310
09090909090909090909090909090909090909090909090909090909090909090909090909090909090909090909090909090909090909090909090909090909090909090909090909090909090909090909090909090909090909090909090909090909090909090909090909090909090909090909090909090909090909
310
09090909090909090909090909090909090909090909090909090909090909090909090909090909090909090909090909090909090909090909090909090909090909090909090909090909090909090909090909090909090909090909090909090909090909090909090909090909090909090909090909090909090909
310
09090909090909090909090909090909090909090909090909090909090909090909090909090909090909090909090909090909090909090909090909090909090909090909090909090909090909090909090909090909090909090909090909090909090909090909090909090909090909090909090909090909090909
310
09090909090909090909090909090909090909090909090909090909090909090909090909090909090909090909090909090909090909090909090909090909090909090909090909090909090909090909090909090909090909090909090909090909090909090909090909090909090909090909090909090909090909
310
09090909090909090909090909090909090909090909090909090909090909090909090909090909090909090909090909090909090909090909090909090909090909090909090909090909090909090909090909090909090909090909090909090909090909090909090909090909090909090909090909090909090909
310
09090909090909090909090909090909090909090909090909090909090909090909090909090909090909090909090909090909090909090909090909090909090909090909090909090909090909090909090909090909090909090909090909090909090909090909090909090909090909090909090909090909090909
310
09090909090909090909090909090909090909090909090909090909090909090909090909090909090909090909090909090909090909090909090909090909090909090909090909090909090909090909090909090909090909090909090909090909090909090909090909090909090909090909090909090909090909
310
09090909090909090909090909090909090909090909090909090909090909090909090909090909090909090909090909090909090909090909090909090909090909090909090909090909090909090909090909090909090909090909090909090909090909090909090909090909090909090909090909090909090909
310
09090909090909090909090909090909090909090909090909090909090909090909090909090909090909090909090909090909090909090909090909090909090909090909090909090909090909090909090909090909090909090909090909090909090909090909090909090909090909090909090909090909090909
310
09090909090909090909090909090909090909090909090909090909090909090909090909090909090909090909090909090909090909090909090909090909
  0
ENDSEC
  0
EOF
